index,dataset,text_token_count,image_count,image_tokens_total,total_tokens,image_details,text_tokens_list,question
1,MathVista_MINI,272,1,1226,1498,"[{'original_size': (1514, 720), 'target_size': (1428, 672), 'patches_h': 24, 'patches_w': 51, 'total_patches': 1224, 'image_tokens': 1224, 'total_image_tokens': 1226, 'patch_size': 28}]","[151644, 8948, 198, 2610, 525, 264, 10950, 17847, 13, 151645, 198, 151644, 872, 198, 151652, 151655, 151653, 26987, 25, 5209, 4226, 279, 3405, 22703, 264, 19057, 16574, 1372, 448, 825, 12122, 1992, 323, 3410, 279, 1590, 897, 11, 384, 1302, 2572, 220, 16, 13, 17, 11, 220, 16, 13, 18]","Hint: Please answer the question requiring a floating-point number with one decimal place and provide the final value, e.g., 1.2, 1.3, 1.4, at the end.
Question: When a spring does work on an object, we cannot find the work by simply multiplying the spring force by the object's displacement. The reason is that there is no one value for the force-it changes. However, we can split the displacement up into an infinite number of tiny parts and then approximate the force in each as being constant. Integration sums the work done in all those parts. Here we use the generic result of the integration.

In Figure, a cumin canister of mass $m=0.40 \mathrm{~kg}$ slides across a horizontal frictionless counter with speed $v=0.50 \mathrm{~m} / \mathrm{s}$. It then runs into and compresses a spring of spring constant $k=750 \mathrm{~N} / \mathrm{m}$. When the canister is momentarily stopped by the spring, by what distance $d$ is the spring compressed?"
2,MathVista_MINI,85,1,1001,1086,"[{'original_size': (1024, 768), 'target_size': (1036, 756), 'patches_h': 27, 'patches_w': 37, 'total_patches': 999, 'image_tokens': 999, 'total_image_tokens': 1001, 'patch_size': 28}]","[151644, 8948, 198, 2610, 525, 264, 10950, 17847, 13, 151645, 198, 151644, 872, 198, 151652, 151655, 151653, 26987, 25, 5209, 4226, 279, 3405, 22703, 458, 7546, 4226, 323, 3410, 279, 1590, 897, 11, 384, 1302, 2572, 220, 16, 11, 220, 17, 11, 220, 18, 11, 518, 279, 835, 624, 14582]","Hint: Please answer the question requiring an integer answer and provide the final value, e.g., 1, 2, 3, at the end.
Question: what is the total volume of the measuring cup? (Unit: g)"
3,MathVista_MINI,135,1,12,147,"[{'original_size': (131, 60), 'target_size': (140, 56), 'patches_h': 2, 'patches_w': 5, 'total_patches': 10, 'image_tokens': 10, 'total_image_tokens': 12, 'patch_size': 28}]","[151644, 8948, 198, 2610, 525, 264, 10950, 17847, 13, 151645, 198, 151644, 872, 198, 151652, 151655, 151653, 26987, 25, 5209, 4226, 279, 3405, 323, 3410, 279, 4396, 2999, 6524, 11, 384, 1302, 2572, 362, 11, 425, 11, 356, 11, 422, 11, 518, 279, 835, 624, 14582, 25, 14520, 111, 25411]","Hint: Please answer the question and provide the correct option letter, e.g., A, B, C, D, at the end.
Question: △ABC的两内角平分线OB、OC相交于点O，若∠A＝110°，则∠BOC＝（）
Choices:
(A) 135°
(B) 140°
(C) 145°
(D) 150°"
4,MathVista_MINI,88,1,101,189,"[{'original_size': (320, 240), 'target_size': (308, 252), 'patches_h': 9, 'patches_w': 11, 'total_patches': 99, 'image_tokens': 99, 'total_image_tokens': 101, 'patch_size': 28}]","[151644, 8948, 198, 2610, 525, 264, 10950, 17847, 13, 151645, 198, 151644, 872, 198, 151652, 151655, 151653, 26987, 25, 5209, 4226, 279, 3405, 22703, 458, 7546, 4226, 323, 3410, 279, 1590, 897, 11, 384, 1302, 2572, 220, 16, 11, 220, 17, 11, 220, 18, 11, 518, 279, 835, 624, 14582]","Hint: Please answer the question requiring an integer answer and provide the final value, e.g., 1, 2, 3, at the end.
Question: Subtract all large rubber spheres. Subtract all big shiny cylinders. How many objects are left?"
5,MathVista_MINI,102,1,110,212,"[{'original_size': (322, 245), 'target_size': (336, 252), 'patches_h': 9, 'patches_w': 12, 'total_patches': 108, 'image_tokens': 108, 'total_image_tokens': 110, 'patch_size': 28}]","[151644, 8948, 198, 2610, 525, 264, 10950, 17847, 13, 151645, 198, 151644, 872, 198, 151652, 151655, 151653, 26987, 25, 5209, 4226, 279, 3405, 323, 3410, 279, 4396, 2999, 6524, 11, 384, 1302, 2572, 362, 11, 425, 11, 356, 11, 422, 11, 518, 279, 835, 624, 14582, 25, 7379, 400, 76]","Hint: Please answer the question and provide the correct option letter, e.g., A, B, C, D, at the end.
Question: Find $m\angle H$
Choices:
(A) 97
(B) 102
(C) 107
(D) 122"
6,MathVista_MINI,128,1,9,137,"[{'original_size': (203, 30), 'target_size': (196, 28), 'patches_h': 1, 'patches_w': 7, 'total_patches': 7, 'image_tokens': 7, 'total_image_tokens': 9, 'patch_size': 28}]","[151644, 8948, 198, 2610, 525, 264, 10950, 17847, 13, 151645, 198, 151644, 872, 198, 151652, 151655, 151653, 26987, 25, 5209, 4226, 279, 3405, 323, 3410, 279, 4396, 2999, 6524, 11, 384, 1302, 2572, 362, 11, 425, 11, 356, 11, 422, 11, 518, 279, 835, 624, 14582, 25, 1634, 6839, 304]","Hint: Please answer the question and provide the correct option letter, e.g., A, B, C, D, at the end.
Question: As shown in the figure, if CB = 4.0, DB = 7.0, and D is the midpoint of AC, then the length of AC is ()
Choices:
(A) 6cm
(B) 7cm
(C) 4cm
(D) 5cm"
7,MathVista_MINI,113,1,51,164,"[{'original_size': (203, 204), 'target_size': (196, 196), 'patches_h': 7, 'patches_w': 7, 'total_patches': 49, 'image_tokens': 49, 'total_image_tokens': 51, 'patch_size': 28}]","[151644, 8948, 198, 2610, 525, 264, 10950, 17847, 13, 151645, 198, 151644, 872, 198, 151652, 151655, 151653, 26987, 25, 5209, 4226, 279, 3405, 323, 3410, 279, 4396, 2999, 6524, 11, 384, 1302, 2572, 362, 11, 425, 11, 356, 11, 422, 11, 518, 279, 835, 624, 14582, 25, 3555, 882, 374]","Hint: Please answer the question and provide the correct option letter, e.g., A, B, C, D, at the end.
Question: What time is shown? Answer by typing a time word, not a number. It is (_) after eight.
Choices:
(A) half
(B) quarter
(C) o'clock
(D) quarter to
(E) quarter past"
8,MathVista_MINI,111,1,393,504,"[{'original_size': (640, 480), 'target_size': (644, 476), 'patches_h': 17, 'patches_w': 23, 'total_patches': 391, 'image_tokens': 391, 'total_image_tokens': 393, 'patch_size': 28}]","[151644, 8948, 198, 2610, 525, 264, 10950, 17847, 13, 151645, 198, 151644, 872, 198, 151652, 151655, 151653, 26987, 25, 5209, 4226, 279, 3405, 323, 3410, 279, 4396, 2999, 6524, 11, 384, 1302, 2572, 362, 11, 425, 11, 356, 11, 422, 11, 518, 279, 835, 624, 14582, 25, 2160, 279, 1372]","Hint: Please answer the question and provide the correct option letter, e.g., A, B, C, D, at the end.
Question: Is the number of tiny gray bicycles that are on the left side of the brown metal sedan greater than the number of things that are to the left of the tiny green bicycle?
Choices:
(A) Yes
(B) No"
9,MathVista_MINI,140,1,32,172,"[{'original_size': (134, 155), 'target_size': (140, 168), 'patches_h': 6, 'patches_w': 5, 'total_patches': 30, 'image_tokens': 30, 'total_image_tokens': 32, 'patch_size': 28}]","[151644, 8948, 198, 2610, 525, 264, 10950, 17847, 13, 151645, 198, 151644, 872, 198, 151652, 151655, 151653, 26987, 25, 5209, 4226, 279, 3405, 323, 3410, 279, 4396, 2999, 6524, 11, 384, 1302, 2572, 362, 11, 425, 11, 356, 11, 422, 11, 518, 279, 835, 624, 14582, 25, 69372, 28029, 99639]","Hint: Please answer the question and provide the correct option letter, e.g., A, B, C, D, at the end.
Question: 如图是一株美丽的勾股树，其中所有四边形都是正方形，所有的三角形都是直角三角形，若正方形A、B的面积分别为5、3，则最大正方形C的面积是（）
Choices:
(A) 15
(B) 13
(C) 11
(D) 8"
10,MathVista_MINI,93,1,197,290,"[{'original_size': (376, 418), 'target_size': (364, 420), 'patches_h': 15, 'patches_w': 13, 'total_patches': 195, 'image_tokens': 195, 'total_image_tokens': 197, 'patch_size': 28}]","[151644, 8948, 198, 2610, 525, 264, 10950, 17847, 13, 151645, 198, 151644, 872, 198, 151652, 151655, 151653, 26987, 25, 5209, 4226, 279, 3405, 323, 3410, 279, 4396, 2999, 6524, 11, 384, 1302, 2572, 362, 11, 425, 11, 356, 11, 422, 11, 518, 279, 835, 624, 14582, 25, 15920, 1633, 4041]","Hint: Please answer the question and provide the correct option letter, e.g., A, B, C, D, at the end.
Question: Which object comes next?
Choices:
(A) A
(B) B
(C) C
(D) D
(E) E"
11,MathVista_MINI,87,1,101,188,"[{'original_size': (320, 240), 'target_size': (308, 252), 'patches_h': 9, 'patches_w': 11, 'total_patches': 99, 'image_tokens': 99, 'total_image_tokens': 101, 'patch_size': 28}]","[151644, 8948, 198, 2610, 525, 264, 10950, 17847, 13, 151645, 198, 151644, 872, 198, 151652, 151655, 151653, 26987, 25, 5209, 4226, 279, 3405, 22703, 458, 7546, 4226, 323, 3410, 279, 1590, 897, 11, 384, 1302, 2572, 220, 16, 11, 220, 17, 11, 220, 18, 11, 518, 279, 835, 624, 14582]","Hint: Please answer the question requiring an integer answer and provide the final value, e.g., 1, 2, 3, at the end.
Question: Subtract all red things. Subtract all tiny matte balls. How many objects are left?"
12,MathVista_MINI,85,1,393,478,"[{'original_size': (640, 480), 'target_size': (644, 476), 'patches_h': 17, 'patches_w': 23, 'total_patches': 391, 'image_tokens': 391, 'total_image_tokens': 393, 'patch_size': 28}]","[151644, 8948, 198, 2610, 525, 264, 10950, 17847, 13, 151645, 198, 151644, 872, 198, 151652, 151655, 151653, 26987, 25, 5209, 4226, 279, 3405, 323, 3410, 279, 4396, 2999, 6524, 11, 384, 1302, 2572, 362, 11, 425, 11, 356, 11, 422, 11, 518, 279, 835, 624, 14582, 25, 8713, 1052, 16745]","Hint: Please answer the question and provide the correct option letter, e.g., A, B, C, D, at the end.
Question: Are there fewer metallic fighters than rubber objects?
Choices:
(A) Yes
(B) No"
13,MathVista_MINI,90,1,258,348,"[{'original_size': (448, 448), 'target_size': (448, 448), 'patches_h': 16, 'patches_w': 16, 'total_patches': 256, 'image_tokens': 256, 'total_image_tokens': 258, 'patch_size': 28}]","[151644, 8948, 198, 2610, 525, 264, 10950, 17847, 13, 151645, 198, 151644, 872, 198, 151652, 151655, 151653, 26987, 25, 5209, 4226, 279, 3405, 22703, 458, 7546, 4226, 323, 3410, 279, 1590, 897, 11, 384, 1302, 2572, 220, 16, 11, 220, 17, 11, 220, 18, 11, 518, 279, 835, 624, 14582]","Hint: Please answer the question requiring an integer answer and provide the final value, e.g., 1, 2, 3, at the end.
Question: How many objects are preferred by more than 90 percent of people in at least one category?"
14,MathVista_MINI,102,1,393,495,"[{'original_size': (640, 480), 'target_size': (644, 476), 'patches_h': 17, 'patches_w': 23, 'total_patches': 391, 'image_tokens': 391, 'total_image_tokens': 393, 'patch_size': 28}]","[151644, 8948, 198, 2610, 525, 264, 10950, 17847, 13, 151645, 198, 151644, 872, 198, 151652, 151655, 151653, 26987, 25, 5209, 4226, 279, 3405, 323, 3410, 279, 4396, 2999, 6524, 11, 384, 1302, 2572, 362, 11, 425, 11, 356, 11, 422, 11, 518, 279, 835, 624, 14582, 25, 2160, 279, 1372]","Hint: Please answer the question and provide the correct option letter, e.g., A, B, C, D, at the end.
Question: Is the number of tiny objects that are behind the small metal jet less than the number of tiny things left of the tiny sedan?
Choices:
(A) Yes
(B) No"
15,MathVista_MINI,102,1,114,216,"[{'original_size': (400, 232), 'target_size': (392, 224), 'patches_h': 8, 'patches_w': 14, 'total_patches': 112, 'image_tokens': 112, 'total_image_tokens': 114, 'patch_size': 28}]","[151644, 8948, 198, 2610, 525, 264, 10950, 17847, 13, 151645, 198, 151644, 872, 198, 151652, 151655, 151653, 26987, 25, 5209, 4226, 279, 3405, 323, 3410, 279, 4396, 2999, 6524, 11, 384, 1302, 2572, 362, 11, 425, 11, 356, 11, 422, 11, 518, 279, 835, 624, 14582, 25, 15920, 46020, 448]","Hint: Please answer the question and provide the correct option letter, e.g., A, B, C, D, at the end.
Question: Which organism with be most affected if algae was eliminated?
Choices:
(A) Tilapia
(B) Common water flea
(C) Great diving beetle
(D) Tadpole"
16,MathVista_MINI,85,1,258,343,"[{'original_size': (448, 448), 'target_size': (448, 448), 'patches_h': 16, 'patches_w': 16, 'total_patches': 256, 'image_tokens': 256, 'total_image_tokens': 258, 'patch_size': 28}]","[151644, 8948, 198, 2610, 525, 264, 10950, 17847, 13, 151645, 198, 151644, 872, 198, 151652, 151655, 151653, 26987, 25, 5209, 4226, 279, 3405, 22703, 458, 7546, 4226, 323, 3410, 279, 1590, 897, 11, 384, 1302, 2572, 220, 16, 11, 220, 17, 11, 220, 18, 11, 518, 279, 835, 624, 14582]","Hint: Please answer the question requiring an integer answer and provide the final value, e.g., 1, 2, 3, at the end.
Question: How many items sold less than 5 units in at least one store?"
17,MathVista_MINI,124,1,26,150,"[{'original_size': (125, 172), 'target_size': (112, 168), 'patches_h': 6, 'patches_w': 4, 'total_patches': 24, 'image_tokens': 24, 'total_image_tokens': 26, 'patch_size': 28}]","[151644, 8948, 198, 2610, 525, 264, 10950, 17847, 13, 151645, 198, 151644, 872, 198, 151652, 151655, 151653, 26987, 25, 5209, 4226, 279, 3405, 323, 3410, 279, 4396, 2999, 6524, 11, 384, 1302, 2572, 362, 11, 425, 11, 356, 11, 422, 11, 518, 279, 835, 624, 14582, 25, 69372, 28029, 96050]","Hint: Please answer the question and provide the correct option letter, e.g., A, B, C, D, at the end.
Question: 如图，在Rt△ABC中，∠ACB＝90°，D是AB的中点，AB＝10，则CD的长为（）
Choices:
(A) 5
(B) 6
(C) 8
(D) 10"
18,MathVista_MINI,272,1,90,362,"[{'original_size': (302, 232), 'target_size': (308, 224), 'patches_h': 8, 'patches_w': 11, 'total_patches': 88, 'image_tokens': 88, 'total_image_tokens': 90, 'patch_size': 28}]","[151644, 8948, 198, 2610, 525, 264, 10950, 17847, 13, 151645, 198, 151644, 872, 198, 151652, 151655, 151653, 26987, 25, 5209, 4226, 279, 3405, 323, 3410, 279, 4396, 2999, 6524, 11, 384, 1302, 2572, 362, 11, 425, 11, 356, 11, 422, 11, 518, 279, 835, 624, 14582, 25, 576, 21085, 3685]","Hint: Please answer the question and provide the correct option letter, e.g., A, B, C, D, at the end.
Question: The passage below describes an experiment. Read the passage and then follow the instructions below.

Linda applied a thin layer of wax to the underside of her snowboard and rode the board straight down a hill. Then, she removed the wax and rode the snowboard straight down the hill again. She repeated the rides four more times, alternating whether she rode with a thin layer of wax on the board or not. Her friend Bob timed each ride. Linda and Bob calculated the average time it took to slide straight down the hill on the snowboard with wax compared to the average time on the snowboard without wax.
Figure: snowboarding down a hill. Identify the question that Linda and Bob's experiment can best answer.
Choices:
(A) Does Linda's snowboard slide down a hill in less time when it has a thin layer of wax or a thick layer of wax?
(B) Does Linda's snowboard slide down a hill in less time when it has a layer of wax or when it does not have a layer of wax?"
19,MathVista_MINI,79,1,890,969,"[{'original_size': (1024, 684), 'target_size': (1036, 672), 'patches_h': 24, 'patches_w': 37, 'total_patches': 888, 'image_tokens': 888, 'total_image_tokens': 890, 'patch_size': 28}]","[151644, 8948, 198, 2610, 525, 264, 10950, 17847, 13, 151645, 198, 151644, 872, 198, 151652, 151655, 151653, 26987, 25, 5209, 4226, 279, 3405, 22703, 458, 7546, 4226, 323, 3410, 279, 1590, 897, 11, 384, 1302, 2572, 220, 16, 11, 220, 17, 11, 220, 18, 11, 518, 279, 835, 624, 14582]","Hint: Please answer the question requiring an integer answer and provide the final value, e.g., 1, 2, 3, at the end.
Question: what is the highest amount this class measures?"
20,MathVista_MINI,90,1,632,722,"[{'original_size': (850, 600), 'target_size': (840, 588), 'patches_h': 21, 'patches_w': 30, 'total_patches': 630, 'image_tokens': 630, 'total_image_tokens': 632, 'patch_size': 28}]","[151644, 8948, 198, 2610, 525, 264, 10950, 17847, 13, 151645, 198, 151644, 872, 198, 151652, 151655, 151653, 26987, 25, 5209, 4226, 279, 3405, 323, 3410, 279, 4396, 2999, 6524, 11, 384, 1302, 2572, 362, 11, 425, 11, 356, 11, 422, 11, 518, 279, 835, 624, 14582, 25, 2160, 279, 2629]","Hint: Please answer the question and provide the correct option letter, e.g., A, B, C, D, at the end.
Question: Is the sum of smallest two bar is greater then the largest bar?
Choices:
(A) Yes
(B) No"
21,MathVista_MINI,100,1,107,207,"[{'original_size': (418, 204), 'target_size': (420, 196), 'patches_h': 7, 'patches_w': 15, 'total_patches': 105, 'image_tokens': 105, 'total_image_tokens': 107, 'patch_size': 28}]","[151644, 8948, 198, 2610, 525, 264, 10950, 17847, 13, 151645, 198, 151644, 872, 198, 151652, 151655, 151653, 26987, 25, 5209, 4226, 279, 3405, 22703, 458, 7546, 4226, 323, 3410, 279, 1590, 897, 11, 384, 1302, 2572, 220, 16, 11, 220, 17, 11, 220, 18, 11, 518, 279, 835, 624, 14582]","Hint: Please answer the question requiring an integer answer and provide the final value, e.g., 1, 2, 3, at the end.
Question: Fill in the blank to describe the model. The model has 4 dots divided into 2 equal groups. There are (_) dots in each group."
22,MathVista_MINI,86,1,562,648,"[{'original_size': (555, 785), 'target_size': (560, 784), 'patches_h': 28, 'patches_w': 20, 'total_patches': 560, 'image_tokens': 560, 'total_image_tokens': 562, 'patch_size': 28}]","[151644, 8948, 198, 2610, 525, 264, 10950, 17847, 13, 151645, 198, 151644, 872, 198, 151652, 151655, 151653, 26987, 25, 5209, 4226, 279, 3405, 22703, 458, 7546, 4226, 323, 3410, 279, 1590, 897, 11, 384, 1302, 2572, 220, 16, 11, 220, 17, 11, 220, 18, 11, 518, 279, 835, 624, 14582]","Hint: Please answer the question requiring an integer answer and provide the final value, e.g., 1, 2, 3, at the end.
Question: How many people in the image were born after the end of World War II?"
23,MathVista_MINI,101,1,282,383,"[{'original_size': (552, 393), 'target_size': (560, 392), 'patches_h': 14, 'patches_w': 20, 'total_patches': 280, 'image_tokens': 280, 'total_image_tokens': 282, 'patch_size': 28}]","[151644, 8948, 198, 2610, 525, 264, 10950, 17847, 13, 151645, 198, 151644, 872, 198, 151652, 151655, 151653, 26987, 25, 5209, 4226, 279, 3405, 323, 3410, 279, 4396, 2999, 6524, 11, 384, 1302, 2572, 362, 11, 425, 11, 356, 11, 422, 11, 518, 279, 835, 624, 14582, 25, 576, 31805, 315]","Hint: Please answer the question and provide the correct option letter, e.g., A, B, C, D, at the end.
Question: The derivative of f(x) at x=2 is ____ that at x=5
Choices:
(A) larger than
(B) equal to
(C) smaller than"
24,MathVista_MINI,83,1,352,435,"[{'original_size': (709, 400), 'target_size': (700, 392), 'patches_h': 14, 'patches_w': 25, 'total_patches': 350, 'image_tokens': 350, 'total_image_tokens': 352, 'patch_size': 28}]","[151644, 8948, 198, 2610, 525, 264, 10950, 17847, 13, 151645, 198, 151644, 872, 198, 151652, 151655, 151653, 26987, 25, 5209, 4226, 279, 3405, 323, 3410, 279, 4396, 2999, 6524, 11, 384, 1302, 2572, 362, 11, 425, 11, 356, 11, 422, 11, 518, 279, 835, 624, 14582, 25, 2160, 3616, 37081]","Hint: Please answer the question and provide the correct option letter, e.g., A, B, C, D, at the end.
Question: Is Periwinkle the maximum?
Choices:
(A) yes
(B) no"
25,MathVista_MINI,85,1,394,479,"[{'original_size': (770, 400), 'target_size': (784, 392), 'patches_h': 14, 'patches_w': 28, 'total_patches': 392, 'image_tokens': 392, 'total_image_tokens': 394, 'patch_size': 28}]","[151644, 8948, 198, 2610, 525, 264, 10950, 17847, 13, 151645, 198, 151644, 872, 198, 151652, 151655, 151653, 26987, 25, 5209, 4226, 279, 3405, 323, 3410, 279, 4396, 2999, 6524, 11, 384, 1302, 2572, 362, 11, 425, 11, 356, 11, 422, 11, 518, 279, 835, 624, 14582, 25, 2160, 24355, 3616]","Hint: Please answer the question and provide the correct option letter, e.g., A, B, C, D, at the end.
Question: Is Medium Periwinkle the smoothest?
Choices:
(A) yes
(B) no"
26,MathVista_MINI,84,1,380,464,"[{'original_size': (761, 400), 'target_size': (756, 392), 'patches_h': 14, 'patches_w': 27, 'total_patches': 378, 'image_tokens': 378, 'total_image_tokens': 380, 'patch_size': 28}]","[151644, 8948, 198, 2610, 525, 264, 10950, 17847, 13, 151645, 198, 151644, 872, 198, 151652, 151655, 151653, 26987, 25, 5209, 4226, 279, 3405, 323, 3410, 279, 4396, 2999, 6524, 11, 384, 1302, 2572, 362, 11, 425, 11, 356, 11, 422, 11, 518, 279, 835, 624, 14582, 25, 2160, 5235, 7046]","Hint: Please answer the question and provide the correct option letter, e.g., A, B, C, D, at the end.
Question: Is Black greater than Deep Sky Blue?
Choices:
(A) yes
(B) no"
27,MathVista_MINI,87,1,1249,1336,"[{'original_size': (2628, 1752), 'target_size': (1204, 812), 'patches_h': 29, 'patches_w': 43, 'total_patches': 1247, 'image_tokens': 1247, 'total_image_tokens': 1249, 'patch_size': 28}]","[151644, 8948, 198, 2610, 525, 264, 10950, 17847, 13, 151645, 198, 151644, 872, 198, 151652, 151655, 151653, 26987, 25, 5209, 4226, 279, 3405, 22703, 458, 7546, 4226, 323, 3410, 279, 1590, 897, 11, 384, 1302, 2572, 220, 16, 11, 220, 17, 11, 220, 18, 11, 518, 279, 835, 624, 14582]","Hint: Please answer the question requiring an integer answer and provide the final value, e.g., 1, 2, 3, at the end.
Question: What is the age gap between these two people in image? (Unit: years)"
28,MathVista_MINI,126,1,287,413,"[{'original_size': (519, 431), 'target_size': (532, 420), 'patches_h': 15, 'patches_w': 19, 'total_patches': 285, 'image_tokens': 285, 'total_image_tokens': 287, 'patch_size': 28}]","[151644, 8948, 198, 2610, 525, 264, 10950, 17847, 13, 151645, 198, 151644, 872, 198, 151652, 151655, 151653, 26987, 25, 5209, 4226, 279, 3405, 323, 3410, 279, 4396, 2999, 6524, 11, 384, 1302, 2572, 362, 11, 425, 11, 356, 11, 422, 11, 518, 279, 835, 624, 14582, 25, 57960, 1975, 1056]","Hint: Please answer the question and provide the correct option letter, e.g., A, B, C, D, at the end.
Question: $\overline{AB}$ is a diameter, $AC=8$ inches, and $BC=15$ inches. Find the radius of the circle.
Choices:
(A) 7.5
(B) 8
(C) 8.5
(D) 17"
29,MathVista_MINI,87,1,386,473,"[{'original_size': (670, 440), 'target_size': (672, 448), 'patches_h': 16, 'patches_w': 24, 'total_patches': 384, 'image_tokens': 384, 'total_image_tokens': 386, 'patch_size': 28}]","[151644, 8948, 198, 2610, 525, 264, 10950, 17847, 13, 151645, 198, 151644, 872, 198, 151652, 151655, 151653, 26987, 25, 5209, 4226, 279, 3405, 22703, 458, 7546, 4226, 323, 3410, 279, 1590, 897, 11, 384, 1302, 2572, 220, 16, 11, 220, 17, 11, 220, 18, 11, 518, 279, 835, 624, 14582]","Hint: Please answer the question requiring an integer answer and provide the final value, e.g., 1, 2, 3, at the end.
Question: What is the age gap between these two people in image? (Unit: years)"
30,MathVista_MINI,143,1,18,161,"[{'original_size': (117, 113), 'target_size': (112, 112), 'patches_h': 4, 'patches_w': 4, 'total_patches': 16, 'image_tokens': 16, 'total_image_tokens': 18, 'patch_size': 28}]","[151644, 8948, 198, 2610, 525, 264, 10950, 17847, 13, 151645, 198, 151644, 872, 198, 151652, 151655, 151653, 26987, 25, 5209, 4226, 279, 3405, 323, 3410, 279, 4396, 2999, 6524, 11, 384, 1302, 2572, 362, 11, 425, 11, 356, 11, 422, 11, 518, 279, 835, 624, 14582, 25, 1634, 6839, 304]","Hint: Please answer the question and provide the correct option letter, e.g., A, B, C, D, at the end.
Question: As shown in the figure, the two chords AB and CD in the circle intersect at E, ∠D = 35.0, ∠AEC = 105.0, then ∠C = ()
Choices:
(A) 60°
(B) 70°
(C) 80°
(D) 85°"
31,MathVista_MINI,98,1,393,491,"[{'original_size': (640, 480), 'target_size': (644, 476), 'patches_h': 17, 'patches_w': 23, 'total_patches': 391, 'image_tokens': 391, 'total_image_tokens': 393, 'patch_size': 28}]","[151644, 8948, 198, 2610, 525, 264, 10950, 17847, 13, 151645, 198, 151644, 872, 198, 151652, 151655, 151653, 26987, 25, 5209, 4226, 279, 3405, 323, 3410, 279, 4396, 2999, 6524, 11, 384, 1302, 2572, 362, 11, 425, 11, 356, 11, 422, 11, 518, 279, 835, 624, 14582, 25, 8713, 1052, 803]","Hint: Please answer the question and provide the correct option letter, e.g., A, B, C, D, at the end.
Question: Are there more big red rubber double buss in front of the large red double bus than big green things?
Choices:
(A) Yes
(B) No"
32,MathVista_MINI,124,1,26,150,"[{'original_size': (168, 100), 'target_size': (168, 112), 'patches_h': 4, 'patches_w': 6, 'total_patches': 24, 'image_tokens': 24, 'total_image_tokens': 26, 'patch_size': 28}]","[151644, 8948, 198, 2610, 525, 264, 10950, 17847, 13, 151645, 198, 151644, 872, 198, 151652, 151655, 151653, 26987, 25, 5209, 4226, 279, 3405, 323, 3410, 279, 4396, 2999, 6524, 11, 384, 1302, 2572, 362, 11, 425, 11, 356, 11, 422, 11, 518, 279, 835, 624, 14582, 25, 69372, 28029, 96050]","Hint: Please answer the question and provide the correct option letter, e.g., A, B, C, D, at the end.
Question: 如图，在ABCD中，AB＝AC，∠CAB＝40°，则∠D的度数是（）
Choices:
(A) 40°
(B) 50°
(C) 60°
(D) 70°"
33,MathVista_MINI,147,1,38,185,"[{'original_size': (331, 95), 'target_size': (336, 84), 'patches_h': 3, 'patches_w': 12, 'total_patches': 36, 'image_tokens': 36, 'total_image_tokens': 38, 'patch_size': 28}]","[151644, 8948, 198, 2610, 525, 264, 10950, 17847, 13, 151645, 198, 151644, 872, 198, 151652, 151655, 151653, 26987, 25, 5209, 4226, 279, 3405, 323, 3410, 279, 4396, 2999, 6524, 11, 384, 1302, 2572, 362, 11, 425, 11, 356, 11, 422, 11, 518, 279, 835, 624, 14582, 25, 5443, 264, 10486]","Hint: Please answer the question and provide the correct option letter, e.g., A, B, C, D, at the end.
Question: Use a sector paper sheet with a central angle of 120.0 and a radius of 6.0 to roll into a conical bottomless paper cap (as shown in the picture), then the bottom perimeter of the paper cap is ()
Choices:
(A) 2πcm
(B) 3πcm
(C) 4πcm
(D) 5πcm"
34,MathVista_MINI,84,1,291,375,"[{'original_size': (479, 479), 'target_size': (476, 476), 'patches_h': 17, 'patches_w': 17, 'total_patches': 289, 'image_tokens': 289, 'total_image_tokens': 291, 'patch_size': 28}]","[151644, 8948, 198, 2610, 525, 264, 10950, 17847, 13, 151645, 198, 151644, 872, 198, 151652, 151655, 151653, 26987, 25, 5209, 4226, 279, 3405, 323, 3410, 279, 4396, 2999, 6524, 11, 384, 1302, 2572, 362, 11, 425, 11, 356, 11, 422, 11, 518, 279, 835, 624, 14582, 25, 2160, 419, 729]","Hint: Please answer the question and provide the correct option letter, e.g., A, B, C, D, at the end.
Question: Is this function continuous at each point?
Choices:
(A) Yes
(B) No"
35,MathVista_MINI,153,1,27,180,"[{'original_size': (151, 141), 'target_size': (140, 140), 'patches_h': 5, 'patches_w': 5, 'total_patches': 25, 'image_tokens': 25, 'total_image_tokens': 27, 'patch_size': 28}]","[151644, 8948, 198, 2610, 525, 264, 10950, 17847, 13, 151645, 198, 151644, 872, 198, 151652, 151655, 151653, 26987, 25, 5209, 4226, 279, 3405, 323, 3410, 279, 4396, 2999, 6524, 11, 384, 1302, 2572, 362, 11, 425, 11, 356, 11, 422, 11, 518, 279, 835, 624, 14582, 25, 69372, 28029, 3837]","Hint: Please answer the question and provide the correct option letter, e.g., A, B, C, D, at the end.
Question: 如图，AB是⊙O的直径，EF，EB是⊙O的弦，点E是FEB的中点，EF与AB交于点C，连接OF，若∠AOF＝40°，则∠F的度数是（）
Choices:
(A) 20°
(B) 35°
(C) 40°
(D) 55°"
36,MathVista_MINI,87,1,495,582,"[{'original_size': (800, 480), 'target_size': (812, 476), 'patches_h': 17, 'patches_w': 29, 'total_patches': 493, 'image_tokens': 493, 'total_image_tokens': 495, 'patch_size': 28}]","[151644, 8948, 198, 2610, 525, 264, 10950, 17847, 13, 151645, 198, 151644, 872, 198, 151652, 151655, 151653, 26987, 25, 5209, 4226, 279, 3405, 22703, 458, 7546, 4226, 323, 3410, 279, 1590, 897, 11, 384, 1302, 2572, 220, 16, 11, 220, 17, 11, 220, 18, 11, 518, 279, 835, 624, 14582]","Hint: Please answer the question requiring an integer answer and provide the final value, e.g., 1, 2, 3, at the end.
Question: What is the age gap between these two people in image? (Unit: years)"
37,MathVista_MINI,80,1,227,307,"[{'original_size': (408, 410), 'target_size': (420, 420), 'patches_h': 15, 'patches_w': 15, 'total_patches': 225, 'image_tokens': 225, 'total_image_tokens': 227, 'patch_size': 28}]","[151644, 8948, 198, 2610, 525, 264, 10950, 17847, 13, 151645, 198, 151644, 872, 198, 151652, 151655, 151653, 26987, 25, 5209, 4226, 279, 3405, 22703, 458, 7546, 4226, 323, 3410, 279, 1590, 897, 11, 384, 1302, 2572, 220, 16, 11, 220, 17, 11, 220, 18, 11, 518, 279, 835, 624, 14582]","Hint: Please answer the question requiring an integer answer and provide the final value, e.g., 1, 2, 3, at the end.
Question: What is the limit as x approaches -1?"
38,MathVista_MINI,80,1,258,338,"[{'original_size': (448, 448), 'target_size': (448, 448), 'patches_h': 16, 'patches_w': 16, 'total_patches': 256, 'image_tokens': 256, 'total_image_tokens': 258, 'patch_size': 28}]","[151644, 8948, 198, 2610, 525, 264, 10950, 17847, 13, 151645, 198, 151644, 872, 198, 151652, 151655, 151653, 26987, 25, 5209, 4226, 279, 3405, 22703, 458, 7546, 4226, 323, 3410, 279, 1590, 897, 11, 384, 1302, 2572, 220, 16, 11, 220, 17, 11, 220, 18, 11, 518, 279, 835, 624, 14582]","Hint: Please answer the question requiring an integer answer and provide the final value, e.g., 1, 2, 3, at the end.
Question: How many bars have values smaller than 6?"
39,MathVista_MINI,83,1,167,250,"[{'original_size': (433, 304), 'target_size': (420, 308), 'patches_h': 11, 'patches_w': 15, 'total_patches': 165, 'image_tokens': 165, 'total_image_tokens': 167, 'patch_size': 28}]","[151644, 8948, 198, 2610, 525, 264, 10950, 17847, 13, 151645, 198, 151644, 872, 198, 151652, 151655, 151653, 26987, 25, 5209, 4226, 279, 3405, 323, 3410, 279, 4396, 2999, 6524, 11, 384, 1302, 2572, 362, 11, 425, 11, 356, 11, 422, 11, 518, 279, 835, 624, 14582, 25, 2160, 419, 729]","Hint: Please answer the question and provide the correct option letter, e.g., A, B, C, D, at the end.
Question: Is this function odd or even?
Choices:
(A) odd
(B) even"
40,MathVista_MINI,88,1,101,189,"[{'original_size': (320, 240), 'target_size': (308, 252), 'patches_h': 9, 'patches_w': 11, 'total_patches': 99, 'image_tokens': 99, 'total_image_tokens': 101, 'patch_size': 28}]","[151644, 8948, 198, 2610, 525, 264, 10950, 17847, 13, 151645, 198, 151644, 872, 198, 151652, 151655, 151653, 26987, 25, 5209, 4226, 279, 3405, 22703, 458, 7546, 4226, 323, 3410, 279, 1590, 897, 11, 384, 1302, 2572, 220, 16, 11, 220, 17, 11, 220, 18, 11, 518, 279, 835, 624, 14582]","Hint: Please answer the question requiring an integer answer and provide the final value, e.g., 1, 2, 3, at the end.
Question: Subtract all brown blocks. Subtract all large blue rubber things. How many objects are left?"
41,MathVista_MINI,87,1,1249,1336,"[{'original_size': (5236, 3491), 'target_size': (1204, 812), 'patches_h': 29, 'patches_w': 43, 'total_patches': 1247, 'image_tokens': 1247, 'total_image_tokens': 1249, 'patch_size': 28}]","[151644, 8948, 198, 2610, 525, 264, 10950, 17847, 13, 151645, 198, 151644, 872, 198, 151652, 151655, 151653, 26987, 25, 5209, 4226, 279, 3405, 22703, 458, 7546, 4226, 323, 3410, 279, 1590, 897, 11, 384, 1302, 2572, 220, 16, 11, 220, 17, 11, 220, 18, 11, 518, 279, 835, 624, 14582]","Hint: Please answer the question requiring an integer answer and provide the final value, e.g., 1, 2, 3, at the end.
Question: What is the age gap between these two people in image? (Unit: years)"
42,MathVista_MINI,87,1,268,355,"[{'original_size': (401, 539), 'target_size': (392, 532), 'patches_h': 19, 'patches_w': 14, 'total_patches': 266, 'image_tokens': 266, 'total_image_tokens': 268, 'patch_size': 28}]","[151644, 8948, 198, 2610, 525, 264, 10950, 17847, 13, 151645, 198, 151644, 872, 198, 151652, 151655, 151653, 26987, 25, 5209, 4226, 279, 3405, 22703, 458, 7546, 4226, 323, 3410, 279, 1590, 897, 11, 384, 1302, 2572, 220, 16, 11, 220, 17, 11, 220, 18, 11, 518, 279, 835, 624, 14582]","Hint: Please answer the question requiring an integer answer and provide the final value, e.g., 1, 2, 3, at the end.
Question: What is the age gap between these two people in image? (Unit: years)"
43,MathVista_MINI,101,1,194,295,"[{'original_size': (449, 323), 'target_size': (448, 336), 'patches_h': 12, 'patches_w': 16, 'total_patches': 192, 'image_tokens': 192, 'total_image_tokens': 194, 'patch_size': 28}]","[151644, 8948, 198, 2610, 525, 264, 10950, 17847, 13, 151645, 198, 151644, 872, 198, 151652, 151655, 151653, 26987, 25, 5209, 4226, 279, 3405, 323, 3410, 279, 4396, 2999, 6524, 11, 384, 1302, 2572, 362, 11, 425, 11, 356, 11, 422, 11, 518, 279, 835, 624, 14582, 25, 5443, 279, 4771]","Hint: Please answer the question and provide the correct option letter, e.g., A, B, C, D, at the end.
Question: Use the graph to answer the question below. Which month is the wettest on average in Christchurch?
Choices:
(A) August
(B) April
(C) May"
44,MathVista_MINI,100,1,90,190,"[{'original_size': (305, 226), 'target_size': (308, 224), 'patches_h': 8, 'patches_w': 11, 'total_patches': 88, 'image_tokens': 88, 'total_image_tokens': 90, 'patch_size': 28}]","[151644, 8948, 198, 2610, 525, 264, 10950, 17847, 13, 151645, 198, 151644, 872, 198, 151652, 151655, 151653, 26987, 25, 5209, 4226, 279, 3405, 22703, 458, 7546, 4226, 323, 3410, 279, 1590, 897, 11, 384, 1302, 2572, 220, 16, 11, 220, 17, 11, 220, 18, 11, 518, 279, 835, 624, 14582]","Hint: Please answer the question requiring an integer answer and provide the final value, e.g., 1, 2, 3, at the end.
Question: Chase wants to buy 4 kilograms of oval beads and 5 kilograms of star-shaped beads. How much will he spend? (Unit: $)"
45,MathVista_MINI,115,1,82,197,"[{'original_size': (273, 218), 'target_size': (280, 224), 'patches_h': 8, 'patches_w': 10, 'total_patches': 80, 'image_tokens': 80, 'total_image_tokens': 82, 'patch_size': 28}]","[151644, 8948, 198, 2610, 525, 264, 10950, 17847, 13, 151645, 198, 151644, 872, 198, 151652, 151655, 151653, 26987, 25, 5209, 4226, 279, 3405, 22703, 458, 7546, 4226, 323, 3410, 279, 1590, 897, 11, 384, 1302, 2572, 220, 16, 11, 220, 17, 11, 220, 18, 11, 518, 279, 835, 624, 14582]","Hint: Please answer the question requiring an integer answer and provide the final value, e.g., 1, 2, 3, at the end.
Question: An administrator at the Department of Motor Vehicles (DMV) tracked the average wait time from month to month. According to the table, what was the rate of change between August and September? (Unit: minutes per month)"
46,MathVista_MINI,119,1,1112,1231,"[{'original_size': (1024, 829), 'target_size': (1036, 840), 'patches_h': 30, 'patches_w': 37, 'total_patches': 1110, 'image_tokens': 1110, 'total_image_tokens': 1112, 'patch_size': 28}]","[151644, 8948, 198, 2610, 525, 264, 10950, 17847, 13, 151645, 198, 151644, 872, 198, 151652, 151655, 151653, 26987, 25, 5209, 4226, 279, 3405, 323, 3410, 279, 4396, 2999, 6524, 11, 384, 1302, 2572, 362, 11, 425, 11, 356, 11, 422, 11, 518, 279, 835, 624, 14582, 25, 3555, 1035, 3537]","Hint: Please answer the question and provide the correct option letter, e.g., A, B, C, D, at the end.
Question: What would happen to the population of adult spiders if predator ate all the spider eggs?
Choices:
(A) Adult spider population would remain the same
(B) Adult spider population would double.
(C) Adults spider population would decrease
(D) Adult spider population would increase."
47,MathVista_MINI,87,1,101,188,"[{'original_size': (320, 240), 'target_size': (308, 252), 'patches_h': 9, 'patches_w': 11, 'total_patches': 99, 'image_tokens': 99, 'total_image_tokens': 101, 'patch_size': 28}]","[151644, 8948, 198, 2610, 525, 264, 10950, 17847, 13, 151645, 198, 151644, 872, 198, 151652, 151655, 151653, 26987, 25, 5209, 4226, 279, 3405, 22703, 458, 7546, 4226, 323, 3410, 279, 1590, 897, 11, 384, 1302, 2572, 220, 16, 11, 220, 17, 11, 220, 18, 11, 518, 279, 835, 624, 14582]","Hint: Please answer the question requiring an integer answer and provide the final value, e.g., 1, 2, 3, at the end.
Question: Subtract all rubber balls. Subtract all yellow shiny things. How many objects are left?"
48,MathVista_MINI,101,1,317,418,"[{'original_size': (596, 426), 'target_size': (588, 420), 'patches_h': 15, 'patches_w': 21, 'total_patches': 315, 'image_tokens': 315, 'total_image_tokens': 317, 'patch_size': 28}]","[151644, 8948, 198, 2610, 525, 264, 10950, 17847, 13, 151645, 198, 151644, 872, 198, 151652, 151655, 151653, 26987, 25, 5209, 4226, 279, 3405, 323, 3410, 279, 4396, 2999, 6524, 11, 384, 1302, 2572, 362, 11, 425, 11, 356, 11, 422, 11, 518, 279, 835, 624, 14582, 25, 7379, 400, 76]","Hint: Please answer the question and provide the correct option letter, e.g., A, B, C, D, at the end.
Question: Find $m \angle 3$.
Choices:
(A) 28
(B) 38
(C) 52
(D) 62"
49,MathVista_MINI,87,1,376,463,"[{'original_size': (626, 476), 'target_size': (616, 476), 'patches_h': 17, 'patches_w': 22, 'total_patches': 374, 'image_tokens': 374, 'total_image_tokens': 376, 'patch_size': 28}]","[151644, 8948, 198, 2610, 525, 264, 10950, 17847, 13, 151645, 198, 151644, 872, 198, 151652, 151655, 151653, 26987, 25, 5209, 4226, 279, 3405, 22703, 458, 7546, 4226, 323, 3410, 279, 1590, 897, 11, 384, 1302, 2572, 220, 16, 11, 220, 17, 11, 220, 18, 11, 518, 279, 835, 624, 14582]","Hint: Please answer the question requiring an integer answer and provide the final value, e.g., 1, 2, 3, at the end.
Question: What is the sum of the digits on either end of the sign in the corner?"
50,MathVista_MINI,130,1,485,615,"[{'original_size': (633, 600), 'target_size': (644, 588), 'patches_h': 21, 'patches_w': 23, 'total_patches': 483, 'image_tokens': 483, 'total_image_tokens': 485, 'patch_size': 28}]","[151644, 8948, 198, 2610, 525, 264, 10950, 17847, 13, 151645, 198, 151644, 872, 198, 151652, 151655, 151653, 26987, 25, 5209, 4226, 279, 3405, 323, 3410, 279, 4396, 2999, 6524, 11, 384, 1302, 2572, 362, 11, 425, 11, 356, 11, 422, 11, 518, 279, 835, 624, 14582, 25, 20205, 389, 279]","Hint: Please answer the question and provide the correct option letter, e.g., A, B, C, D, at the end.
Question: Based on the food web, what would likely happen if the number of large roach would decrease?
Choices:
(A) The population of steelheads would decrease.
(B) The population of stickleback fry would increase.
(C) The population of predatory insects would increase.
(D) The population of predatory insects would decrease."
51,MathVista_MINI,102,1,393,495,"[{'original_size': (640, 480), 'target_size': (644, 476), 'patches_h': 17, 'patches_w': 23, 'total_patches': 391, 'image_tokens': 391, 'total_image_tokens': 393, 'patch_size': 28}]","[151644, 8948, 198, 2610, 525, 264, 10950, 17847, 13, 151645, 198, 151644, 872, 198, 151652, 151655, 151653, 26987, 25, 5209, 4226, 279, 3405, 323, 3410, 279, 4396, 2999, 6524, 11, 384, 1302, 2572, 362, 11, 425, 11, 356, 11, 422, 11, 518, 279, 835, 624, 14582, 25, 2160, 279, 1372]","Hint: Please answer the question and provide the correct option letter, e.g., A, B, C, D, at the end.
Question: Is the number of gray rubber objects in front of the small yellow aeroplane greater than the number of big cyan matte fighters?
Choices:
(A) Yes
(B) No"
52,MathVista_MINI,90,1,101,191,"[{'original_size': (320, 240), 'target_size': (308, 252), 'patches_h': 9, 'patches_w': 11, 'total_patches': 99, 'image_tokens': 99, 'total_image_tokens': 101, 'patch_size': 28}]","[151644, 8948, 198, 2610, 525, 264, 10950, 17847, 13, 151645, 198, 151644, 872, 198, 151652, 151655, 151653, 26987, 25, 5209, 4226, 279, 3405, 22703, 458, 7546, 4226, 323, 3410, 279, 1590, 897, 11, 384, 1302, 2572, 220, 16, 11, 220, 17, 11, 220, 18, 11, 518, 279, 835, 624, 14582]","Hint: Please answer the question requiring an integer answer and provide the final value, e.g., 1, 2, 3, at the end.
Question: Subtract all big red metallic spheres. Subtract all big brown matte things. How many objects are left?"
53,MathVista_MINI,87,1,611,698,"[{'original_size': (800, 593), 'target_size': (812, 588), 'patches_h': 21, 'patches_w': 29, 'total_patches': 609, 'image_tokens': 609, 'total_image_tokens': 611, 'patch_size': 28}]","[151644, 8948, 198, 2610, 525, 264, 10950, 17847, 13, 151645, 198, 151644, 872, 198, 151652, 151655, 151653, 26987, 25, 5209, 4226, 279, 3405, 22703, 458, 7546, 4226, 323, 3410, 279, 1590, 897, 11, 384, 1302, 2572, 220, 16, 11, 220, 17, 11, 220, 18, 11, 518, 279, 835, 624, 14582]","Hint: Please answer the question requiring an integer answer and provide the final value, e.g., 1, 2, 3, at the end.
Question: What is the age gap between these two people in image? (Unit: years)"
54,MathVista_MINI,138,1,167,305,"[{'original_size': (433, 310), 'target_size': (420, 308), 'patches_h': 11, 'patches_w': 15, 'total_patches': 165, 'image_tokens': 165, 'total_image_tokens': 167, 'patch_size': 28}]","[151644, 8948, 198, 2610, 525, 264, 10950, 17847, 13, 151645, 198, 151644, 872, 198, 151652, 151655, 151653, 26987, 25, 5209, 4226, 279, 3405, 323, 3410, 279, 4396, 2999, 6524, 11, 384, 1302, 2572, 362, 11, 425, 11, 356, 11, 422, 11, 518, 279, 835, 624, 14582, 25, 758, 279, 7071]","Hint: Please answer the question and provide the correct option letter, e.g., A, B, C, D, at the end.
Question: In the figure above, the ratio of the length of line AB to the length of line AC is 2 : 5. If AC = 25, what is the length of line AB?
Choices:
(A) 8
(B) 10
(C) 15
(D) 18
(E) 20"
55,MathVista_MINI,153,1,26,179,"[{'original_size': (175, 125), 'target_size': (168, 112), 'patches_h': 4, 'patches_w': 6, 'total_patches': 24, 'image_tokens': 24, 'total_image_tokens': 26, 'patch_size': 28}]","[151644, 8948, 198, 2610, 525, 264, 10950, 17847, 13, 151645, 198, 151644, 872, 198, 151652, 151655, 151653, 26987, 25, 5209, 4226, 279, 3405, 323, 3410, 279, 4396, 2999, 6524, 11, 384, 1302, 2572, 362, 11, 425, 11, 356, 11, 422, 11, 518, 279, 835, 624, 14582, 25, 69372, 28029, 3837]","Hint: Please answer the question and provide the correct option letter, e.g., A, B, C, D, at the end.
Question: 如图，一块直角三角板60°的角的顶点A与直角顶点C分别在两平行线FG，DE上，斜边AB平分∠CAG，交直线DE于点H，则∠BCH的大小为（）
Choices:
(A) 60°
(B) 45°
(C) 30°
(D) 25°"
56,MathVista_MINI,78,1,79,157,"[{'original_size': (202, 295), 'target_size': (196, 308), 'patches_h': 11, 'patches_w': 7, 'total_patches': 77, 'image_tokens': 77, 'total_image_tokens': 79, 'patch_size': 28}]","[151644, 8948, 198, 2610, 525, 264, 10950, 17847, 13, 151645, 198, 151644, 872, 198, 151652, 151655, 151653, 26987, 25, 5209, 4226, 279, 3405, 22703, 458, 7546, 4226, 323, 3410, 279, 1590, 897, 11, 384, 1302, 2572, 220, 16, 11, 220, 17, 11, 220, 18, 11, 518, 279, 835, 624, 14582]","Hint: Please answer the question requiring an integer answer and provide the final value, e.g., 1, 2, 3, at the end.
Question: What is the perimeter of the rectangle?"
57,MathVista_MINI,87,1,101,188,"[{'original_size': (320, 240), 'target_size': (308, 252), 'patches_h': 9, 'patches_w': 11, 'total_patches': 99, 'image_tokens': 99, 'total_image_tokens': 101, 'patch_size': 28}]","[151644, 8948, 198, 2610, 525, 264, 10950, 17847, 13, 151645, 198, 151644, 872, 198, 151652, 151655, 151653, 26987, 25, 5209, 4226, 279, 3405, 22703, 458, 7546, 4226, 323, 3410, 279, 1590, 897, 11, 384, 1302, 2572, 220, 16, 11, 220, 17, 11, 220, 18, 11, 518, 279, 835, 624, 14582]","Hint: Please answer the question requiring an integer answer and provide the final value, e.g., 1, 2, 3, at the end.
Question: Subtract all small balls. Subtract all blue rubber things. How many objects are left?"
58,MathVista_MINI,87,1,380,467,"[{'original_size': (760, 400), 'target_size': (756, 392), 'patches_h': 14, 'patches_w': 27, 'total_patches': 378, 'image_tokens': 378, 'total_image_tokens': 380, 'patch_size': 28}]","[151644, 8948, 198, 2610, 525, 264, 10950, 17847, 13, 151645, 198, 151644, 872, 198, 151652, 151655, 151653, 26987, 25, 5209, 4226, 279, 3405, 323, 3410, 279, 4396, 2999, 6524, 11, 384, 1302, 2572, 362, 11, 425, 11, 356, 11, 422, 11, 518, 279, 835, 624, 14582, 25, 12553, 6647, 69673]","Hint: Please answer the question and provide the correct option letter, e.g., A, B, C, D, at the end.
Question: Does Firebrick have the maximum area under the curve?
Choices:
(A) yes
(B) no"
59,MathVista_MINI,140,1,32,172,"[{'original_size': (157, 146), 'target_size': (168, 140), 'patches_h': 5, 'patches_w': 6, 'total_patches': 30, 'image_tokens': 30, 'total_image_tokens': 32, 'patch_size': 28}]","[151644, 8948, 198, 2610, 525, 264, 10950, 17847, 13, 151645, 198, 151644, 872, 198, 151652, 151655, 151653, 26987, 25, 5209, 4226, 279, 3405, 323, 3410, 279, 4396, 2999, 6524, 11, 384, 1302, 2572, 362, 11, 425, 11, 356, 11, 422, 11, 518, 279, 835, 624, 14582, 25, 1634, 6839, 304]","Hint: Please answer the question and provide the correct option letter, e.g., A, B, C, D, at the end.
Question: As shown in the figure, AB is the diameter of ⊙O, CD is the chord of ⊙O, ∠ADC = 26.0, then the degree of ∠CAB is ()
Choices:
(A) 26°
(B) 74°
(C) 64°
(D) 54°"
60,MathVista_MINI,87,1,240,327,"[{'original_size': (477, 381), 'target_size': (476, 392), 'patches_h': 14, 'patches_w': 17, 'total_patches': 238, 'image_tokens': 238, 'total_image_tokens': 240, 'patch_size': 28}]","[151644, 8948, 198, 2610, 525, 264, 10950, 17847, 13, 151645, 198, 151644, 872, 198, 151652, 151655, 151653, 26987, 25, 5209, 4226, 279, 3405, 22703, 458, 7546, 4226, 323, 3410, 279, 1590, 897, 11, 384, 1302, 2572, 220, 16, 11, 220, 17, 11, 220, 18, 11, 518, 279, 835, 624, 14582]","Hint: Please answer the question requiring an integer answer and provide the final value, e.g., 1, 2, 3, at the end.
Question: What is the age gap between these two people in image? (Unit: years)"
61,MathVista_MINI,82,1,212,294,"[{'original_size': (427, 400), 'target_size': (420, 392), 'patches_h': 14, 'patches_w': 15, 'total_patches': 210, 'image_tokens': 210, 'total_image_tokens': 212, 'patch_size': 28}]","[151644, 8948, 198, 2610, 525, 264, 10950, 17847, 13, 151645, 198, 151644, 872, 198, 151652, 151655, 151653, 26987, 25, 5209, 4226, 279, 3405, 323, 3410, 279, 4396, 2999, 6524, 11, 384, 1302, 2572, 362, 11, 425, 11, 356, 11, 422, 11, 518, 279, 835, 624, 14582, 25, 2160, 63816, 279]","Hint: Please answer the question and provide the correct option letter, e.g., A, B, C, D, at the end.
Question: Is Coral the roughest?
Choices:
(A) yes
(B) no"
62,MathVista_MINI,126,1,32,158,"[{'original_size': (160, 138), 'target_size': (168, 140), 'patches_h': 5, 'patches_w': 6, 'total_patches': 30, 'image_tokens': 30, 'total_image_tokens': 32, 'patch_size': 28}]","[151644, 8948, 198, 2610, 525, 264, 10950, 17847, 13, 151645, 198, 151644, 872, 198, 151652, 151655, 151653, 26987, 25, 5209, 4226, 279, 3405, 323, 3410, 279, 4396, 2999, 6524, 11, 384, 1302, 2572, 362, 11, 425, 11, 356, 11, 422, 11, 518, 279, 835, 624, 14582, 25, 69372, 28029, 3837]","Hint: Please answer the question and provide the correct option letter, e.g., A, B, C, D, at the end.
Question: 如图，E，F分别是菱形ABCD的边AB，AD的中点，且AB＝5，AC＝6．则EF的长为（）
Choices:
(A) 4
(B) 5
(C) 5.5
(D) 6"
63,MathVista_MINI,89,1,101,190,"[{'original_size': (320, 240), 'target_size': (308, 252), 'patches_h': 9, 'patches_w': 11, 'total_patches': 99, 'image_tokens': 99, 'total_image_tokens': 101, 'patch_size': 28}]","[151644, 8948, 198, 2610, 525, 264, 10950, 17847, 13, 151645, 198, 151644, 872, 198, 151652, 151655, 151653, 26987, 25, 5209, 4226, 279, 3405, 22703, 458, 7546, 4226, 323, 3410, 279, 1590, 897, 11, 384, 1302, 2572, 220, 16, 11, 220, 17, 11, 220, 18, 11, 518, 279, 835, 624, 14582]","Hint: Please answer the question requiring an integer answer and provide the final value, e.g., 1, 2, 3, at the end.
Question: Subtract all red matte cubes. Subtract all small green metal objects. How many objects are left?"
64,MathVista_MINI,141,1,282,423,"[{'original_size': (550, 405), 'target_size': (560, 392), 'patches_h': 14, 'patches_w': 20, 'total_patches': 280, 'image_tokens': 280, 'total_image_tokens': 282, 'patch_size': 28}]","[151644, 8948, 198, 2610, 525, 264, 10950, 17847, 13, 151645, 198, 151644, 872, 198, 151652, 151655, 151653, 26987, 25, 5209, 4226, 279, 3405, 323, 3410, 279, 4396, 2999, 6524, 11, 384, 1302, 2572, 362, 11, 425, 11, 356, 11, 422, 11, 518, 279, 835, 624, 14582, 25, 576, 46187, 3685]","Hint: Please answer the question and provide the correct option letter, e.g., A, B, C, D, at the end.
Question: The diagrams below show two pure samples of gas in identical closed, rigid containers. Each colored ball represents one gas particle. Both samples have the same number of particles. Compare the average kinetic energies of the particles in each sample. Which sample has the higher temperature?
Choices:
(A) neither; the samples have the same temperature
(B) sample A
(C) sample B"
65,MathVista_MINI,85,1,146,231,"[{'original_size': (327, 325), 'target_size': (336, 336), 'patches_h': 12, 'patches_w': 12, 'total_patches': 144, 'image_tokens': 144, 'total_image_tokens': 146, 'patch_size': 28}]","[151644, 8948, 198, 2610, 525, 264, 10950, 17847, 13, 151645, 198, 151644, 872, 198, 151652, 151655, 151653, 26987, 25, 5209, 4226, 279, 3405, 323, 3410, 279, 4396, 2999, 6524, 11, 384, 1302, 2572, 362, 11, 425, 11, 356, 11, 422, 11, 518, 279, 835, 624, 14582, 25, 374, 282, 7]","Hint: Please answer the question and provide the correct option letter, e.g., A, B, C, D, at the end.
Question: is f(3) > 0?
Choices:
(A) Yes
(B) No"
66,MathVista_MINI,100,1,222,322,"[{'original_size': (320, 562), 'target_size': (308, 560), 'patches_h': 20, 'patches_w': 11, 'total_patches': 220, 'image_tokens': 220, 'total_image_tokens': 222, 'patch_size': 28}]","[151644, 8948, 198, 2610, 525, 264, 10950, 17847, 13, 151645, 198, 151644, 872, 198, 151652, 151655, 151653, 26987, 25, 5209, 4226, 279, 3405, 323, 3410, 279, 4396, 2999, 6524, 11, 384, 1302, 2572, 362, 11, 425, 11, 356, 11, 422, 11, 518, 279, 835, 624, 14582, 25, 22201, 279, 4226]","Hint: Please answer the question and provide the correct option letter, e.g., A, B, C, D, at the end.
Question: Choose the answer for the missing picture.
Choices:
(A) A
(B) B
(C) C
(D) D
(E) E
(F) F"
67,MathVista_MINI,78,1,112,190,"[{'original_size': (320, 292), 'target_size': (308, 280), 'patches_h': 10, 'patches_w': 11, 'total_patches': 110, 'image_tokens': 110, 'total_image_tokens': 112, 'patch_size': 28}]","[151644, 8948, 198, 2610, 525, 264, 10950, 17847, 13, 151645, 198, 151644, 872, 198, 151652, 151655, 151653, 26987, 25, 5209, 4226, 279, 3405, 22703, 458, 7546, 4226, 323, 3410, 279, 1590, 897, 11, 384, 1302, 2572, 220, 16, 11, 220, 17, 11, 220, 18, 11, 518, 279, 835, 624, 14582]","Hint: Please answer the question requiring an integer answer and provide the final value, e.g., 1, 2, 3, at the end.
Question: What is the perimeter of the square?"
68,MathVista_MINI,145,1,29,174,"[{'original_size': (252, 84), 'target_size': (252, 84), 'patches_h': 3, 'patches_w': 9, 'total_patches': 27, 'image_tokens': 27, 'total_image_tokens': 29, 'patch_size': 28}]","[151644, 8948, 198, 2610, 525, 264, 10950, 17847, 13, 151645, 198, 151644, 872, 198, 151652, 151655, 151653, 26987, 25, 5209, 4226, 279, 3405, 323, 3410, 279, 4396, 2999, 6524, 11, 384, 1302, 2572, 362, 11, 425, 11, 356, 11, 422, 11, 518, 279, 835, 624, 14582, 25, 58230, 228, 106804]","Hint: Please answer the question and provide the correct option letter, e.g., A, B, C, D, at the end.
Question: 将一根长度为16cm自然伸直的弹性皮筋AB两端固定在水平的桌面上，然后把中点C竖直向上拉升6cm至D点（如图），则该弹性皮筋被拉长了（）
Choices:
(A) 2cm
(B) 4cm
(C) 6cm
(D) 8cm"
69,MathVista_MINI,88,1,101,189,"[{'original_size': (320, 240), 'target_size': (308, 252), 'patches_h': 9, 'patches_w': 11, 'total_patches': 99, 'image_tokens': 99, 'total_image_tokens': 101, 'patch_size': 28}]","[151644, 8948, 198, 2610, 525, 264, 10950, 17847, 13, 151645, 198, 151644, 872, 198, 151652, 151655, 151653, 26987, 25, 5209, 4226, 279, 3405, 22703, 458, 7546, 4226, 323, 3410, 279, 1590, 897, 11, 384, 1302, 2572, 220, 16, 11, 220, 17, 11, 220, 18, 11, 518, 279, 835, 624, 14582]","Hint: Please answer the question requiring an integer answer and provide the final value, e.g., 1, 2, 3, at the end.
Question: Subtract all big matte balls. Subtract all green rubber objects. How many objects are left?"
70,MathVista_MINI,87,1,1256,1343,"[{'original_size': (2266, 2600), 'target_size': (924, 1064), 'patches_h': 38, 'patches_w': 33, 'total_patches': 1254, 'image_tokens': 1254, 'total_image_tokens': 1256, 'patch_size': 28}]","[151644, 8948, 198, 2610, 525, 264, 10950, 17847, 13, 151645, 198, 151644, 872, 198, 151652, 151655, 151653, 26987, 25, 5209, 4226, 279, 3405, 22703, 458, 7546, 4226, 323, 3410, 279, 1590, 897, 11, 384, 1302, 2572, 220, 16, 11, 220, 17, 11, 220, 18, 11, 518, 279, 835, 624, 14582]","Hint: Please answer the question requiring an integer answer and provide the final value, e.g., 1, 2, 3, at the end.
Question: What is the age gap between these two people in image? (Unit: years)"
71,MathVista_MINI,78,1,72,150,"[{'original_size': (187, 292), 'target_size': (196, 280), 'patches_h': 10, 'patches_w': 7, 'total_patches': 70, 'image_tokens': 70, 'total_image_tokens': 72, 'patch_size': 28}]","[151644, 8948, 198, 2610, 525, 264, 10950, 17847, 13, 151645, 198, 151644, 872, 198, 151652, 151655, 151653, 26987, 25, 5209, 4226, 279, 3405, 22703, 458, 7546, 4226, 323, 3410, 279, 1590, 897, 11, 384, 1302, 2572, 220, 16, 11, 220, 17, 11, 220, 18, 11, 518, 279, 835, 624, 14582]","Hint: Please answer the question requiring an integer answer and provide the final value, e.g., 1, 2, 3, at the end.
Question: What is the perimeter of the rectangle?"
72,MathVista_MINI,103,1,37,140,"[{'original_size': (197, 136), 'target_size': (196, 140), 'patches_h': 5, 'patches_w': 7, 'total_patches': 35, 'image_tokens': 35, 'total_image_tokens': 37, 'patch_size': 28}]","[151644, 8948, 198, 2610, 525, 264, 10950, 17847, 13, 151645, 198, 151644, 872, 198, 151652, 151655, 151653, 26987, 25, 5209, 4226, 279, 3405, 22703, 458, 7546, 4226, 323, 3410, 279, 1590, 897, 11, 384, 1302, 2572, 220, 16, 11, 220, 17, 11, 220, 18, 11, 518, 279, 835, 624, 14582]","Hint: Please answer the question requiring an integer answer and provide the final value, e.g., 1, 2, 3, at the end.
Question: A real estate agent drove around the neighborhood and counted the number of houses on each block. How many blocks have exactly 36 houses? (Unit: blocks)"
73,MathVista_MINI,96,1,324,420,"[{'original_size': (387, 654), 'target_size': (392, 644), 'patches_h': 23, 'patches_w': 14, 'total_patches': 322, 'image_tokens': 322, 'total_image_tokens': 324, 'patch_size': 28}]","[151644, 8948, 198, 2610, 525, 264, 10950, 17847, 13, 151645, 198, 151644, 872, 198, 151652, 151655, 151653, 26987, 25, 5209, 4226, 279, 3405, 323, 3410, 279, 4396, 2999, 6524, 11, 384, 1302, 2572, 362, 11, 425, 11, 356, 11, 422, 11, 518, 279, 835, 624, 14582, 25, 18608, 279, 6172]","Hint: Please answer the question and provide the correct option letter, e.g., A, B, C, D, at the end.
Question: Complete the matrix.
Choices:
(A) A
(B) B
(C) C
(D) D
(E) E
(F) F"
74,MathVista_MINI,91,1,632,723,"[{'original_size': (850, 600), 'target_size': (840, 588), 'patches_h': 21, 'patches_w': 30, 'total_patches': 630, 'image_tokens': 630, 'total_image_tokens': 632, 'patch_size': 28}]","[151644, 8948, 198, 2610, 525, 264, 10950, 17847, 13, 151645, 198, 151644, 872, 198, 151652, 151655, 151653, 26987, 25, 5209, 4226, 279, 3405, 22703, 264, 19057, 16574, 1372, 448, 825, 12122, 1992, 323, 3410, 279, 1590, 897, 11, 384, 1302, 2572, 220, 16, 13, 17, 11, 220, 16, 13, 18]","Hint: Please answer the question requiring a floating-point number with one decimal place and provide the final value, e.g., 1.2, 1.3, 1.4, at the end.
Question: What is the difference of largest and smallest bar?"
75,MathVista_MINI,85,1,268,353,"[{'original_size': (532, 400), 'target_size': (532, 392), 'patches_h': 14, 'patches_w': 19, 'total_patches': 266, 'image_tokens': 266, 'total_image_tokens': 268, 'patch_size': 28}]","[151644, 8948, 198, 2610, 525, 264, 10950, 17847, 13, 151645, 198, 151644, 872, 198, 151652, 151655, 151653, 26987, 25, 5209, 4226, 279, 3405, 323, 3410, 279, 4396, 2999, 6524, 11, 384, 1302, 2572, 362, 11, 425, 11, 356, 11, 422, 11, 518, 279, 835, 624, 14582, 25, 2160, 14722, 8697]","Hint: Please answer the question and provide the correct option letter, e.g., A, B, C, D, at the end.
Question: Is Sky Blue less than Web Maroon?
Choices:
(A) yes
(B) no"
76,MathVista_MINI,96,1,1022,1118,"[{'original_size': (850, 947), 'target_size': (840, 952), 'patches_h': 34, 'patches_w': 30, 'total_patches': 1020, 'image_tokens': 1020, 'total_image_tokens': 1022, 'patch_size': 28}]","[151644, 8948, 198, 2610, 525, 264, 10950, 17847, 13, 151645, 198, 151644, 872, 198, 151652, 151655, 151653, 26987, 25, 5209, 4226, 279, 3405, 323, 3410, 279, 4396, 2999, 6524, 11, 384, 1302, 2572, 362, 11, 425, 11, 356, 11, 422, 11, 518, 279, 835, 624, 14582, 25, 3555, 8573, 311]","Hint: Please answer the question and provide the correct option letter, e.g., A, B, C, D, at the end.
Question: What happens to fish if pelicans increase?
Choices:
(A) decrease
(B) nothing
(C) increase
(D) none of the above"
77,MathVista_MINI,85,1,582,667,"[{'original_size': (800, 557), 'target_size': (812, 560), 'patches_h': 20, 'patches_w': 29, 'total_patches': 580, 'image_tokens': 580, 'total_image_tokens': 582, 'patch_size': 28}]","[151644, 8948, 198, 2610, 525, 264, 10950, 17847, 13, 151645, 198, 151644, 872, 198, 151652, 151655, 151653, 26987, 25, 5209, 4226, 279, 3405, 22703, 458, 7546, 4226, 323, 3410, 279, 1590, 897, 11, 384, 1302, 2572, 220, 16, 11, 220, 17, 11, 220, 18, 11, 518, 279, 835, 624, 14582]","Hint: Please answer the question requiring an integer answer and provide the final value, e.g., 1, 2, 3, at the end.
Question: Which year showed the largest difference in the data points between the two lines"
78,MathVista_MINI,75,1,534,609,"[{'original_size': (1062, 394), 'target_size': (1064, 392), 'patches_h': 14, 'patches_w': 38, 'total_patches': 532, 'image_tokens': 532, 'total_image_tokens': 534, 'patch_size': 28}]","[151644, 8948, 198, 2610, 525, 264, 10950, 17847, 13, 151645, 198, 151644, 872, 198, 151652, 151655, 151653, 26987, 25, 5209, 4226, 279, 3405, 22703, 458, 7546, 4226, 323, 3410, 279, 1590, 897, 11, 384, 1302, 2572, 220, 16, 11, 220, 17, 11, 220, 18, 11, 518, 279, 835, 624, 14582]","Hint: Please answer the question requiring an integer answer and provide the final value, e.g., 1, 2, 3, at the end.
Question: Find the missing value."
79,MathVista_MINI,148,1,18,166,"[{'original_size': (123, 104), 'target_size': (112, 112), 'patches_h': 4, 'patches_w': 4, 'total_patches': 16, 'image_tokens': 16, 'total_image_tokens': 18, 'patch_size': 28}]","[151644, 8948, 198, 2610, 525, 264, 10950, 17847, 13, 151645, 198, 151644, 872, 198, 151652, 151655, 151653, 26987, 25, 5209, 4226, 279, 3405, 323, 3410, 279, 4396, 2999, 6524, 11, 384, 1302, 2572, 362, 11, 425, 11, 356, 11, 422, 11, 518, 279, 835, 624, 14582, 25, 1634, 6839, 304]","Hint: Please answer the question and provide the correct option letter, e.g., A, B, C, D, at the end.
Question: As shown in the figure, points A, B, C, and D are on circle O, and point E is on the extended line of AD. If ∠ABC = 60.0, then the degree of ∠CDE is ()
Choices:
(A) 30°
(B) 45°
(C) 60°
(D) 70°"
80,MathVista_MINI,118,1,93,211,"[{'original_size': (372, 199), 'target_size': (364, 196), 'patches_h': 7, 'patches_w': 13, 'total_patches': 91, 'image_tokens': 91, 'total_image_tokens': 93, 'patch_size': 28}]","[151644, 8948, 198, 2610, 525, 264, 10950, 17847, 13, 151645, 198, 151644, 872, 198, 151652, 151655, 151653, 26987, 25, 5209, 4226, 279, 3405, 323, 3410, 279, 4396, 2999, 6524, 11, 384, 1302, 2572, 362, 11, 425, 11, 356, 11, 422, 11, 518, 279, 835, 624, 14582, 25, 10548, 311, 279]","Hint: Please answer the question and provide the correct option letter, e.g., A, B, C, D, at the end.
Question: According to the food web, what will happen if all the algae died due to pesticides?
Choices:
(A) Crabs and limpets will decrease
(B) Dolphins will increase
(C) Sea gulls will become extinct
(D) Star fish will increase"
81,MathVista_MINI,84,1,354,438,"[{'original_size': (616, 460), 'target_size': (616, 448), 'patches_h': 16, 'patches_w': 22, 'total_patches': 352, 'image_tokens': 352, 'total_image_tokens': 354, 'patch_size': 28}]","[151644, 8948, 198, 2610, 525, 264, 10950, 17847, 13, 151645, 198, 151644, 872, 198, 151652, 151655, 151653, 26987, 25, 5209, 4226, 279, 3405, 22703, 458, 7546, 4226, 323, 3410, 279, 1590, 897, 11, 384, 1302, 2572, 220, 16, 11, 220, 17, 11, 220, 18, 11, 518, 279, 835, 624, 14582]","Hint: Please answer the question requiring an integer answer and provide the final value, e.g., 1, 2, 3, at the end.
Question: What is the value of r at theta=3*pi/2?"
82,MathVista_MINI,125,1,51,176,"[{'original_size': (200, 202), 'target_size': (196, 196), 'patches_h': 7, 'patches_w': 7, 'total_patches': 49, 'image_tokens': 49, 'total_image_tokens': 51, 'patch_size': 28}]","[151644, 8948, 198, 2610, 525, 264, 10950, 17847, 13, 151645, 198, 151644, 872, 198, 151652, 151655, 151653, 26987, 25, 5209, 4226, 279, 3405, 323, 3410, 279, 4396, 2999, 6524, 11, 384, 1302, 2572, 362, 11, 425, 11, 356, 11, 422, 11, 518, 279, 835, 624, 14582, 25, 362, 9334, 374]","Hint: Please answer the question and provide the correct option letter, e.g., A, B, C, D, at the end.
Question: A square is inscribed in a circle of area 18$\pi$ square units. Find the length of a side of the square.
Choices:
(A) 3
(B) 3 \sqrt 2
(C) 6
(D) 6 \sqrt 2"
83,MathVista_MINI,91,1,393,484,"[{'original_size': (640, 480), 'target_size': (644, 476), 'patches_h': 17, 'patches_w': 23, 'total_patches': 391, 'image_tokens': 391, 'total_image_tokens': 393, 'patch_size': 28}]","[151644, 8948, 198, 2610, 525, 264, 10950, 17847, 13, 151645, 198, 151644, 872, 198, 151652, 151655, 151653, 26987, 25, 5209, 4226, 279, 3405, 323, 3410, 279, 4396, 2999, 6524, 11, 384, 1302, 2572, 362, 11, 425, 11, 356, 11, 422, 11, 518, 279, 835, 624, 14582, 25, 2160, 279, 1372]","Hint: Please answer the question and provide the correct option letter, e.g., A, B, C, D, at the end.
Question: Is the number of shiny buss less than the number of matte things?
Choices:
(A) Yes
(B) No"
84,MathVista_MINI,109,1,1262,1371,"[{'original_size': (1194, 1220), 'target_size': (980, 1008), 'patches_h': 36, 'patches_w': 35, 'total_patches': 1260, 'image_tokens': 1260, 'total_image_tokens': 1262, 'patch_size': 28}]","[151644, 8948, 198, 2610, 525, 264, 10950, 17847, 13, 151645, 198, 151644, 872, 198, 151652, 151655, 151653, 26987, 25, 5209, 4226, 279, 3405, 22703, 264, 19057, 16574, 1372, 448, 825, 12122, 1992, 323, 3410, 279, 1590, 897, 11, 384, 1302, 2572, 220, 16, 13, 17, 11, 220, 16, 13, 18]","Hint: Please answer the question requiring a floating-point number with one decimal place and provide the final value, e.g., 1.2, 1.3, 1.4, at the end.
Question: ABCD is a square. Inscribed Circle center is O. Find the the angle of ∠AMK. Return the numeric value."
85,MathVista_MINI,87,1,632,719,"[{'original_size': (850, 600), 'target_size': (840, 588), 'patches_h': 21, 'patches_w': 30, 'total_patches': 630, 'image_tokens': 630, 'total_image_tokens': 632, 'patch_size': 28}]","[151644, 8948, 198, 2610, 525, 264, 10950, 17847, 13, 151645, 198, 151644, 872, 198, 151652, 151655, 151653, 26987, 25, 5209, 4226, 279, 3405, 22703, 458, 7546, 4226, 323, 3410, 279, 1590, 897, 11, 384, 1302, 2572, 220, 16, 11, 220, 17, 11, 220, 18, 11, 518, 279, 835, 624, 14582]","Hint: Please answer the question requiring an integer answer and provide the final value, e.g., 1, 2, 3, at the end.
Question: How many countries have people working for more than 35 hours over the years?"
86,MathVista_MINI,142,1,1244,1386,"[{'original_size': (1734, 1046), 'target_size': (1288, 756), 'patches_h': 27, 'patches_w': 46, 'total_patches': 1242, 'image_tokens': 1242, 'total_image_tokens': 1244, 'patch_size': 28}]","[151644, 8948, 198, 2610, 525, 264, 10950, 17847, 13, 151645, 198, 151644, 872, 198, 151652, 151655, 151653, 26987, 25, 5209, 4226, 279, 3405, 323, 3410, 279, 4396, 2999, 6524, 11, 384, 1302, 2572, 362, 11, 425, 11, 356, 11, 422, 11, 518, 279, 835, 624, 14582, 25, 15920, 1614, 702]","Hint: Please answer the question and provide the correct option letter, e.g., A, B, C, D, at the end.
Question: Which model has the highest Acc score when Pretrain Loss is equal to 1.80?
Choices:
(A) ICL
(B) SFT
(C) SFT 1/8
(D) RFT k=100
(E) RFT k=25
(F) RET k=6
(G) RFT U13B"
87,MathVista_MINI,104,1,93,197,"[{'original_size': (353, 187), 'target_size': (364, 196), 'patches_h': 7, 'patches_w': 13, 'total_patches': 91, 'image_tokens': 91, 'total_image_tokens': 93, 'patch_size': 28}]","[151644, 8948, 198, 2610, 525, 264, 10950, 17847, 13, 151645, 198, 151644, 872, 198, 151652, 151655, 151653, 26987, 25, 5209, 4226, 279, 3405, 323, 3410, 279, 4396, 2999, 6524, 11, 384, 1302, 2572, 362, 11, 425, 11, 356, 11, 422, 11, 518, 279, 835, 624, 14582, 25, 9192, 518, 279]","Hint: Please answer the question and provide the correct option letter, e.g., A, B, C, D, at the end.
Question: Look at the table. Then answer the question. At a price of $790, is there a shortage or a surplus?'
Choices:
(A) shortage
(B) surplus"
88,MathVista_MINI,92,1,162,254,"[{'original_size': (442, 277), 'target_size': (448, 280), 'patches_h': 10, 'patches_w': 16, 'total_patches': 160, 'image_tokens': 160, 'total_image_tokens': 162, 'patch_size': 28}]","[151644, 8948, 198, 2610, 525, 264, 10950, 17847, 13, 151645, 198, 151644, 872, 198, 151652, 151655, 151653, 26987, 25, 5209, 4226, 279, 3405, 22703, 458, 7546, 4226, 323, 3410, 279, 1590, 897, 11, 384, 1302, 2572, 220, 16, 11, 220, 17, 11, 220, 18, 11, 518, 279, 835, 624, 14582]","Hint: Please answer the question requiring an integer answer and provide the final value, e.g., 1, 2, 3, at the end.
Question: A square is tangent to a line at point P in the figure above. What is the value of x?"
89,MathVista_MINI,82,1,324,406,"[{'original_size': (640, 384), 'target_size': (644, 392), 'patches_h': 14, 'patches_w': 23, 'total_patches': 322, 'image_tokens': 322, 'total_image_tokens': 324, 'patch_size': 28}]","[151644, 8948, 198, 2610, 525, 264, 10950, 17847, 13, 151645, 198, 151644, 872, 198, 151652, 151655, 151653, 26987, 25, 5209, 4226, 279, 3405, 22703, 458, 7546, 4226, 323, 3410, 279, 1590, 897, 11, 384, 1302, 2572, 220, 16, 11, 220, 17, 11, 220, 18, 11, 518, 279, 835, 624, 14582]","Hint: Please answer the question requiring an integer answer and provide the final value, e.g., 1, 2, 3, at the end.
Question: How many miles per gallon do an average city bus get?"
90,MathVista_MINI,88,1,101,189,"[{'original_size': (320, 240), 'target_size': (308, 252), 'patches_h': 9, 'patches_w': 11, 'total_patches': 99, 'image_tokens': 99, 'total_image_tokens': 101, 'patch_size': 28}]","[151644, 8948, 198, 2610, 525, 264, 10950, 17847, 13, 151645, 198, 151644, 872, 198, 151652, 151655, 151653, 26987, 25, 5209, 4226, 279, 3405, 22703, 458, 7546, 4226, 323, 3410, 279, 1590, 897, 11, 384, 1302, 2572, 220, 16, 11, 220, 17, 11, 220, 18, 11, 518, 279, 835, 624, 14582]","Hint: Please answer the question requiring an integer answer and provide the final value, e.g., 1, 2, 3, at the end.
Question: Subtract all yellow matte blocks. Subtract all tiny brown cylinders. How many objects are left?"
91,MathVista_MINI,94,1,393,487,"[{'original_size': (640, 480), 'target_size': (644, 476), 'patches_h': 17, 'patches_w': 23, 'total_patches': 391, 'image_tokens': 391, 'total_image_tokens': 393, 'patch_size': 28}]","[151644, 8948, 198, 2610, 525, 264, 10950, 17847, 13, 151645, 198, 151644, 872, 198, 151652, 151655, 151653, 26987, 25, 5209, 4226, 279, 3405, 323, 3410, 279, 4396, 2999, 6524, 11, 384, 1302, 2572, 362, 11, 425, 11, 356, 11, 422, 11, 518, 279, 835, 624, 14582, 25, 2160, 279, 1372]","Hint: Please answer the question and provide the correct option letter, e.g., A, B, C, D, at the end.
Question: Is the number of brown suvs less than the number of brown rubber school buss?
Choices:
(A) Yes
(B) No"
92,MathVista_MINI,88,1,236,324,"[{'original_size': (500, 375), 'target_size': (504, 364), 'patches_h': 13, 'patches_w': 18, 'total_patches': 234, 'image_tokens': 234, 'total_image_tokens': 236, 'patch_size': 28}]","[151644, 8948, 198, 2610, 525, 264, 10950, 17847, 13, 151645, 198, 151644, 872, 198, 151652, 151655, 151653, 26987, 25, 5209, 4226, 279, 3405, 323, 3410, 279, 4396, 2999, 6524, 11, 384, 1302, 2572, 362, 11, 425, 11, 356, 11, 422, 11, 518, 279, 835, 624, 14582, 25, 3155, 279, 11030]","Hint: Please answer the question and provide the correct option letter, e.g., A, B, C, D, at the end.
Question: Do the windows have a geometric shape that most houses have?
Choices:
(A) Yes
(B) No"
93,MathVista_MINI,99,1,582,681,"[{'original_size': (800, 557), 'target_size': (812, 560), 'patches_h': 20, 'patches_w': 29, 'total_patches': 580, 'image_tokens': 580, 'total_image_tokens': 582, 'patch_size': 28}]","[151644, 8948, 198, 2610, 525, 264, 10950, 17847, 13, 151645, 198, 151644, 872, 198, 151652, 151655, 151653, 26987, 25, 5209, 4226, 279, 3405, 22703, 264, 19057, 16574, 1372, 448, 825, 12122, 1992, 323, 3410, 279, 1590, 897, 11, 384, 1302, 2572, 220, 16, 13, 17, 11, 220, 16, 13, 18]","Hint: Please answer the question requiring a floating-point number with one decimal place and provide the final value, e.g., 1.2, 1.3, 1.4, at the end.
Question: What's the computing and wirless total for semiconductor demand in 2014?"
94,MathVista_MINI,141,1,20,161,"[{'original_size': (160, 74), 'target_size': (168, 84), 'patches_h': 3, 'patches_w': 6, 'total_patches': 18, 'image_tokens': 18, 'total_image_tokens': 20, 'patch_size': 28}]","[151644, 8948, 198, 2610, 525, 264, 10950, 17847, 13, 151645, 198, 151644, 872, 198, 151652, 151655, 151653, 26987, 25, 5209, 4226, 279, 3405, 323, 3410, 279, 4396, 2999, 6524, 11, 384, 1302, 2572, 362, 11, 425, 11, 356, 11, 422, 11, 518, 279, 835, 624, 14582, 25, 69372, 28029, 3837]","Hint: Please answer the question and provide the correct option letter, e.g., A, B, C, D, at the end.
Question: 如图，D为△ABC内一点，CD平分∠ACB，BD⊥CD，∠A＝∠ABD，若∠DBC＝54°，则∠A的度数为（）
Choices:
(A) 36°
(B) 44°
(C) 27°
(D) 54°"
95,MathVista_MINI,140,1,26,166,"[{'original_size': (162, 118), 'target_size': (168, 112), 'patches_h': 4, 'patches_w': 6, 'total_patches': 24, 'image_tokens': 24, 'total_image_tokens': 26, 'patch_size': 28}]","[151644, 8948, 198, 2610, 525, 264, 10950, 17847, 13, 151645, 198, 151644, 872, 198, 151652, 151655, 151653, 26987, 25, 5209, 4226, 279, 3405, 323, 3410, 279, 4396, 2999, 6524, 11, 384, 1302, 2572, 362, 11, 425, 11, 356, 11, 422, 11, 518, 279, 835, 624, 14582, 25, 1634, 6839, 304]","Hint: Please answer the question and provide the correct option letter, e.g., A, B, C, D, at the end.
Question: As shown in the figure, the straight lines AB and CD intersect at point O, OD bisects ∠AOE, ∠BOC = 50.0, then ∠EOB = ()
Choices:
(A) 50°
(B) 60°
(C) 70°
(D) 80°"
96,MathVista_MINI,90,1,86,176,"[{'original_size': (186, 328), 'target_size': (196, 336), 'patches_h': 12, 'patches_w': 7, 'total_patches': 84, 'image_tokens': 84, 'total_image_tokens': 86, 'patch_size': 28}]","[151644, 8948, 198, 2610, 525, 264, 10950, 17847, 13, 151645, 198, 151644, 872, 198, 151652, 151655, 151653, 26987, 25, 5209, 4226, 279, 3405, 22703, 264, 19057, 16574, 1372, 448, 825, 12122, 1992, 323, 3410, 279, 1590, 897, 11, 384, 1302, 2572, 220, 16, 13, 17, 11, 220, 16, 13, 18]","Hint: Please answer the question requiring a floating-point number with one decimal place and provide the final value, e.g., 1.2, 1.3, 1.4, at the end.
Question: How many times Dissatisfied more than satisfied?"
97,MathVista_MINI,81,1,258,339,"[{'original_size': (448, 448), 'target_size': (448, 448), 'patches_h': 16, 'patches_w': 16, 'total_patches': 256, 'image_tokens': 256, 'total_image_tokens': 258, 'patch_size': 28}]","[151644, 8948, 198, 2610, 525, 264, 10950, 17847, 13, 151645, 198, 151644, 872, 198, 151652, 151655, 151653, 26987, 25, 5209, 4226, 279, 3405, 22703, 458, 7546, 4226, 323, 3410, 279, 1590, 897, 11, 384, 1302, 2572, 220, 16, 11, 220, 17, 11, 220, 18, 11, 518, 279, 835, 624, 14582]","Hint: Please answer the question requiring an integer answer and provide the final value, e.g., 1, 2, 3, at the end.
Question: How many algorithms have accuracies higher than 9?"
98,MathVista_MINI,80,1,578,658,"[{'original_size': (900, 506), 'target_size': (896, 504), 'patches_h': 18, 'patches_w': 32, 'total_patches': 576, 'image_tokens': 576, 'total_image_tokens': 578, 'patch_size': 28}]","[151644, 8948, 198, 2610, 525, 264, 10950, 17847, 13, 151645, 198, 151644, 872, 198, 151652, 151655, 151653, 26987, 25, 5209, 4226, 279, 3405, 22703, 458, 7546, 4226, 323, 3410, 279, 1590, 897, 11, 384, 1302, 2572, 220, 16, 11, 220, 17, 11, 220, 18, 11, 518, 279, 835, 624, 14582]","Hint: Please answer the question requiring an integer answer and provide the final value, e.g., 1, 2, 3, at the end.
Question: Find the value of the square in the figure."
99,MathVista_MINI,98,1,352,450,"[{'original_size': (700, 400), 'target_size': (700, 392), 'patches_h': 14, 'patches_w': 25, 'total_patches': 350, 'image_tokens': 350, 'total_image_tokens': 352, 'patch_size': 28}]","[151644, 8948, 198, 2610, 525, 264, 10950, 17847, 13, 151645, 198, 151644, 872, 198, 151652, 151655, 151653, 26987, 25, 5209, 4226, 279, 3405, 323, 3410, 279, 4396, 2999, 6524, 11, 384, 1302, 2572, 362, 11, 425, 11, 356, 11, 422, 11, 518, 279, 835, 624, 14582, 25, 15920, 8251, 374]","Hint: Please answer the question and provide the correct option letter, e.g., A, B, C, D, at the end.
Question: Which cat is larger?
Choices:
(A) white five
(B) white three
(C) white four
(D) white one
(E) white two"
100,MathVista_MINI,83,1,258,341,"[{'original_size': (448, 448), 'target_size': (448, 448), 'patches_h': 16, 'patches_w': 16, 'total_patches': 256, 'image_tokens': 256, 'total_image_tokens': 258, 'patch_size': 28}]","[151644, 8948, 198, 2610, 525, 264, 10950, 17847, 13, 151645, 198, 151644, 872, 198, 151652, 151655, 151653, 26987, 25, 5209, 4226, 279, 3405, 22703, 458, 7546, 4226, 323, 3410, 279, 1590, 897, 11, 384, 1302, 2572, 220, 16, 11, 220, 17, 11, 220, 18, 11, 518, 279, 835, 624, 14582]","Hint: Please answer the question requiring an integer answer and provide the final value, e.g., 1, 2, 3, at the end.
Question: What is the sum of all the values in the ruling group?"
101,MathVista_MINI,94,1,561,655,"[{'original_size': (376, 1204), 'target_size': (364, 1204), 'patches_h': 43, 'patches_w': 13, 'total_patches': 559, 'image_tokens': 559, 'total_image_tokens': 561, 'patch_size': 28}]","[151644, 8948, 198, 2610, 525, 264, 10950, 17847, 13, 151645, 198, 151644, 872, 198, 151652, 151655, 151653, 26987, 25, 5209, 4226, 279, 3405, 323, 3410, 279, 4396, 2999, 6524, 11, 384, 1302, 2572, 362, 11, 425, 11, 356, 11, 422, 11, 518, 279, 835, 624, 14582, 25, 15920, 6083, 374]","Hint: Please answer the question and provide the correct option letter, e.g., A, B, C, D, at the end.
Question: Which shape is most erect?
Choices:
(A) Lanceolate
(B) Heart-shaped
(C) Linear
(D) Spatulate"
102,MathVista_MINI,86,1,26,112,"[{'original_size': (106, 156), 'target_size': (112, 168), 'patches_h': 6, 'patches_w': 4, 'total_patches': 24, 'image_tokens': 24, 'total_image_tokens': 26, 'patch_size': 28}]","[151644, 8948, 198, 2610, 525, 264, 10950, 17847, 13, 151645, 198, 151644, 872, 198, 151652, 151655, 151653, 26987, 25, 5209, 4226, 279, 3405, 22703, 458, 7546, 4226, 323, 3410, 279, 1590, 897, 11, 384, 1302, 2572, 220, 16, 11, 220, 17, 11, 220, 18, 11, 518, 279, 835, 624, 14582]","Hint: Please answer the question requiring an integer answer and provide the final value, e.g., 1, 2, 3, at the end.
Question: The shape is made of unit squares. What is the area of the shape?"
103,MathVista_MINI,87,1,101,188,"[{'original_size': (320, 240), 'target_size': (308, 252), 'patches_h': 9, 'patches_w': 11, 'total_patches': 99, 'image_tokens': 99, 'total_image_tokens': 101, 'patch_size': 28}]","[151644, 8948, 198, 2610, 525, 264, 10950, 17847, 13, 151645, 198, 151644, 872, 198, 151652, 151655, 151653, 26987, 25, 5209, 4226, 279, 3405, 22703, 458, 7546, 4226, 323, 3410, 279, 1590, 897, 11, 384, 1302, 2572, 220, 16, 11, 220, 17, 11, 220, 18, 11, 518, 279, 835, 624, 14582]","Hint: Please answer the question requiring an integer answer and provide the final value, e.g., 1, 2, 3, at the end.
Question: Subtract all small purple matte blocks. Subtract all blocks. How many objects are left?"
104,MathVista_MINI,91,1,347,438,"[{'original_size': (640, 427), 'target_size': (644, 420), 'patches_h': 15, 'patches_w': 23, 'total_patches': 345, 'image_tokens': 345, 'total_image_tokens': 347, 'patch_size': 28}]","[151644, 8948, 198, 2610, 525, 264, 10950, 17847, 13, 151645, 198, 151644, 872, 198, 151652, 151655, 151653, 26987, 25, 5209, 4226, 279, 3405, 22703, 264, 19057, 16574, 1372, 448, 825, 12122, 1992, 323, 3410, 279, 1590, 897, 11, 384, 1302, 2572, 220, 16, 13, 17, 11, 220, 16, 13, 18]","Hint: Please answer the question requiring a floating-point number with one decimal place and provide the final value, e.g., 1.2, 1.3, 1.4, at the end.
Question: What is the fraction of females facing the camera?"
105,MathVista_MINI,87,1,366,453,"[{'original_size': (727, 400), 'target_size': (728, 392), 'patches_h': 14, 'patches_w': 26, 'total_patches': 364, 'image_tokens': 364, 'total_image_tokens': 366, 'patch_size': 28}]","[151644, 8948, 198, 2610, 525, 264, 10950, 17847, 13, 151645, 198, 151644, 872, 198, 151652, 151655, 151653, 26987, 25, 5209, 4226, 279, 3405, 323, 3410, 279, 4396, 2999, 6524, 11, 384, 1302, 2572, 362, 11, 425, 11, 356, 11, 422, 11, 518, 279, 835, 624, 14582, 25, 12553, 12258, 73474]","Hint: Please answer the question and provide the correct option letter, e.g., A, B, C, D, at the end.
Question: Does Dark Violet have the minimum area under the curve?
Choices:
(A) yes
(B) no"
106,MathVista_MINI,80,1,258,338,"[{'original_size': (448, 448), 'target_size': (448, 448), 'patches_h': 16, 'patches_w': 16, 'total_patches': 256, 'image_tokens': 256, 'total_image_tokens': 258, 'patch_size': 28}]","[151644, 8948, 198, 2610, 525, 264, 10950, 17847, 13, 151645, 198, 151644, 872, 198, 151652, 151655, 151653, 26987, 25, 5209, 4226, 279, 3405, 22703, 458, 7546, 4226, 323, 3410, 279, 1590, 897, 11, 384, 1302, 2572, 220, 16, 11, 220, 17, 11, 220, 18, 11, 518, 279, 835, 624, 14582]","Hint: Please answer the question requiring an integer answer and provide the final value, e.g., 1, 2, 3, at the end.
Question: How many bars have values smaller than 1?"
107,MathVista_MINI,113,1,51,164,"[{'original_size': (203, 204), 'target_size': (196, 196), 'patches_h': 7, 'patches_w': 7, 'total_patches': 49, 'image_tokens': 49, 'total_image_tokens': 51, 'patch_size': 28}]","[151644, 8948, 198, 2610, 525, 264, 10950, 17847, 13, 151645, 198, 151644, 872, 198, 151652, 151655, 151653, 26987, 25, 5209, 4226, 279, 3405, 323, 3410, 279, 4396, 2999, 6524, 11, 384, 1302, 2572, 362, 11, 425, 11, 356, 11, 422, 11, 518, 279, 835, 624, 14582, 25, 3555, 882, 374]","Hint: Please answer the question and provide the correct option letter, e.g., A, B, C, D, at the end.
Question: What time is shown? Answer by typing a time word, not a number. It is (_) past six.
Choices:
(A) half
(B) quarter
(C) o'clock
(D) quarter to
(E) quarter past"
108,MathVista_MINI,95,1,632,727,"[{'original_size': (850, 600), 'target_size': (840, 588), 'patches_h': 21, 'patches_w': 30, 'total_patches': 630, 'image_tokens': 630, 'total_image_tokens': 632, 'patch_size': 28}]","[151644, 8948, 198, 2610, 525, 264, 10950, 17847, 13, 151645, 198, 151644, 872, 198, 151652, 151655, 151653, 26987, 25, 5209, 4226, 279, 3405, 22703, 264, 19057, 16574, 1372, 448, 1378, 12122, 7482, 323, 3410, 279, 1590, 897, 11, 384, 1302, 2572, 220, 16, 13, 17, 18, 11, 220, 16, 13]","Hint: Please answer the question requiring a floating-point number with two decimal places and provide the final value, e.g., 1.23, 1.34, 1.45, at the end.
Question: Find out the average of the bottom two countries ??"
109,MathVista_MINI,87,1,101,188,"[{'original_size': (320, 240), 'target_size': (308, 252), 'patches_h': 9, 'patches_w': 11, 'total_patches': 99, 'image_tokens': 99, 'total_image_tokens': 101, 'patch_size': 28}]","[151644, 8948, 198, 2610, 525, 264, 10950, 17847, 13, 151645, 198, 151644, 872, 198, 151652, 151655, 151653, 26987, 25, 5209, 4226, 279, 3405, 22703, 458, 7546, 4226, 323, 3410, 279, 1590, 897, 11, 384, 1302, 2572, 220, 16, 11, 220, 17, 11, 220, 18, 11, 518, 279, 835, 624, 14582]","Hint: Please answer the question requiring an integer answer and provide the final value, e.g., 1, 2, 3, at the end.
Question: Subtract all tiny balls. Subtract all green metallic things. How many objects are left?"
110,MathVista_MINI,90,1,632,722,"[{'original_size': (850, 600), 'target_size': (840, 588), 'patches_h': 21, 'patches_w': 30, 'total_patches': 630, 'image_tokens': 630, 'total_image_tokens': 632, 'patch_size': 28}]","[151644, 8948, 198, 2610, 525, 264, 10950, 17847, 13, 151645, 198, 151644, 872, 198, 151652, 151655, 151653, 26987, 25, 5209, 4226, 279, 3405, 323, 3410, 279, 4396, 2999, 6524, 11, 384, 1302, 2572, 362, 11, 425, 11, 356, 11, 422, 11, 518, 279, 835, 624, 14582, 25, 2160, 279, 2629]","Hint: Please answer the question and provide the correct option letter, e.g., A, B, C, D, at the end.
Question: Is the sum of two lowest bar is greater then the largest bar?
Choices:
(A) Yes
(B) No"
111,MathVista_MINI,89,1,101,190,"[{'original_size': (320, 240), 'target_size': (308, 252), 'patches_h': 9, 'patches_w': 11, 'total_patches': 99, 'image_tokens': 99, 'total_image_tokens': 101, 'patch_size': 28}]","[151644, 8948, 198, 2610, 525, 264, 10950, 17847, 13, 151645, 198, 151644, 872, 198, 151652, 151655, 151653, 26987, 25, 5209, 4226, 279, 3405, 22703, 458, 7546, 4226, 323, 3410, 279, 1590, 897, 11, 384, 1302, 2572, 220, 16, 11, 220, 17, 11, 220, 18, 11, 518, 279, 835, 624, 14582]","Hint: Please answer the question requiring an integer answer and provide the final value, e.g., 1, 2, 3, at the end.
Question: Subtract all big gray matte things. Subtract all small metallic cylinders. How many objects are left?"
112,MathVista_MINI,94,1,393,487,"[{'original_size': (640, 480), 'target_size': (644, 476), 'patches_h': 17, 'patches_w': 23, 'total_patches': 391, 'image_tokens': 391, 'total_image_tokens': 393, 'patch_size': 28}]","[151644, 8948, 198, 2610, 525, 264, 10950, 17847, 13, 151645, 198, 151644, 872, 198, 151652, 151655, 151653, 26987, 25, 5209, 4226, 279, 3405, 323, 3410, 279, 4396, 2999, 6524, 11, 384, 1302, 2572, 362, 11, 425, 11, 356, 11, 422, 11, 518, 279, 835, 624, 14582, 25, 2160, 279, 1372]","Hint: Please answer the question and provide the correct option letter, e.g., A, B, C, D, at the end.
Question: Is the number of big cyan airliners less than the number of gray shiny utility bikes?
Choices:
(A) Yes
(B) No"
113,MathVista_MINI,77,1,418,495,"[{'original_size': (721, 458), 'target_size': (728, 448), 'patches_h': 16, 'patches_w': 26, 'total_patches': 416, 'image_tokens': 416, 'total_image_tokens': 418, 'patch_size': 28}]","[151644, 8948, 198, 2610, 525, 264, 10950, 17847, 13, 151645, 198, 151644, 872, 198, 151652, 151655, 151653, 26987, 25, 5209, 4226, 279, 3405, 22703, 458, 7546, 4226, 323, 3410, 279, 1590, 897, 11, 384, 1302, 2572, 220, 16, 11, 220, 17, 11, 220, 18, 11, 518, 279, 835, 624, 14582]","Hint: Please answer the question requiring an integer answer and provide the final value, e.g., 1, 2, 3, at the end.
Question: How many baseballs are there?"
114,MathVista_MINI,122,1,122,244,"[{'original_size': (347, 273), 'target_size': (336, 280), 'patches_h': 10, 'patches_w': 12, 'total_patches': 120, 'image_tokens': 120, 'total_image_tokens': 122, 'patch_size': 28}]","[151644, 8948, 198, 2610, 525, 264, 10950, 17847, 13, 151645, 198, 151644, 872, 198, 151652, 151655, 151653, 26987, 25, 5209, 4226, 279, 3405, 323, 3410, 279, 4396, 2999, 6524, 11, 384, 1302, 2572, 362, 11, 425, 11, 356, 11, 422, 11, 518, 279, 835, 624, 14582, 25, 758, 279, 7071]","Hint: Please answer the question and provide the correct option letter, e.g., A, B, C, D, at the end.
Question: In the figure, KL is tangent to $\odot M$ at K. Find the value of x.
Choices:
(A) 6.00
(B) 9.45
(C) 18.9
(D) 37.8"
115,MathVista_MINI,87,1,1172,1259,"[{'original_size': (826, 1079), 'target_size': (840, 1092), 'patches_h': 39, 'patches_w': 30, 'total_patches': 1170, 'image_tokens': 1170, 'total_image_tokens': 1172, 'patch_size': 28}]","[151644, 8948, 198, 2610, 525, 264, 10950, 17847, 13, 151645, 198, 151644, 872, 198, 151652, 151655, 151653, 26987, 25, 5209, 4226, 279, 3405, 22703, 458, 7546, 4226, 323, 3410, 279, 1590, 897, 11, 384, 1302, 2572, 220, 16, 11, 220, 17, 11, 220, 18, 11, 518, 279, 835, 624, 14582]","Hint: Please answer the question requiring an integer answer and provide the final value, e.g., 1, 2, 3, at the end.
Question: What is the age gap between these two people in image? (Unit: years)"
116,MathVista_MINI,98,1,86,184,"[{'original_size': (350, 187), 'target_size': (336, 196), 'patches_h': 7, 'patches_w': 12, 'total_patches': 84, 'image_tokens': 84, 'total_image_tokens': 86, 'patch_size': 28}]","[151644, 8948, 198, 2610, 525, 264, 10950, 17847, 13, 151645, 198, 151644, 872, 198, 151652, 151655, 151653, 26987, 25, 5209, 4226, 279, 3405, 323, 3410, 279, 4396, 2999, 6524, 11, 384, 1302, 2572, 362, 11, 425, 11, 356, 11, 422, 11, 518, 279, 835, 624, 14582, 25, 15920, 15933, 702]","Hint: Please answer the question and provide the correct option letter, e.g., A, B, C, D, at the end.
Question: Which leaf has the most veins?
Choices:
(A) Acuminate
(B) Truncate
(C) Mucronate
(D) Acute"
117,MathVista_MINI,108,1,210,318,"[{'original_size': (460, 356), 'target_size': (448, 364), 'patches_h': 13, 'patches_w': 16, 'total_patches': 208, 'image_tokens': 208, 'total_image_tokens': 210, 'patch_size': 28}]","[151644, 8948, 198, 2610, 525, 264, 10950, 17847, 13, 151645, 198, 151644, 872, 198, 151652, 151655, 151653, 26987, 25, 5209, 4226, 279, 3405, 323, 3410, 279, 4396, 2999, 6524, 11, 384, 1302, 2572, 362, 11, 425, 11, 356, 11, 422, 11, 518, 279, 835, 624, 14582, 25, 3555, 374, 279]","Hint: Please answer the question and provide the correct option letter, e.g., A, B, C, D, at the end.
Question: What is the range of this function?
Choices:
(A) [0, 2]
(B) [3, 2]
(C) [2, 4]
(D) [-3, 4]"
118,MathVista_MINI,79,1,233,312,"[{'original_size': (600, 296), 'target_size': (588, 308), 'patches_h': 11, 'patches_w': 21, 'total_patches': 231, 'image_tokens': 231, 'total_image_tokens': 233, 'patch_size': 28}]","[151644, 8948, 198, 2610, 525, 264, 10950, 17847, 13, 151645, 198, 151644, 872, 198, 151652, 151655, 151653, 26987, 25, 5209, 4226, 279, 3405, 22703, 458, 7546, 4226, 323, 3410, 279, 1590, 897, 11, 384, 1302, 2572, 220, 16, 11, 220, 17, 11, 220, 18, 11, 518, 279, 835, 624, 14582]","Hint: Please answer the question requiring an integer answer and provide the final value, e.g., 1, 2, 3, at the end.
Question: What is the maximum value of this function?"
119,MathVista_MINI,161,1,26,187,"[{'original_size': (103, 165), 'target_size': (112, 168), 'patches_h': 6, 'patches_w': 4, 'total_patches': 24, 'image_tokens': 24, 'total_image_tokens': 26, 'patch_size': 28}]","[151644, 8948, 198, 2610, 525, 264, 10950, 17847, 13, 151645, 198, 151644, 872, 198, 151652, 151655, 151653, 26987, 25, 5209, 4226, 279, 3405, 323, 3410, 279, 4396, 2999, 6524, 11, 384, 1302, 2572, 362, 11, 425, 11, 356, 11, 422, 11, 518, 279, 835, 624, 14582, 25, 1634, 6839, 304]","Hint: Please answer the question and provide the correct option letter, e.g., A, B, C, D, at the end.
Question: As shown in the figure, P is a point outside ⊙O, PA and PB intersect ⊙O at two points C and D respectively. It is known that the central angles of ⁀AB and ⁀CD are 90.0 and 50.0 respectively, then ∠P = ()
Choices:
(A) 45°
(B) 40°
(C) 25°
(D) 20°"
120,MathVista_MINI,78,1,123,201,"[{'original_size': (312, 320), 'target_size': (308, 308), 'patches_h': 11, 'patches_w': 11, 'total_patches': 121, 'image_tokens': 121, 'total_image_tokens': 123, 'patch_size': 28}]","[151644, 8948, 198, 2610, 525, 264, 10950, 17847, 13, 151645, 198, 151644, 872, 198, 151652, 151655, 151653, 26987, 25, 5209, 4226, 279, 3405, 22703, 458, 7546, 4226, 323, 3410, 279, 1590, 897, 11, 384, 1302, 2572, 220, 16, 11, 220, 17, 11, 220, 18, 11, 518, 279, 835, 624, 14582]","Hint: Please answer the question requiring an integer answer and provide the final value, e.g., 1, 2, 3, at the end.
Question: What is the degree of this function?"
121,MathVista_MINI,119,1,66,185,"[{'original_size': (235, 218), 'target_size': (224, 224), 'patches_h': 8, 'patches_w': 8, 'total_patches': 64, 'image_tokens': 64, 'total_image_tokens': 66, 'patch_size': 28}]","[151644, 8948, 198, 2610, 525, 264, 10950, 17847, 13, 151645, 198, 151644, 872, 198, 151652, 151655, 151653, 26987, 25, 5209, 4226, 279, 3405, 22703, 458, 7546, 4226, 323, 3410, 279, 1590, 897, 11, 384, 1302, 2572, 220, 16, 11, 220, 17, 11, 220, 18, 11, 518, 279, 835, 624, 14582]","Hint: Please answer the question requiring an integer answer and provide the final value, e.g., 1, 2, 3, at the end.
Question: In trying to calculate how much money could be saved by packing lunch, Manny recorded the amount he spent on lunch each day. According to the table, what was the rate of change between Wednesday and Thursday? (Unit: $, per day)"
122,MathVista_MINI,91,1,393,484,"[{'original_size': (640, 480), 'target_size': (644, 476), 'patches_h': 17, 'patches_w': 23, 'total_patches': 391, 'image_tokens': 391, 'total_image_tokens': 393, 'patch_size': 28}]","[151644, 8948, 198, 2610, 525, 264, 10950, 17847, 13, 151645, 198, 151644, 872, 198, 151652, 151655, 151653, 26987, 25, 5209, 4226, 279, 3405, 323, 3410, 279, 4396, 2999, 6524, 11, 384, 1302, 2572, 362, 11, 425, 11, 356, 11, 422, 11, 518, 279, 835, 624, 14582, 25, 8713, 1052, 16745]","Hint: Please answer the question and provide the correct option letter, e.g., A, B, C, D, at the end.
Question: Are there fewer yellow regular buss than small yellow metallic school buss?
Choices:
(A) Yes
(B) No"
123,MathVista_MINI,105,1,317,422,"[{'original_size': (412, 579), 'target_size': (420, 588), 'patches_h': 21, 'patches_w': 15, 'total_patches': 315, 'image_tokens': 315, 'total_image_tokens': 317, 'patch_size': 28}]","[151644, 8948, 198, 2610, 525, 264, 10950, 17847, 13, 151645, 198, 151644, 872, 198, 151652, 151655, 151653, 26987, 25, 5209, 4226, 279, 3405, 323, 3410, 279, 4396, 2999, 6524, 11, 384, 1302, 2572, 362, 11, 425, 11, 356, 11, 422, 11, 518, 279, 835, 624, 14582, 25, 576, 13549, 10868]","Hint: Please answer the question and provide the correct option letter, e.g., A, B, C, D, at the end.
Question: The diagram represents successive rotations, starting from the top down. Which shape comes next?
Choices:
(A) A
(B) B
(C) C
(D) D
(E) E"
124,MathVista_MINI,103,1,170,273,"[{'original_size': (576, 225), 'target_size': (588, 224), 'patches_h': 8, 'patches_w': 21, 'total_patches': 168, 'image_tokens': 168, 'total_image_tokens': 170, 'patch_size': 28}]","[151644, 8948, 198, 2610, 525, 264, 10950, 17847, 13, 151645, 198, 151644, 872, 198, 151652, 151655, 151653, 26987, 25, 5209, 4226, 279, 3405, 323, 3410, 279, 4396, 2999, 6524, 11, 384, 1302, 2572, 362, 11, 425, 11, 356, 11, 422, 11, 518, 279, 835, 624, 14582, 25, 1096, 943, 315]","Hint: Please answer the question and provide the correct option letter, e.g., A, B, C, D, at the end.
Question: This type of leaf arrangement consists of at least three leaves attached to a node.
Choices:
(A) Whorled
(B) Simple
(C) Opposite
(D) Alternate"
125,MathVista_MINI,98,1,1022,1120,"[{'original_size': (850, 947), 'target_size': (840, 952), 'patches_h': 34, 'patches_w': 30, 'total_patches': 1020, 'image_tokens': 1020, 'total_image_tokens': 1022, 'patch_size': 28}]","[151644, 8948, 198, 2610, 525, 264, 10950, 17847, 13, 151645, 198, 151644, 872, 198, 151652, 151655, 151653, 26987, 25, 5209, 4226, 279, 3405, 323, 3410, 279, 4396, 2999, 6524, 11, 384, 1302, 2572, 362, 11, 425, 11, 356, 11, 422, 11, 518, 279, 835, 624, 14582, 25, 3555, 8573, 421]","Hint: Please answer the question and provide the correct option letter, e.g., A, B, C, D, at the end.
Question: What happens if caterpillars decrease?
Choices:
(A) plants decrease
(B) plants increase
(C) nothing happens
(D) none of the above"
126,MathVista_MINI,91,1,640,731,"[{'original_size': (623, 800), 'target_size': (616, 812), 'patches_h': 29, 'patches_w': 22, 'total_patches': 638, 'image_tokens': 638, 'total_image_tokens': 640, 'patch_size': 28}]","[151644, 8948, 198, 2610, 525, 264, 10950, 17847, 13, 151645, 198, 151644, 872, 198, 151652, 151655, 151653, 26987, 25, 5209, 4226, 279, 3405, 22703, 458, 7546, 4226, 323, 3410, 279, 1590, 897, 11, 384, 1302, 2572, 220, 16, 11, 220, 17, 11, 220, 18, 11, 518, 279, 835, 624, 14582]","Hint: Please answer the question requiring an integer answer and provide the final value, e.g., 1, 2, 3, at the end.
Question: What is the age gap between the leftmost and the rigtmost person? (Unit: years)"
127,MathVista_MINI,85,1,258,343,"[{'original_size': (448, 448), 'target_size': (448, 448), 'patches_h': 16, 'patches_w': 16, 'total_patches': 256, 'image_tokens': 256, 'total_image_tokens': 258, 'patch_size': 28}]","[151644, 8948, 198, 2610, 525, 264, 10950, 17847, 13, 151645, 198, 151644, 872, 198, 151652, 151655, 151653, 26987, 25, 5209, 4226, 279, 3405, 22703, 458, 7546, 4226, 323, 3410, 279, 1590, 897, 11, 384, 1302, 2572, 220, 16, 11, 220, 17, 11, 220, 18, 11, 518, 279, 835, 624, 14582]","Hint: Please answer the question requiring an integer answer and provide the final value, e.g., 1, 2, 3, at the end.
Question: How much more accurate is the most accurate algorithm compared the least accurate algorithm?"
128,MathVista_MINI,87,1,101,188,"[{'original_size': (320, 240), 'target_size': (308, 252), 'patches_h': 9, 'patches_w': 11, 'total_patches': 99, 'image_tokens': 99, 'total_image_tokens': 101, 'patch_size': 28}]","[151644, 8948, 198, 2610, 525, 264, 10950, 17847, 13, 151645, 198, 151644, 872, 198, 151652, 151655, 151653, 26987, 25, 5209, 4226, 279, 3405, 22703, 458, 7546, 4226, 323, 3410, 279, 1590, 897, 11, 384, 1302, 2572, 220, 16, 11, 220, 17, 11, 220, 18, 11, 518, 279, 835, 624, 14582]","Hint: Please answer the question requiring an integer answer and provide the final value, e.g., 1, 2, 3, at the end.
Question: Subtract all large metal blocks. Subtract all yellow cylinders. How many objects are left?"
129,MathVista_MINI,93,1,98,191,"[{'original_size': (438, 156), 'target_size': (448, 168), 'patches_h': 6, 'patches_w': 16, 'total_patches': 96, 'image_tokens': 96, 'total_image_tokens': 98, 'patch_size': 28}]","[151644, 8948, 198, 2610, 525, 264, 10950, 17847, 13, 151645, 198, 151644, 872, 198, 151652, 151655, 151653, 26987, 25, 5209, 4226, 279, 3405, 22703, 458, 7546, 4226, 323, 3410, 279, 1590, 897, 11, 384, 1302, 2572, 220, 16, 11, 220, 17, 11, 220, 18, 11, 518, 279, 835, 624, 14582]","Hint: Please answer the question requiring an integer answer and provide the final value, e.g., 1, 2, 3, at the end.
Question: Move the ruler to measure the length of the twig to the nearest inch. The twig is about (_) inches long."
130,MathVista_MINI,86,1,1273,1359,"[{'original_size': (1063, 1403), 'target_size': (868, 1148), 'patches_h': 41, 'patches_w': 31, 'total_patches': 1271, 'image_tokens': 1271, 'total_image_tokens': 1273, 'patch_size': 28}]","[151644, 8948, 198, 2610, 525, 264, 10950, 17847, 13, 151645, 198, 151644, 872, 198, 151652, 151655, 151653, 26987, 25, 5209, 4226, 279, 3405, 22703, 458, 7546, 4226, 323, 3410, 279, 1590, 897, 11, 384, 1302, 2572, 220, 16, 11, 220, 17, 11, 220, 18, 11, 518, 279, 835, 624, 14582]","Hint: Please answer the question requiring an integer answer and provide the final value, e.g., 1, 2, 3, at the end.
Question: How many people in the image were born after the end of World War II?"
131,MathVista_MINI,80,1,582,662,"[{'original_size': (800, 557), 'target_size': (812, 560), 'patches_h': 20, 'patches_w': 29, 'total_patches': 580, 'image_tokens': 580, 'total_image_tokens': 582, 'patch_size': 28}]","[151644, 8948, 198, 2610, 525, 264, 10950, 17847, 13, 151645, 198, 151644, 872, 198, 151652, 151655, 151653, 26987, 25, 5209, 4226, 279, 3405, 22703, 458, 7546, 4226, 323, 3410, 279, 1590, 897, 11, 384, 1302, 2572, 220, 16, 11, 220, 17, 11, 220, 18, 11, 518, 279, 835, 624, 14582]","Hint: Please answer the question requiring an integer answer and provide the final value, e.g., 1, 2, 3, at the end.
Question: How many bars have value below 40?"
132,MathVista_MINI,139,1,38,177,"[{'original_size': (155, 160), 'target_size': (168, 168), 'patches_h': 6, 'patches_w': 6, 'total_patches': 36, 'image_tokens': 36, 'total_image_tokens': 38, 'patch_size': 28}]","[151644, 8948, 198, 2610, 525, 264, 10950, 17847, 13, 151645, 198, 151644, 872, 198, 151652, 151655, 151653, 26987, 25, 5209, 4226, 279, 3405, 323, 3410, 279, 4396, 2999, 6524, 11, 384, 1302, 2572, 362, 11, 425, 11, 356, 11, 422, 11, 518, 279, 835, 624, 14582, 25, 69372, 28029, 96050]","Hint: Please answer the question and provide the correct option letter, e.g., A, B, C, D, at the end.
Question: 如图，在4×4的正方形网格中，每个小正方形的边长均为1，点A，B，C都在格点上，AD⊥BC于D，则AD的长为（）
Choices:
(A) 1
(B) 1.5
(C) 2
(D) \frac{7}{3}"
133,MathVista_MINI,88,1,1037,1125,"[{'original_size': (1268, 650), 'target_size': (1260, 644), 'patches_h': 23, 'patches_w': 45, 'total_patches': 1035, 'image_tokens': 1035, 'total_image_tokens': 1037, 'patch_size': 28}]","[151644, 8948, 198, 2610, 525, 264, 10950, 17847, 13, 151645, 198, 151644, 872, 198, 151652, 151655, 151653, 26987, 25, 5209, 4226, 279, 3405, 22703, 458, 7546, 4226, 323, 3410, 279, 1590, 897, 11, 384, 1302, 2572, 220, 16, 11, 220, 17, 11, 220, 18, 11, 518, 279, 835, 624, 14582]","Hint: Please answer the question requiring an integer answer and provide the final value, e.g., 1, 2, 3, at the end.
Question: In how many years, is the merchandise exports greater than 0.92 %?"
134,MathVista_MINI,307,1,90,397,"[{'original_size': (302, 232), 'target_size': (308, 224), 'patches_h': 8, 'patches_w': 11, 'total_patches': 88, 'image_tokens': 88, 'total_image_tokens': 90, 'patch_size': 28}]","[151644, 8948, 198, 2610, 525, 264, 10950, 17847, 13, 151645, 198, 151644, 872, 198, 151652, 151655, 151653, 26987, 25, 5209, 4226, 279, 3405, 323, 3410, 279, 4396, 2999, 6524, 11, 384, 1302, 2572, 362, 11, 425, 11, 356, 11, 422, 11, 518, 279, 835, 624, 14582, 25, 8853, 646, 990]","Hint: Please answer the question and provide the correct option letter, e.g., A, B, C, D, at the end.
Question: People can use the engineering-design process to develop solutions to problems. One step in the process is testing if a potential solution meets the requirements of the design.
The passage below describes how the engineering-design process was used to test a solution to a problem. Read the passage. Then answer the question below.

Cooper was a landscape architect who was hired to design a new city park. The city council wanted the park to have space for outdoor concerts and to have at least 20% of the park shaded by trees. Cooper thought the concert area should be at least 150 meters from the road so traffic noise didn't interrupt the music. He developed three possible designs for the park with the concert area in a different location in each design. Then, he tested each design by measuring the distance between the road and the concert area.
Figure: studying an architect's design. Which of the following could Cooper's test show?
Choices:
(A) if at least 20% of the park would be shaded by trees in each design
(B) which design would have the least traffic noise in the concert area
(C) which design would have the greatest distance between the concert area and the road"
135,MathVista_MINI,111,1,393,504,"[{'original_size': (640, 480), 'target_size': (644, 476), 'patches_h': 17, 'patches_w': 23, 'total_patches': 391, 'image_tokens': 391, 'total_image_tokens': 393, 'patch_size': 28}]","[151644, 8948, 198, 2610, 525, 264, 10950, 17847, 13, 151645, 198, 151644, 872, 198, 151652, 151655, 151653, 26987, 25, 5209, 4226, 279, 3405, 323, 3410, 279, 4396, 2999, 6524, 11, 384, 1302, 2572, 362, 11, 425, 11, 356, 11, 422, 11, 518, 279, 835, 624, 14582, 25, 2160, 279, 1372]","Hint: Please answer the question and provide the correct option letter, e.g., A, B, C, D, at the end.
Question: Is the number of buss that are in front of the big yellow aeroplane less than the number of matte bicycles that are on the right side of the tiny thing?
Choices:
(A) Yes
(B) No"
136,MathVista_MINI,85,1,242,327,"[{'original_size': (415, 443), 'target_size': (420, 448), 'patches_h': 16, 'patches_w': 15, 'total_patches': 240, 'image_tokens': 240, 'total_image_tokens': 242, 'patch_size': 28}]","[151644, 8948, 198, 2610, 525, 264, 10950, 17847, 13, 151645, 198, 151644, 872, 198, 151652, 151655, 151653, 26987, 25, 5209, 4226, 279, 3405, 22703, 458, 7546, 4226, 323, 3410, 279, 1590, 897, 11, 384, 1302, 2572, 220, 16, 11, 220, 17, 11, 220, 18, 11, 518, 279, 835, 624, 14582]","Hint: Please answer the question requiring an integer answer and provide the final value, e.g., 1, 2, 3, at the end.
Question: What is the difference between the highest and the lowest value of blue bar?"
137,MathVista_MINI,89,1,92,181,"[{'original_size': (258, 291), 'target_size': (252, 280), 'patches_h': 10, 'patches_w': 9, 'total_patches': 90, 'image_tokens': 90, 'total_image_tokens': 92, 'patch_size': 28}]","[151644, 8948, 198, 2610, 525, 264, 10950, 17847, 13, 151645, 198, 151644, 872, 198, 151652, 151655, 151653, 26987, 25, 5209, 4226, 279, 3405, 323, 3410, 279, 4396, 2999, 6524, 11, 384, 1302, 2572, 362, 11, 425, 11, 356, 11, 422, 11, 518, 279, 835, 624, 14582, 25, 2160, 279, 729]","Hint: Please answer the question and provide the correct option letter, e.g., A, B, C, D, at the end.
Question: Is the function (f: R to R) injective?
Choices:
(A) Yes
(B) No"
138,MathVista_MINI,83,1,393,476,"[{'original_size': (640, 480), 'target_size': (644, 476), 'patches_h': 17, 'patches_w': 23, 'total_patches': 391, 'image_tokens': 391, 'total_image_tokens': 393, 'patch_size': 28}]","[151644, 8948, 198, 2610, 525, 264, 10950, 17847, 13, 151645, 198, 151644, 872, 198, 151652, 151655, 151653, 26987, 25, 5209, 4226, 279, 3405, 323, 3410, 279, 4396, 2999, 6524, 11, 384, 1302, 2572, 362, 11, 425, 11, 356, 11, 422, 11, 518, 279, 835, 624, 14582, 25, 2160, 279, 27874]","Hint: Please answer the question and provide the correct option letter, e.g., A, B, C, D, at the end.
Question: Is the sandwich cut in half?
Choices:
(A) Yes
(B) No"
139,MathVista_MINI,84,1,268,352,"[{'original_size': (543, 400), 'target_size': (532, 392), 'patches_h': 14, 'patches_w': 19, 'total_patches': 266, 'image_tokens': 266, 'total_image_tokens': 268, 'patch_size': 28}]","[151644, 8948, 198, 2610, 525, 264, 10950, 17847, 13, 151645, 198, 151644, 872, 198, 151652, 151655, 151653, 26987, 25, 5209, 4226, 279, 3405, 323, 3410, 279, 4396, 2999, 6524, 11, 384, 1302, 2572, 362, 11, 425, 11, 356, 11, 422, 11, 518, 279, 835, 624, 14582, 25, 12553, 2263, 7836]","Hint: Please answer the question and provide the correct option letter, e.g., A, B, C, D, at the end.
Question: Does Indigo have the lowest value?
Choices:
(A) yes
(B) no"
140,MathVista_MINI,92,1,347,439,"[{'original_size': (640, 428), 'target_size': (644, 420), 'patches_h': 15, 'patches_w': 23, 'total_patches': 345, 'image_tokens': 345, 'total_image_tokens': 347, 'patch_size': 28}]","[151644, 8948, 198, 2610, 525, 264, 10950, 17847, 13, 151645, 198, 151644, 872, 198, 151652, 151655, 151653, 26987, 25, 5209, 4226, 279, 3405, 323, 3410, 279, 4396, 2999, 6524, 11, 384, 1302, 2572, 362, 11, 425, 11, 356, 11, 422, 11, 518, 279, 835, 624, 14582, 25, 15920, 3607, 702]","Hint: Please answer the question and provide the correct option letter, e.g., A, B, C, D, at the end.
Question: Which food has the least carbs?
Choices:
(A) soup
(B) water
(C) sandwich
(D) buns"
141,MathVista_MINI,171,1,17,188,"[{'original_size': (78, 128), 'target_size': (84, 140), 'patches_h': 5, 'patches_w': 3, 'total_patches': 15, 'image_tokens': 15, 'total_image_tokens': 17, 'patch_size': 28}]","[151644, 8948, 198, 2610, 525, 264, 10950, 17847, 13, 151645, 198, 151644, 872, 198, 151652, 151655, 151653, 26987, 25, 5209, 4226, 279, 3405, 323, 3410, 279, 4396, 2999, 6524, 11, 384, 1302, 2572, 362, 11, 425, 11, 356, 11, 422, 11, 518, 279, 835, 624, 14582, 25, 1634, 6839, 304]","Hint: Please answer the question and provide the correct option letter, e.g., A, B, C, D, at the end.
Question: As shown in the figure, AB is a long ladder leaning on the wall, the foot of the ladder B is away from the wall 1.6, the point D on the ladder is away from the wall 1.4, the length of BD is 0.55, then the length of the ladder is ()
Choices:
(A) 3.85米
(B) 4.00米
(C) 4.40米
(D) 4.50米"
142,MathVista_MINI,82,1,347,429,"[{'original_size': (640, 425), 'target_size': (644, 420), 'patches_h': 15, 'patches_w': 23, 'total_patches': 345, 'image_tokens': 345, 'total_image_tokens': 347, 'patch_size': 28}]","[151644, 8948, 198, 2610, 525, 264, 10950, 17847, 13, 151645, 198, 151644, 872, 198, 151652, 151655, 151653, 26987, 25, 5209, 4226, 279, 3405, 323, 3410, 279, 4396, 2999, 6524, 11, 384, 1302, 2572, 362, 11, 425, 11, 356, 11, 422, 11, 518, 279, 835, 624, 14582, 25, 2160, 432, 6718]","Hint: Please answer the question and provide the correct option letter, e.g., A, B, C, D, at the end.
Question: Is it split in half?
Choices:
(A) Yes
(B) No"
143,MathVista_MINI,135,1,23,158,"[{'original_size': (204, 85), 'target_size': (196, 84), 'patches_h': 3, 'patches_w': 7, 'total_patches': 21, 'image_tokens': 21, 'total_image_tokens': 23, 'patch_size': 28}]","[151644, 8948, 198, 2610, 525, 264, 10950, 17847, 13, 151645, 198, 151644, 872, 198, 151652, 151655, 151653, 26987, 25, 5209, 4226, 279, 3405, 323, 3410, 279, 4396, 2999, 6524, 11, 384, 1302, 2572, 362, 11, 425, 11, 356, 11, 422, 11, 518, 279, 835, 624, 14582, 25, 1634, 6839, 304]","Hint: Please answer the question and provide the correct option letter, e.g., A, B, C, D, at the end.
Question: As shown in the figure, in the parallelogram ABCD, CE bisects ∠BCD and it intersects the AD edge at point E, and DE = 3.0, then the length of AB is ()
Choices:
(A) 1
(B) 2
(C) 3
(D) 6"
144,MathVista_MINI,103,1,50,153,"[{'original_size': (210, 162), 'target_size': (224, 168), 'patches_h': 6, 'patches_w': 8, 'total_patches': 48, 'image_tokens': 48, 'total_image_tokens': 50, 'patch_size': 28}]","[151644, 8948, 198, 2610, 525, 264, 10950, 17847, 13, 151645, 198, 151644, 872, 198, 151652, 151655, 151653, 26987, 25, 5209, 4226, 279, 3405, 22703, 264, 19057, 16574, 1372, 448, 825, 12122, 1992, 323, 3410, 279, 1590, 897, 11, 384, 1302, 2572, 220, 16, 13, 17, 11, 220, 16, 13, 18]","Hint: Please answer the question requiring a floating-point number with one decimal place and provide the final value, e.g., 1.2, 1.3, 1.4, at the end.
Question: Natalie buys 4.6 kilograms of turmeric. What is the total cost? (Unit: $)"
145,MathVista_MINI,77,1,578,655,"[{'original_size': (900, 506), 'target_size': (896, 504), 'patches_h': 18, 'patches_w': 32, 'total_patches': 576, 'image_tokens': 576, 'total_image_tokens': 578, 'patch_size': 28}]","[151644, 8948, 198, 2610, 525, 264, 10950, 17847, 13, 151645, 198, 151644, 872, 198, 151652, 151655, 151653, 26987, 25, 5209, 4226, 279, 3405, 22703, 458, 7546, 4226, 323, 3410, 279, 1590, 897, 11, 384, 1302, 2572, 220, 16, 11, 220, 17, 11, 220, 18, 11, 518, 279, 835, 624, 14582]","Hint: Please answer the question requiring an integer answer and provide the final value, e.g., 1, 2, 3, at the end.
Question: Can you find the missing term?"
146,MathVista_MINI,90,1,82,172,"[{'original_size': (286, 218), 'target_size': (280, 224), 'patches_h': 8, 'patches_w': 10, 'total_patches': 80, 'image_tokens': 80, 'total_image_tokens': 82, 'patch_size': 28}]","[151644, 8948, 198, 2610, 525, 264, 10950, 17847, 13, 151645, 198, 151644, 872, 198, 151652, 151655, 151653, 26987, 25, 5209, 4226, 279, 3405, 22703, 458, 7546, 4226, 323, 3410, 279, 1590, 897, 11, 384, 1302, 2572, 220, 16, 11, 220, 17, 11, 220, 18, 11, 518, 279, 835, 624, 14582]","Hint: Please answer the question requiring an integer answer and provide the final value, e.g., 1, 2, 3, at the end.
Question: Kimberly's classmates revealed how many science articles they read. What is the range of the numbers?'"
147,MathVista_MINI,141,1,282,423,"[{'original_size': (563, 405), 'target_size': (560, 392), 'patches_h': 14, 'patches_w': 20, 'total_patches': 280, 'image_tokens': 280, 'total_image_tokens': 282, 'patch_size': 28}]","[151644, 8948, 198, 2610, 525, 264, 10950, 17847, 13, 151645, 198, 151644, 872, 198, 151652, 151655, 151653, 26987, 25, 5209, 4226, 279, 3405, 323, 3410, 279, 4396, 2999, 6524, 11, 384, 1302, 2572, 362, 11, 425, 11, 356, 11, 422, 11, 518, 279, 835, 624, 14582, 25, 576, 46187, 3685]","Hint: Please answer the question and provide the correct option letter, e.g., A, B, C, D, at the end.
Question: The diagrams below show two pure samples of gas in identical closed, rigid containers. Each colored ball represents one gas particle. Both samples have the same number of particles. Compare the average kinetic energies of the particles in each sample. Which sample has the higher temperature?
Choices:
(A) neither; the samples have the same temperature
(B) sample B
(C) sample A"
148,MathVista_MINI,97,1,128,225,"[{'original_size': (600, 161), 'target_size': (588, 168), 'patches_h': 6, 'patches_w': 21, 'total_patches': 126, 'image_tokens': 126, 'total_image_tokens': 128, 'patch_size': 28}]","[151644, 8948, 198, 2610, 525, 264, 10950, 17847, 13, 151645, 198, 151644, 872, 198, 151652, 151655, 151653, 26987, 25, 5209, 4226, 279, 3405, 323, 3410, 279, 4396, 2999, 6524, 11, 384, 1302, 2572, 362, 11, 425, 11, 356, 11, 422, 11, 518, 279, 835, 624, 14582, 25, 15920, 15933, 6083]","Hint: Please answer the question and provide the correct option letter, e.g., A, B, C, D, at the end.
Question: Which leaf shape has the smallest base?
Choices:
(A) Hastate
(B) Cordate
(C) Sagittate
(D) Decurrent"
149,MathVista_MINI,126,1,20,146,"[{'original_size': (156, 93), 'target_size': (168, 84), 'patches_h': 3, 'patches_w': 6, 'total_patches': 18, 'image_tokens': 18, 'total_image_tokens': 20, 'patch_size': 28}]","[151644, 8948, 198, 2610, 525, 264, 10950, 17847, 13, 151645, 198, 151644, 872, 198, 151652, 151655, 151653, 26987, 25, 5209, 4226, 279, 3405, 323, 3410, 279, 4396, 2999, 6524, 11, 384, 1302, 2572, 362, 11, 425, 11, 356, 11, 422, 11, 518, 279, 835, 624, 14582, 25, 69372, 28029, 3837]","Hint: Please answer the question and provide the correct option letter, e.g., A, B, C, D, at the end.
Question: 如图，直线l1∥l2，∠1＝50°，∠2＝75°，则∠3＝（）
Choices:
(A) 55°
(B) 60°
(C) 65°
(D) 70°"
150,MathVista_MINI,155,1,22,177,"[{'original_size': (110, 144), 'target_size': (112, 140), 'patches_h': 5, 'patches_w': 4, 'total_patches': 20, 'image_tokens': 20, 'total_image_tokens': 22, 'patch_size': 28}]","[151644, 8948, 198, 2610, 525, 264, 10950, 17847, 13, 151645, 198, 151644, 872, 198, 151652, 151655, 151653, 26987, 25, 5209, 4226, 279, 3405, 323, 3410, 279, 4396, 2999, 6524, 11, 384, 1302, 2572, 362, 11, 425, 11, 356, 11, 422, 11, 518, 279, 835, 624, 14582, 25, 1634, 6839, 304]","Hint: Please answer the question and provide the correct option letter, e.g., A, B, C, D, at the end.
Question: As shown in the figure, points A, B, and C are three points on ⊙O, and the straight line CD and ⊙O are tangent to point C. If ∠DCB = 40.0, then the degree of ∠CAB is ()
Choices:
(A) 40°
(B) 50°
(C) 80°
(D) 100°"
151,MathVista_MINI,141,1,194,335,"[{'original_size': (458, 325), 'target_size': (448, 336), 'patches_h': 12, 'patches_w': 16, 'total_patches': 192, 'image_tokens': 192, 'total_image_tokens': 194, 'patch_size': 28}]","[151644, 8948, 198, 2610, 525, 264, 10950, 17847, 13, 151645, 198, 151644, 872, 198, 151652, 151655, 151653, 26987, 25, 5209, 4226, 279, 3405, 323, 3410, 279, 4396, 2999, 6524, 11, 384, 1302, 2572, 362, 11, 425, 11, 356, 11, 422, 11, 518, 279, 835, 624, 14582, 25, 3197, 1558, 279]","Hint: Please answer the question and provide the correct option letter, e.g., A, B, C, D, at the end.
Question: When does the function reach its local maximum?
Choices:
(A) (u1, u2) = (0, 0)
(B) (u1, u2) = (1, 0)
(C) (u1, u2) = (0, 1)
(D) (u1, u2) = (1, 1)"
152,MathVista_MINI,146,1,58,204,"[{'original_size': (229, 208), 'target_size': (224, 196), 'patches_h': 7, 'patches_w': 8, 'total_patches': 56, 'image_tokens': 56, 'total_image_tokens': 58, 'patch_size': 28}]","[151644, 8948, 198, 2610, 525, 264, 10950, 17847, 13, 151645, 198, 151644, 872, 198, 151652, 151655, 151653, 26987, 25, 5209, 4226, 279, 3405, 323, 3410, 279, 4396, 2999, 6524, 11, 384, 1302, 2572, 362, 11, 425, 11, 356, 11, 422, 11, 518, 279, 835, 624, 14582, 25, 69372, 28029, 3837]","Hint: Please answer the question and provide the correct option letter, e.g., A, B, C, D, at the end.
Question: 如图，直线l1∥l2，将含30°角的直角三角板按如图方式放置，直角顶点在l2上，若∠1＝76°，则∠2＝（）
Choices:
(A) 36°
(B) 45°
(C) 44°
(D) 64°"
153,MathVista_MINI,97,1,317,414,"[{'original_size': (600, 423), 'target_size': (588, 420), 'patches_h': 15, 'patches_w': 21, 'total_patches': 315, 'image_tokens': 315, 'total_image_tokens': 317, 'patch_size': 28}]","[151644, 8948, 198, 2610, 525, 264, 10950, 17847, 13, 151645, 198, 151644, 872, 198, 151652, 151655, 151653, 26987, 25, 5209, 4226, 279, 3405, 323, 3410, 279, 4396, 2999, 6524, 11, 384, 1302, 2572, 362, 11, 425, 11, 356, 11, 422, 11, 518, 279, 835, 624, 14582, 25, 3555, 1035, 387]","Hint: Please answer the question and provide the correct option letter, e.g., A, B, C, D, at the end.
Question: What would be impacted by an increase in owls?
Choices:
(A) sun
(B) grasshoppers
(C) grass
(D) mice"
154,MathVista_MINI,82,1,1082,1164,"[{'original_size': (1114, 744), 'target_size': (1120, 756), 'patches_h': 27, 'patches_w': 40, 'total_patches': 1080, 'image_tokens': 1080, 'total_image_tokens': 1082, 'patch_size': 28}]","[151644, 8948, 198, 2610, 525, 264, 10950, 17847, 13, 151645, 198, 151644, 872, 198, 151652, 151655, 151653, 26987, 25, 5209, 4226, 279, 3405, 323, 3410, 279, 4396, 2999, 6524, 11, 384, 1302, 2572, 362, 11, 425, 11, 356, 11, 422, 11, 518, 279, 835, 624, 14582, 25, 2160, 419, 458]","Hint: Please answer the question and provide the correct option letter, e.g., A, B, C, D, at the end.
Question: Is this an odd function?
Choices:
(A) Yes
(B) No"
155,MathVista_MINI,87,1,296,383,"[{'original_size': (601, 400), 'target_size': (588, 392), 'patches_h': 14, 'patches_w': 21, 'total_patches': 294, 'image_tokens': 294, 'total_image_tokens': 296, 'patch_size': 28}]","[151644, 8948, 198, 2610, 525, 264, 10950, 17847, 13, 151645, 198, 151644, 872, 198, 151652, 151655, 151653, 26987, 25, 5209, 4226, 279, 3405, 323, 3410, 279, 4396, 2999, 6524, 11, 384, 1302, 2572, 362, 11, 425, 11, 356, 11, 422, 11, 518, 279, 835, 624, 14582, 25, 12553, 4895, 7840]","Hint: Please answer the question and provide the correct option letter, e.g., A, B, C, D, at the end.
Question: Does Web Green have the minimum area under the curve?
Choices:
(A) yes
(B) no"
156,MathVista_MINI,86,1,122,208,"[{'original_size': (327, 291), 'target_size': (336, 280), 'patches_h': 10, 'patches_w': 12, 'total_patches': 120, 'image_tokens': 120, 'total_image_tokens': 122, 'patch_size': 28}]","[151644, 8948, 198, 2610, 525, 264, 10950, 17847, 13, 151645, 198, 151644, 872, 198, 151652, 151655, 151653, 26987, 25, 5209, 4226, 279, 3405, 22703, 458, 7546, 4226, 323, 3410, 279, 1590, 897, 11, 384, 1302, 2572, 220, 16, 11, 220, 17, 11, 220, 18, 11, 518, 279, 835, 624, 14582]","Hint: Please answer the question requiring an integer answer and provide the final value, e.g., 1, 2, 3, at the end.
Question: What is the limit of the as x approaches 1 from the left side?"
157,MathVista_MINI,75,1,232,307,"[{'original_size': (637, 279), 'target_size': (644, 280), 'patches_h': 10, 'patches_w': 23, 'total_patches': 230, 'image_tokens': 230, 'total_image_tokens': 232, 'patch_size': 28}]","[151644, 8948, 198, 2610, 525, 264, 10950, 17847, 13, 151645, 198, 151644, 872, 198, 151652, 151655, 151653, 26987, 25, 5209, 4226, 279, 3405, 22703, 458, 7546, 4226, 323, 3410, 279, 1590, 897, 11, 384, 1302, 2572, 220, 16, 11, 220, 17, 11, 220, 18, 11, 518, 279, 835, 624, 14582]","Hint: Please answer the question requiring an integer answer and provide the final value, e.g., 1, 2, 3, at the end.
Question: What number is shown?"
158,MathVista_MINI,87,1,794,881,"[{'original_size': (911, 685), 'target_size': (924, 672), 'patches_h': 24, 'patches_w': 33, 'total_patches': 792, 'image_tokens': 792, 'total_image_tokens': 794, 'patch_size': 28}]","[151644, 8948, 198, 2610, 525, 264, 10950, 17847, 13, 151645, 198, 151644, 872, 198, 151652, 151655, 151653, 26987, 25, 5209, 4226, 279, 3405, 22703, 458, 7546, 4226, 323, 3410, 279, 1590, 897, 11, 384, 1302, 2572, 220, 16, 11, 220, 17, 11, 220, 18, 11, 518, 279, 835, 624, 14582]","Hint: Please answer the question requiring an integer answer and provide the final value, e.g., 1, 2, 3, at the end.
Question: What is the age gap between these two people in image? (Unit: years)"
159,MathVista_MINI,84,1,830,914,"[{'original_size': (1000, 650), 'target_size': (1008, 644), 'patches_h': 23, 'patches_w': 36, 'total_patches': 828, 'image_tokens': 828, 'total_image_tokens': 830, 'patch_size': 28}]","[151644, 8948, 198, 2610, 525, 264, 10950, 17847, 13, 151645, 198, 151644, 872, 198, 151652, 151655, 151653, 26987, 25, 5209, 4226, 279, 3405, 22703, 458, 7546, 4226, 323, 3410, 279, 1590, 897, 11, 384, 1302, 2572, 220, 16, 11, 220, 17, 11, 220, 18, 11, 518, 279, 835, 624, 14582]","Hint: Please answer the question requiring an integer answer and provide the final value, e.g., 1, 2, 3, at the end.
Question: What is the difference between two consecutive major ticks on the Y-axis ?"
160,MathVista_MINI,95,1,82,177,"[{'original_size': (270, 227), 'target_size': (280, 224), 'patches_h': 8, 'patches_w': 10, 'total_patches': 80, 'image_tokens': 80, 'total_image_tokens': 82, 'patch_size': 28}]","[151644, 8948, 198, 2610, 525, 264, 10950, 17847, 13, 151645, 198, 151644, 872, 198, 151652, 151655, 151653, 26987, 25, 5209, 4226, 279, 3405, 323, 3410, 279, 4396, 2999, 6524, 11, 384, 1302, 2572, 362, 11, 425, 11, 356, 11, 422, 11, 518, 279, 835, 624, 14582, 25, 7379, 856, 624]","Hint: Please answer the question and provide the correct option letter, e.g., A, B, C, D, at the end.
Question: Find x.
Choices:
(A) 10
(B) 11
(C) 12
(D) 13"
161,MathVista_MINI,83,1,393,476,"[{'original_size': (640, 480), 'target_size': (644, 476), 'patches_h': 17, 'patches_w': 23, 'total_patches': 391, 'image_tokens': 391, 'total_image_tokens': 393, 'patch_size': 28}]","[151644, 8948, 198, 2610, 525, 264, 10950, 17847, 13, 151645, 198, 151644, 872, 198, 151652, 151655, 151653, 26987, 25, 5209, 4226, 279, 3405, 22703, 458, 7546, 4226, 323, 3410, 279, 1590, 897, 11, 384, 1302, 2572, 220, 16, 11, 220, 17, 11, 220, 18, 11, 518, 279, 835, 624, 14582]","Hint: Please answer the question requiring an integer answer and provide the final value, e.g., 1, 2, 3, at the end.
Question: What is the sum of the two numbers visible in the picture?"
162,MathVista_MINI,110,1,30,140,"[{'original_size': (117, 202), 'target_size': (112, 196), 'patches_h': 7, 'patches_w': 4, 'total_patches': 28, 'image_tokens': 28, 'total_image_tokens': 30, 'patch_size': 28}]","[151644, 8948, 198, 2610, 525, 264, 10950, 17847, 13, 151645, 198, 151644, 872, 198, 151652, 151655, 151653, 26987, 25, 5209, 4226, 279, 3405, 22703, 458, 7546, 4226, 323, 3410, 279, 1590, 897, 11, 384, 1302, 2572, 220, 16, 11, 220, 17, 11, 220, 18, 11, 518, 279, 835, 624, 14582]","Hint: Please answer the question requiring an integer answer and provide the final value, e.g., 1, 2, 3, at the end.
Question: The bird watcher counted the number of birds in each flock that passed overhead. How many flocks had at least 17 birds but fewer than 33 birds? (Unit: flocks)"
163,MathVista_MINI,75,1,232,307,"[{'original_size': (637, 285), 'target_size': (644, 280), 'patches_h': 10, 'patches_w': 23, 'total_patches': 230, 'image_tokens': 230, 'total_image_tokens': 232, 'patch_size': 28}]","[151644, 8948, 198, 2610, 525, 264, 10950, 17847, 13, 151645, 198, 151644, 872, 198, 151652, 151655, 151653, 26987, 25, 5209, 4226, 279, 3405, 22703, 458, 7546, 4226, 323, 3410, 279, 1590, 897, 11, 384, 1302, 2572, 220, 16, 11, 220, 17, 11, 220, 18, 11, 518, 279, 835, 624, 14582]","Hint: Please answer the question requiring an integer answer and provide the final value, e.g., 1, 2, 3, at the end.
Question: What number is shown?"
164,MathVista_MINI,139,1,20,159,"[{'original_size': (161, 84), 'target_size': (168, 84), 'patches_h': 3, 'patches_w': 6, 'total_patches': 18, 'image_tokens': 18, 'total_image_tokens': 20, 'patch_size': 28}]","[151644, 8948, 198, 2610, 525, 264, 10950, 17847, 13, 151645, 198, 151644, 872, 198, 151652, 151655, 151653, 26987, 25, 5209, 4226, 279, 3405, 323, 3410, 279, 4396, 2999, 6524, 11, 384, 1302, 2572, 362, 11, 425, 11, 356, 11, 422, 11, 518, 279, 835, 624, 14582, 25, 1634, 6839, 304]","Hint: Please answer the question and provide the correct option letter, e.g., A, B, C, D, at the end.
Question: As shown in the figure, in ▱ABCD, CE ⊥ AB, point E is the foot of perpendicular, if ∠D = 55.0, then ∠BCE = ()
Choices:
(A) 55°
(B) 35°
(C) 25°
(D) 30°"
165,MathVista_MINI,88,1,101,189,"[{'original_size': (320, 240), 'target_size': (308, 252), 'patches_h': 9, 'patches_w': 11, 'total_patches': 99, 'image_tokens': 99, 'total_image_tokens': 101, 'patch_size': 28}]","[151644, 8948, 198, 2610, 525, 264, 10950, 17847, 13, 151645, 198, 151644, 872, 198, 151652, 151655, 151653, 26987, 25, 5209, 4226, 279, 3405, 22703, 458, 7546, 4226, 323, 3410, 279, 1590, 897, 11, 384, 1302, 2572, 220, 16, 11, 220, 17, 11, 220, 18, 11, 518, 279, 835, 624, 14582]","Hint: Please answer the question requiring an integer answer and provide the final value, e.g., 1, 2, 3, at the end.
Question: Subtract all cyan rubber cylinders. Subtract all tiny shiny cubes. How many objects are left?"
166,MathVista_MINI,97,1,1234,1331,"[{'original_size': (2028, 816), 'target_size': (1568, 616), 'patches_h': 22, 'patches_w': 56, 'total_patches': 1232, 'image_tokens': 1232, 'total_image_tokens': 1234, 'patch_size': 28}]","[151644, 8948, 198, 2610, 525, 264, 10950, 17847, 13, 151645, 198, 151644, 872, 198, 151652, 151655, 151653, 26987, 25, 5209, 4226, 279, 3405, 323, 3410, 279, 4396, 2999, 6524, 11, 384, 1302, 2572, 362, 11, 425, 11, 356, 11, 422, 11, 518, 279, 835, 624, 14582, 25, 15920, 22526, 374]","Hint: Please answer the question and provide the correct option letter, e.g., A, B, C, D, at the end.
Question: Which Shape is missing?
Choices:
(A) A
(B) B
(C) C
(D) D
(E) E
(F) F"
167,MathVista_MINI,79,1,1227,1306,"[{'original_size': (1920, 1920), 'target_size': (980, 980), 'patches_h': 35, 'patches_w': 35, 'total_patches': 1225, 'image_tokens': 1225, 'total_image_tokens': 1227, 'patch_size': 28}]","[151644, 8948, 198, 2610, 525, 264, 10950, 17847, 13, 151645, 198, 151644, 872, 198, 151652, 151655, 151653, 26987, 25, 5209, 4226, 279, 3405, 22703, 458, 7546, 4226, 323, 3410, 279, 1590, 897, 11, 384, 1302, 2572, 220, 16, 11, 220, 17, 11, 220, 18, 11, 518, 279, 835, 624, 14582]","Hint: Please answer the question requiring an integer answer and provide the final value, e.g., 1, 2, 3, at the end.
Question: What is the biggest zero of this function?"
168,MathVista_MINI,142,1,242,384,"[{'original_size': (414, 454), 'target_size': (420, 448), 'patches_h': 16, 'patches_w': 15, 'total_patches': 240, 'image_tokens': 240, 'total_image_tokens': 242, 'patch_size': 28}]","[151644, 8948, 198, 2610, 525, 264, 10950, 17847, 13, 151645, 198, 151644, 872, 198, 151652, 151655, 151653, 26987, 25, 5209, 4226, 279, 3405, 323, 3410, 279, 4396, 2999, 6524, 11, 384, 1302, 2572, 362, 11, 425, 11, 356, 11, 422, 11, 518, 279, 835, 624, 14582, 25, 16246, 429, 279]","Hint: Please answer the question and provide the correct option letter, e.g., A, B, C, D, at the end.
Question: Given that the Hue-Saturation subspace shown in Fig. Q2 is a perfect circle and that colors A, B and C can be represented as the 3 points shown in the subspace. Which color has the smallest saturation coefficient?
Choices:
(A) (c)
(B) (a)
(C) (e)
(D) (d)
(E) (b)"
169,MathVista_MINI,84,1,853,937,"[{'original_size': (1049, 650), 'target_size': (1036, 644), 'patches_h': 23, 'patches_w': 37, 'total_patches': 851, 'image_tokens': 851, 'total_image_tokens': 853, 'patch_size': 28}]","[151644, 8948, 198, 2610, 525, 264, 10950, 17847, 13, 151645, 198, 151644, 872, 198, 151652, 151655, 151653, 26987, 25, 5209, 4226, 279, 3405, 22703, 458, 7546, 4226, 323, 3410, 279, 1590, 897, 11, 384, 1302, 2572, 220, 16, 11, 220, 17, 11, 220, 18, 11, 518, 279, 835, 624, 14582]","Hint: Please answer the question requiring an integer answer and provide the final value, e.g., 1, 2, 3, at the end.
Question: What is the difference between two consecutive major ticks on the Y-axis ?"
170,MathVista_MINI,93,1,233,326,"[{'original_size': (600, 296), 'target_size': (588, 308), 'patches_h': 11, 'patches_w': 21, 'total_patches': 231, 'image_tokens': 231, 'total_image_tokens': 233, 'patch_size': 28}]","[151644, 8948, 198, 2610, 525, 264, 10950, 17847, 13, 151645, 198, 151644, 872, 198, 151652, 151655, 151653, 26987, 25, 5209, 4226, 279, 3405, 323, 3410, 279, 4396, 2999, 6524, 11, 384, 1302, 2572, 362, 11, 425, 11, 356, 11, 422, 11, 518, 279, 835, 624, 14582, 25, 282, 4080, 16]","Hint: Please answer the question and provide the correct option letter, e.g., A, B, C, D, at the end.
Question: f(-1) is ____ f(0).
Choices:
(A) larger than
(B) equal to
(C) smaller than"
171,MathVista_MINI,77,1,121,198,"[{'original_size': (467, 190), 'target_size': (476, 196), 'patches_h': 7, 'patches_w': 17, 'total_patches': 119, 'image_tokens': 119, 'total_image_tokens': 121, 'patch_size': 28}]","[151644, 8948, 198, 2610, 525, 264, 10950, 17847, 13, 151645, 198, 151644, 872, 198, 151652, 151655, 151653, 26987, 25, 5209, 4226, 279, 3405, 22703, 458, 7546, 4226, 323, 3410, 279, 1590, 897, 11, 384, 1302, 2572, 220, 16, 11, 220, 17, 11, 220, 18, 11, 518, 279, 835, 624, 14582]","Hint: Please answer the question requiring an integer answer and provide the final value, e.g., 1, 2, 3, at the end.
Question: How many cinnamon rolls are there?"
172,MathVista_MINI,86,1,268,354,"[{'original_size': (524, 400), 'target_size': (532, 392), 'patches_h': 14, 'patches_w': 19, 'total_patches': 266, 'image_tokens': 266, 'total_image_tokens': 268, 'patch_size': 28}]","[151644, 8948, 198, 2610, 525, 264, 10950, 17847, 13, 151645, 198, 151644, 872, 198, 151652, 151655, 151653, 26987, 25, 5209, 4226, 279, 3405, 323, 3410, 279, 4396, 2999, 6524, 11, 384, 1302, 2572, 362, 11, 425, 11, 356, 11, 422, 11, 518, 279, 835, 624, 14582, 25, 2160, 8658, 15029]","Hint: Please answer the question and provide the correct option letter, e.g., A, B, C, D, at the end.
Question: Is Light Seafoam less than Dark Salmon?
Choices:
(A) yes
(B) no"
173,MathVista_MINI,106,1,393,499,"[{'original_size': (640, 480), 'target_size': (644, 476), 'patches_h': 17, 'patches_w': 23, 'total_patches': 391, 'image_tokens': 391, 'total_image_tokens': 393, 'patch_size': 28}]","[151644, 8948, 198, 2610, 525, 264, 10950, 17847, 13, 151645, 198, 151644, 872, 198, 151652, 151655, 151653, 26987, 25, 5209, 4226, 279, 3405, 323, 3410, 279, 4396, 2999, 6524, 11, 384, 1302, 2572, 362, 11, 425, 11, 356, 11, 422, 11, 518, 279, 835, 624, 14582, 25, 2160, 279, 1372]","Hint: Please answer the question and provide the correct option letter, e.g., A, B, C, D, at the end.
Question: Is the number of small rubber buss behind the big green road bike less than the number of suvs that are behind the large brown matte truck?
Choices:
(A) Yes
(B) No"
174,MathVista_MINI,95,1,393,488,"[{'original_size': (640, 480), 'target_size': (644, 476), 'patches_h': 17, 'patches_w': 23, 'total_patches': 391, 'image_tokens': 391, 'total_image_tokens': 393, 'patch_size': 28}]","[151644, 8948, 198, 2610, 525, 264, 10950, 17847, 13, 151645, 198, 151644, 872, 198, 151652, 151655, 151653, 26987, 25, 5209, 4226, 279, 3405, 323, 3410, 279, 4396, 2999, 6524, 11, 384, 1302, 2572, 362, 11, 425, 11, 356, 11, 422, 11, 518, 279, 835, 624, 14582, 25, 8713, 1052, 16745]","Hint: Please answer the question and provide the correct option letter, e.g., A, B, C, D, at the end.
Question: Are there fewer tiny cyan suvs that are behind the aeroplane than cyan utility bikes?
Choices:
(A) Yes
(B) No"
175,MathVista_MINI,86,1,258,344,"[{'original_size': (448, 448), 'target_size': (448, 448), 'patches_h': 16, 'patches_w': 16, 'total_patches': 256, 'image_tokens': 256, 'total_image_tokens': 258, 'patch_size': 28}]","[151644, 8948, 198, 2610, 525, 264, 10950, 17847, 13, 151645, 198, 151644, 872, 198, 151652, 151655, 151653, 26987, 25, 5209, 4226, 279, 3405, 22703, 458, 7546, 4226, 323, 3410, 279, 1590, 897, 11, 384, 1302, 2572, 220, 16, 11, 220, 17, 11, 220, 18, 11, 518, 279, 835, 624, 14582]","Hint: Please answer the question requiring an integer answer and provide the final value, e.g., 1, 2, 3, at the end.
Question: What is the sum of accuracies of the algorithm liver for all the datasets?"
176,MathVista_MINI,108,1,112,220,"[{'original_size': (305, 292), 'target_size': (308, 280), 'patches_h': 10, 'patches_w': 11, 'total_patches': 110, 'image_tokens': 110, 'total_image_tokens': 112, 'patch_size': 28}]","[151644, 8948, 198, 2610, 525, 264, 10950, 17847, 13, 151645, 198, 151644, 872, 198, 151652, 151655, 151653, 26987, 25, 5209, 4226, 279, 3405, 323, 3410, 279, 4396, 2999, 6524, 11, 384, 1302, 2572, 362, 11, 425, 11, 356, 11, 422, 11, 518, 279, 835, 624, 14582, 25, 7379, 400, 11451]","Hint: Please answer the question and provide the correct option letter, e.g., A, B, C, D, at the end.
Question: Find $RS$ if $\triangle QRS$ is an equilateral triangle.
Choices:
(A) 0.5
(B) 1
(C) 1.5
(D) 2"
177,MathVista_MINI,104,1,393,497,"[{'original_size': (640, 480), 'target_size': (644, 476), 'patches_h': 17, 'patches_w': 23, 'total_patches': 391, 'image_tokens': 391, 'total_image_tokens': 393, 'patch_size': 28}]","[151644, 8948, 198, 2610, 525, 264, 10950, 17847, 13, 151645, 198, 151644, 872, 198, 151652, 151655, 151653, 26987, 25, 5209, 4226, 279, 3405, 323, 3410, 279, 4396, 2999, 6524, 11, 384, 1302, 2572, 362, 11, 425, 11, 356, 11, 422, 11, 518, 279, 835, 624, 14582, 25, 2160, 279, 1372]","Hint: Please answer the question and provide the correct option letter, e.g., A, B, C, D, at the end.
Question: Is the number of brown tandem bikes that are to the left of the small blue matte car greater than the number of tiny blue biplanes?
Choices:
(A) Yes
(B) No"
178,MathVista_MINI,151,1,22,173,"[{'original_size': (129, 99), 'target_size': (140, 112), 'patches_h': 4, 'patches_w': 5, 'total_patches': 20, 'image_tokens': 20, 'total_image_tokens': 22, 'patch_size': 28}]","[151644, 8948, 198, 2610, 525, 264, 10950, 17847, 13, 151645, 198, 151644, 872, 198, 151652, 151655, 151653, 26987, 25, 5209, 4226, 279, 3405, 323, 3410, 279, 4396, 2999, 6524, 11, 384, 1302, 2572, 362, 11, 425, 11, 356, 11, 422, 11, 518, 279, 835, 624, 14582, 25, 69372, 28029, 3837]","Hint: Please answer the question and provide the correct option letter, e.g., A, B, C, D, at the end.
Question: 如图，点A、C在∠FBD的两条边BF、BD上，BE平分∠FBD，CE平分∠ACD，连接AE，若∠BEC＝35°，则∠FAE的度数为（）
Choices:
(A) 35°
(B) 45°
(C) 55°
(D) 65°"
179,MathVista_MINI,130,1,20,150,"[{'original_size': (157, 94), 'target_size': (168, 84), 'patches_h': 3, 'patches_w': 6, 'total_patches': 18, 'image_tokens': 18, 'total_image_tokens': 20, 'patch_size': 28}]","[151644, 8948, 198, 2610, 525, 264, 10950, 17847, 13, 151645, 198, 151644, 872, 198, 151652, 151655, 151653, 26987, 25, 5209, 4226, 279, 3405, 323, 3410, 279, 4396, 2999, 6524, 11, 384, 1302, 2572, 362, 11, 425, 11, 356, 11, 422, 11, 518, 279, 835, 624, 14582, 25, 69372, 28029, 96050]","Hint: Please answer the question and provide the correct option letter, e.g., A, B, C, D, at the end.
Question: 如图，在ABCD中，已知AC＝4cm，若△ACD的周长为14cm，则ABCD的周长为（）
Choices:
(A) 14cm
(B) 28cm
(C) 10cm
(D) 20cm"
180,MathVista_MINI,88,1,101,189,"[{'original_size': (320, 240), 'target_size': (308, 252), 'patches_h': 9, 'patches_w': 11, 'total_patches': 99, 'image_tokens': 99, 'total_image_tokens': 101, 'patch_size': 28}]","[151644, 8948, 198, 2610, 525, 264, 10950, 17847, 13, 151645, 198, 151644, 872, 198, 151652, 151655, 151653, 26987, 25, 5209, 4226, 279, 3405, 22703, 458, 7546, 4226, 323, 3410, 279, 1590, 897, 11, 384, 1302, 2572, 220, 16, 11, 220, 17, 11, 220, 18, 11, 518, 279, 835, 624, 14582]","Hint: Please answer the question requiring an integer answer and provide the final value, e.g., 1, 2, 3, at the end.
Question: Subtract all tiny brown cylinders. Subtract all tiny brown objects. How many objects are left?"
181,MathVista_MINI,85,1,374,459,"[{'original_size': (864, 332), 'target_size': (868, 336), 'patches_h': 12, 'patches_w': 31, 'total_patches': 372, 'image_tokens': 372, 'total_image_tokens': 374, 'patch_size': 28}]","[151644, 8948, 198, 2610, 525, 264, 10950, 17847, 13, 151645, 198, 151644, 872, 198, 151652, 151655, 151653, 26987, 25, 5209, 4226, 279, 3405, 323, 3410, 279, 4396, 2999, 6524, 11, 384, 1302, 2572, 362, 11, 425, 11, 356, 11, 422, 11, 518, 279, 835, 624, 14582, 25, 15920, 2999, 374]","Hint: Please answer the question and provide the correct option letter, e.g., A, B, C, D, at the end.
Question: Which option is correct?
Choices:
(A) A
(B) B
(C) C"
182,MathVista_MINI,83,1,296,379,"[{'original_size': (589, 400), 'target_size': (588, 392), 'patches_h': 14, 'patches_w': 21, 'total_patches': 294, 'image_tokens': 294, 'total_image_tokens': 296, 'patch_size': 28}]","[151644, 8948, 198, 2610, 525, 264, 10950, 17847, 13, 151645, 198, 151644, 872, 198, 151652, 151655, 151653, 26987, 25, 5209, 4226, 279, 3405, 323, 3410, 279, 4396, 2999, 6524, 11, 384, 1302, 2572, 362, 11, 425, 11, 356, 11, 422, 11, 518, 279, 835, 624, 14582, 25, 2160, 4895, 7840]","Hint: Please answer the question and provide the correct option letter, e.g., A, B, C, D, at the end.
Question: Is Web Green greater than Yellow?
Choices:
(A) yes
(B) no"
183,MathVista_MINI,86,1,101,187,"[{'original_size': (320, 240), 'target_size': (308, 252), 'patches_h': 9, 'patches_w': 11, 'total_patches': 99, 'image_tokens': 99, 'total_image_tokens': 101, 'patch_size': 28}]","[151644, 8948, 198, 2610, 525, 264, 10950, 17847, 13, 151645, 198, 151644, 872, 198, 151652, 151655, 151653, 26987, 25, 5209, 4226, 279, 3405, 22703, 458, 7546, 4226, 323, 3410, 279, 1590, 897, 11, 384, 1302, 2572, 220, 16, 11, 220, 17, 11, 220, 18, 11, 518, 279, 835, 624, 14582]","Hint: Please answer the question requiring an integer answer and provide the final value, e.g., 1, 2, 3, at the end.
Question: Subtract all brown cubes. Subtract all gray cylinders. How many objects are left?"
184,MathVista_MINI,80,1,258,338,"[{'original_size': (448, 448), 'target_size': (448, 448), 'patches_h': 16, 'patches_w': 16, 'total_patches': 256, 'image_tokens': 256, 'total_image_tokens': 258, 'patch_size': 28}]","[151644, 8948, 198, 2610, 525, 264, 10950, 17847, 13, 151645, 198, 151644, 872, 198, 151652, 151655, 151653, 26987, 25, 5209, 4226, 279, 3405, 22703, 458, 7546, 4226, 323, 3410, 279, 1590, 897, 11, 384, 1302, 2572, 220, 16, 11, 220, 17, 11, 220, 18, 11, 518, 279, 835, 624, 14582]","Hint: Please answer the question requiring an integer answer and provide the final value, e.g., 1, 2, 3, at the end.
Question: How many bars have values smaller than 0?"
185,MathVista_MINI,143,1,340,483,"[{'original_size': (724, 376), 'target_size': (728, 364), 'patches_h': 13, 'patches_w': 26, 'total_patches': 338, 'image_tokens': 338, 'total_image_tokens': 340, 'patch_size': 28}]","[151644, 8948, 198, 2610, 525, 264, 10950, 17847, 13, 151645, 198, 151644, 872, 198, 151652, 151655, 151653, 26987, 25, 5209, 4226, 279, 3405, 323, 3410, 279, 4396, 2999, 6524, 11, 384, 1302, 2572, 362, 11, 425, 11, 356, 11, 422, 11, 518, 279, 835, 624, 14582, 25, 1527, 2168, 702]","Hint: Please answer the question and provide the correct option letter, e.g., A, B, C, D, at the end.
Question: An image has the gray level PDF $p_r(r)$ shown in Fig. Q1a. One wants to do histogram specification SO that the processed image will have the specified $p_z(z)$ shown in Fig. Q1b. Can we use intensity mapping function $T: z=1-r$ to achieve the goal?
Choices:
(A) True
(B) False"
186,MathVista_MINI,196,1,30,226,"[{'original_size': (183, 112), 'target_size': (196, 112), 'patches_h': 4, 'patches_w': 7, 'total_patches': 28, 'image_tokens': 28, 'total_image_tokens': 30, 'patch_size': 28}]","[151644, 8948, 198, 2610, 525, 264, 10950, 17847, 13, 151645, 198, 151644, 872, 198, 151652, 151655, 151653, 26987, 25, 5209, 4226, 279, 3405, 323, 3410, 279, 4396, 2999, 6524, 11, 384, 1302, 2572, 362, 11, 425, 11, 356, 11, 422, 11, 518, 279, 835, 624, 14582, 25, 1634, 6839, 304]","Hint: Please answer the question and provide the correct option letter, e.g., A, B, C, D, at the end.
Question: As shown in the figure, CD is a plane mirror, the light is emitted from point A, reflected by point E on CD, and irradiated to point B. If the incident angle is α, AC ⊥ CD, BD ⊥ CD, the feet of perpendicular are C, D, and AC = 3.0, BD = 6.0, CD = 10.0, then the length of the line segment ED is ()
Choices:
(A) \frac{20}{3}
(B) \frac{10}{3}
(C) 7
(D) \frac{14}{3}"
187,MathVista_MINI,75,1,232,307,"[{'original_size': (634, 279), 'target_size': (644, 280), 'patches_h': 10, 'patches_w': 23, 'total_patches': 230, 'image_tokens': 230, 'total_image_tokens': 232, 'patch_size': 28}]","[151644, 8948, 198, 2610, 525, 264, 10950, 17847, 13, 151645, 198, 151644, 872, 198, 151652, 151655, 151653, 26987, 25, 5209, 4226, 279, 3405, 22703, 458, 7546, 4226, 323, 3410, 279, 1590, 897, 11, 384, 1302, 2572, 220, 16, 11, 220, 17, 11, 220, 18, 11, 518, 279, 835, 624, 14582]","Hint: Please answer the question requiring an integer answer and provide the final value, e.g., 1, 2, 3, at the end.
Question: What number is shown?"
188,MathVista_MINI,92,1,1275,1367,"[{'original_size': (2226, 634), 'target_size': (1876, 532), 'patches_h': 19, 'patches_w': 67, 'total_patches': 1273, 'image_tokens': 1273, 'total_image_tokens': 1275, 'patch_size': 28}]","[151644, 8948, 198, 2610, 525, 264, 10950, 17847, 13, 151645, 198, 151644, 872, 198, 151652, 151655, 151653, 26987, 25, 5209, 4226, 279, 3405, 22703, 458, 7546, 4226, 323, 3410, 279, 1590, 897, 11, 384, 1302, 2572, 220, 16, 11, 220, 17, 11, 220, 18, 11, 518, 279, 835, 624, 14582]","Hint: Please answer the question requiring an integer answer and provide the final value, e.g., 1, 2, 3, at the end.
Question: How many methods in the table achieve an A-847 score higher than 20.0?"
189,MathVista_MINI,81,1,258,339,"[{'original_size': (448, 448), 'target_size': (448, 448), 'patches_h': 16, 'patches_w': 16, 'total_patches': 256, 'image_tokens': 256, 'total_image_tokens': 258, 'patch_size': 28}]","[151644, 8948, 198, 2610, 525, 264, 10950, 17847, 13, 151645, 198, 151644, 872, 198, 151652, 151655, 151653, 26987, 25, 5209, 4226, 279, 3405, 22703, 458, 7546, 4226, 323, 3410, 279, 1590, 897, 11, 384, 1302, 2572, 220, 16, 11, 220, 17, 11, 220, 18, 11, 518, 279, 835, 624, 14582]","Hint: Please answer the question requiring an integer answer and provide the final value, e.g., 1, 2, 3, at the end.
Question: What is the lowest accuracy reported in the whole chart?"
190,MathVista_MINI,93,1,82,175,"[{'original_size': (438, 132), 'target_size': (448, 140), 'patches_h': 5, 'patches_w': 16, 'total_patches': 80, 'image_tokens': 80, 'total_image_tokens': 82, 'patch_size': 28}]","[151644, 8948, 198, 2610, 525, 264, 10950, 17847, 13, 151645, 198, 151644, 872, 198, 151652, 151655, 151653, 26987, 25, 5209, 4226, 279, 3405, 22703, 458, 7546, 4226, 323, 3410, 279, 1590, 897, 11, 384, 1302, 2572, 220, 16, 11, 220, 17, 11, 220, 18, 11, 518, 279, 835, 624, 14582]","Hint: Please answer the question requiring an integer answer and provide the final value, e.g., 1, 2, 3, at the end.
Question: Move the ruler to measure the length of the nail to the nearest inch. The nail is about (_) inches long."
191,MathVista_MINI,100,1,1002,1102,"[{'original_size': (1116, 700), 'target_size': (1120, 700), 'patches_h': 25, 'patches_w': 40, 'total_patches': 1000, 'image_tokens': 1000, 'total_image_tokens': 1002, 'patch_size': 28}]","[151644, 8948, 198, 2610, 525, 264, 10950, 17847, 13, 151645, 198, 151644, 872, 198, 151652, 151655, 151653, 26987, 25, 5209, 4226, 279, 3405, 22703, 458, 7546, 4226, 323, 3410, 279, 1590, 897, 11, 384, 1302, 2572, 220, 16, 11, 220, 17, 11, 220, 18, 11, 518, 279, 835, 624, 14582]","Hint: Please answer the question requiring an integer answer and provide the final value, e.g., 1, 2, 3, at the end.
Question: In how many years, is the volume of the air carriers in Ethiopia greater than the average volume of the air carriers in Ethiopia taken over all years ?"
192,MathVista_MINI,136,1,22,158,"[{'original_size': (101, 127), 'target_size': (112, 140), 'patches_h': 5, 'patches_w': 4, 'total_patches': 20, 'image_tokens': 20, 'total_image_tokens': 22, 'patch_size': 28}]","[151644, 8948, 198, 2610, 525, 264, 10950, 17847, 13, 151645, 198, 151644, 872, 198, 151652, 151655, 151653, 26987, 25, 5209, 4226, 279, 3405, 323, 3410, 279, 4396, 2999, 6524, 11, 384, 1302, 2572, 362, 11, 425, 11, 356, 11, 422, 11, 518, 279, 835, 624, 14582, 25, 1634, 6839, 304]","Hint: Please answer the question and provide the correct option letter, e.g., A, B, C, D, at the end.
Question: As shown in the figure, the diameter CD of ⊙O crosses the midpoint G of chord EF, ∠DCF = 20.0, then ∠EOD is equal to ()
Choices:
(A) 10°
(B) 20°
(C) 40°
(D) 80°"
193,MathVista_MINI,85,1,101,186,"[{'original_size': (320, 240), 'target_size': (308, 252), 'patches_h': 9, 'patches_w': 11, 'total_patches': 99, 'image_tokens': 99, 'total_image_tokens': 101, 'patch_size': 28}]","[151644, 8948, 198, 2610, 525, 264, 10950, 17847, 13, 151645, 198, 151644, 872, 198, 151652, 151655, 151653, 26987, 25, 5209, 4226, 279, 3405, 22703, 458, 7546, 4226, 323, 3410, 279, 1590, 897, 11, 384, 1302, 2572, 220, 16, 11, 220, 17, 11, 220, 18, 11, 518, 279, 835, 624, 14582]","Hint: Please answer the question requiring an integer answer and provide the final value, e.g., 1, 2, 3, at the end.
Question: Subtract all red things. Subtract all cylinders. How many objects are left?"
194,MathVista_MINI,82,1,347,429,"[{'original_size': (640, 408), 'target_size': (644, 420), 'patches_h': 15, 'patches_w': 23, 'total_patches': 345, 'image_tokens': 345, 'total_image_tokens': 347, 'patch_size': 28}]","[151644, 8948, 198, 2610, 525, 264, 10950, 17847, 13, 151645, 198, 151644, 872, 198, 151652, 151655, 151653, 26987, 25, 5209, 4226, 279, 3405, 22703, 458, 7546, 4226, 323, 3410, 279, 1590, 897, 11, 384, 1302, 2572, 220, 16, 11, 220, 17, 11, 220, 18, 11, 518, 279, 835, 624, 14582]","Hint: Please answer the question requiring an integer answer and provide the final value, e.g., 1, 2, 3, at the end.
Question: On average, how many people can commute on this vehicle?"
195,MathVista_MINI,137,1,14,151,"[{'original_size': (110, 95), 'target_size': (112, 84), 'patches_h': 3, 'patches_w': 4, 'total_patches': 12, 'image_tokens': 12, 'total_image_tokens': 14, 'patch_size': 28}]","[151644, 8948, 198, 2610, 525, 264, 10950, 17847, 13, 151645, 198, 151644, 872, 198, 151652, 151655, 151653, 26987, 25, 5209, 4226, 279, 3405, 323, 3410, 279, 4396, 2999, 6524, 11, 384, 1302, 2572, 362, 11, 425, 11, 356, 11, 422, 11, 518, 279, 835, 624, 14582, 25, 69372, 28029, 3837]","Hint: Please answer the question and provide the correct option letter, e.g., A, B, C, D, at the end.
Question: 如图，AB是⊙O的直径，C，D两点在⊙O上，∠BCD＝25°，则∠AOD的度数为（）
Choices:
(A) 120°
(B) 125°
(C) 130°
(D) 135°"
196,MathVista_MINI,143,1,14,157,"[{'original_size': (110, 81), 'target_size': (112, 84), 'patches_h': 3, 'patches_w': 4, 'total_patches': 12, 'image_tokens': 12, 'total_image_tokens': 14, 'patch_size': 28}]","[151644, 8948, 198, 2610, 525, 264, 10950, 17847, 13, 151645, 198, 151644, 872, 198, 151652, 151655, 151653, 26987, 25, 5209, 4226, 279, 3405, 323, 3410, 279, 4396, 2999, 6524, 11, 384, 1302, 2572, 362, 11, 425, 11, 356, 11, 422, 11, 518, 279, 835, 624, 14582, 25, 69372, 28029, 113004]","Hint: Please answer the question and provide the correct option letter, e.g., A, B, C, D, at the end.
Question: 如图所示，在△ABC中，已知点D，E，F分别为边BC，AD，CE的中点，且S△ABC＝4cm2，则S△DEF等于（）
Choices:
(A) 2cm2
(B) 1cm2
(C) 0.5cm2
(D) 0.25cm2"
197,MathVista_MINI,78,1,1244,1322,"[{'original_size': (1766, 772), 'target_size': (1512, 644), 'patches_h': 23, 'patches_w': 54, 'total_patches': 1242, 'image_tokens': 1242, 'total_image_tokens': 1244, 'patch_size': 28}]","[151644, 8948, 198, 2610, 525, 264, 10950, 17847, 13, 151645, 198, 151644, 872, 198, 151652, 151655, 151653, 26987, 25, 5209, 4226, 279, 3405, 22703, 458, 7546, 4226, 323, 3410, 279, 1590, 897, 11, 384, 1302, 2572, 220, 16, 11, 220, 17, 11, 220, 18, 11, 518, 279, 835, 624, 14582]","Hint: Please answer the question requiring an integer answer and provide the final value, e.g., 1, 2, 3, at the end.
Question: How many sequences have negative Influence Scores?"
198,MathVista_MINI,93,1,866,959,"[{'original_size': (890, 756), 'target_size': (896, 756), 'patches_h': 27, 'patches_w': 32, 'total_patches': 864, 'image_tokens': 864, 'total_image_tokens': 866, 'patch_size': 28}]","[151644, 8948, 198, 2610, 525, 264, 10950, 17847, 13, 151645, 198, 151644, 872, 198, 151652, 151655, 151653, 26987, 25, 5209, 4226, 279, 3405, 323, 3410, 279, 4396, 2999, 6524, 11, 384, 1302, 2572, 362, 11, 425, 11, 356, 11, 422, 11, 518, 279, 835, 624, 14582, 25, 20517, 279, 7402]","Hint: Please answer the question and provide the correct option letter, e.g., A, B, C, D, at the end.
Question: Calculate the missing value.
Choices:
(A) 1
(B) 2
(C) 3
(D) 4"
199,MathVista_MINI,242,1,101,343,"[{'original_size': (262, 303), 'target_size': (252, 308), 'patches_h': 11, 'patches_w': 9, 'total_patches': 99, 'image_tokens': 99, 'total_image_tokens': 101, 'patch_size': 28}]","[151644, 8948, 198, 2610, 525, 264, 10950, 17847, 13, 151645, 198, 151644, 872, 198, 151652, 151655, 151653, 26987, 25, 5209, 4226, 279, 3405, 22703, 264, 19057, 16574, 1372, 448, 1378, 12122, 7482, 323, 3410, 279, 1590, 897, 11, 384, 1302, 2572, 220, 16, 13, 17, 18, 11, 220, 16, 13]","Hint: Please answer the question requiring a floating-point number with two decimal places and provide the final value, e.g., 1.23, 1.34, 1.45, at the end.
Question: Figure 23-42 is a section of a conducting rod of radius $R_1=1.30 \mathrm{~mm}$ and length $L=$ $11.00 \mathrm{~m}$ inside a thin-walled coaxial conducting cylindrical shell of radius $R_2=10.0 R_1$ and the (same) length $L$. The net charge on the rod is $Q_1=+3.40 \times 10^{-12} \mathrm{C}$; that on the shell is $Q_2=-2.00 Q_1$. What is the magnitude $E$ of the electric field at radial distance $r=2.00 R_2$?"
200,MathVista_MINI,84,1,198,282,"[{'original_size': (404, 400), 'target_size': (392, 392), 'patches_h': 14, 'patches_w': 14, 'total_patches': 196, 'image_tokens': 196, 'total_image_tokens': 198, 'patch_size': 28}]","[151644, 8948, 198, 2610, 525, 264, 10950, 17847, 13, 151645, 198, 151644, 872, 198, 151652, 151655, 151653, 26987, 25, 5209, 4226, 279, 3405, 323, 3410, 279, 4396, 2999, 6524, 11, 384, 1302, 2572, 362, 11, 425, 11, 356, 11, 422, 11, 518, 279, 835, 624, 14582, 25, 2160, 8658, 14722]","Hint: Please answer the question and provide the correct option letter, e.g., A, B, C, D, at the end.
Question: Is Light Sky Blue the high median?
Choices:
(A) yes
(B) no"
201,MathVista_MINI,83,1,258,341,"[{'original_size': (448, 448), 'target_size': (448, 448), 'patches_h': 16, 'patches_w': 16, 'total_patches': 256, 'image_tokens': 256, 'total_image_tokens': 258, 'patch_size': 28}]","[151644, 8948, 198, 2610, 525, 264, 10950, 17847, 13, 151645, 198, 151644, 872, 198, 151652, 151655, 151653, 26987, 25, 5209, 4226, 279, 3405, 22703, 458, 7546, 4226, 323, 3410, 279, 1590, 897, 11, 384, 1302, 2572, 220, 16, 11, 220, 17, 11, 220, 18, 11, 518, 279, 835, 624, 14582]","Hint: Please answer the question requiring an integer answer and provide the final value, e.g., 1, 2, 3, at the end.
Question: What is the sum of all the values in the border group?"
202,MathVista_MINI,79,1,258,337,"[{'original_size': (448, 448), 'target_size': (448, 448), 'patches_h': 16, 'patches_w': 16, 'total_patches': 256, 'image_tokens': 256, 'total_image_tokens': 258, 'patch_size': 28}]","[151644, 8948, 198, 2610, 525, 264, 10950, 17847, 13, 151645, 198, 151644, 872, 198, 151652, 151655, 151653, 26987, 25, 5209, 4226, 279, 3405, 22703, 458, 7546, 4226, 323, 3410, 279, 1590, 897, 11, 384, 1302, 2572, 220, 16, 11, 220, 17, 11, 220, 18, 11, 518, 279, 835, 624, 14582]","Hint: Please answer the question requiring an integer answer and provide the final value, e.g., 1, 2, 3, at the end.
Question: What is the value of the smallest bar?"
203,MathVista_MINI,145,1,32,177,"[{'original_size': (172, 151), 'target_size': (168, 140), 'patches_h': 5, 'patches_w': 6, 'total_patches': 30, 'image_tokens': 30, 'total_image_tokens': 32, 'patch_size': 28}]","[151644, 8948, 198, 2610, 525, 264, 10950, 17847, 13, 151645, 198, 151644, 872, 198, 151652, 151655, 151653, 26987, 25, 5209, 4226, 279, 3405, 323, 3410, 279, 4396, 2999, 6524, 11, 384, 1302, 2572, 362, 11, 425, 11, 356, 11, 422, 11, 518, 279, 835, 624, 14582, 25, 69372, 28029, 96050]","Hint: Please answer the question and provide the correct option letter, e.g., A, B, C, D, at the end.
Question: 如图，在5×4的正方形网格中，每个小正方形的边长都是1，△ABC的顶点都在这些小正方形的顶点上，则tan∠BAC的值为（）
Choices:
(A) \frac{4}{3}
(B) 0.75
(C) 0.6
(D) 0.8"
204,MathVista_MINI,98,1,262,360,"[{'original_size': (564, 376), 'target_size': (560, 364), 'patches_h': 13, 'patches_w': 20, 'total_patches': 260, 'image_tokens': 260, 'total_image_tokens': 262, 'patch_size': 28}]","[151644, 8948, 198, 2610, 525, 264, 10950, 17847, 13, 151645, 198, 151644, 872, 198, 151652, 151655, 151653, 26987, 25, 5209, 4226, 279, 3405, 22703, 458, 7546, 4226, 323, 3410, 279, 1590, 897, 11, 384, 1302, 2572, 220, 16, 11, 220, 17, 11, 220, 18, 11, 518, 279, 835, 624, 14582]","Hint: Please answer the question requiring an integer answer and provide the final value, e.g., 1, 2, 3, at the end.
Question: از سمت راست تصویر درب دوم چند شیشه بدون رنگ داره؟"
205,MathVista_MINI,97,1,93,190,"[{'original_size': (351, 190), 'target_size': (364, 196), 'patches_h': 7, 'patches_w': 13, 'total_patches': 91, 'image_tokens': 91, 'total_image_tokens': 93, 'patch_size': 28}]","[151644, 8948, 198, 2610, 525, 264, 10950, 17847, 13, 151645, 198, 151644, 872, 198, 151652, 151655, 151653, 26987, 25, 5209, 4226, 279, 3405, 22703, 458, 7546, 4226, 323, 3410, 279, 1590, 897, 11, 384, 1302, 2572, 220, 16, 11, 220, 17, 11, 220, 18, 11, 518, 279, 835, 624, 14582]","Hint: Please answer the question requiring an integer answer and provide the final value, e.g., 1, 2, 3, at the end.
Question: A statistician analyzed the number of runs scored by players last season. How many players scored more than 2 runs last season?'"
206,MathVista_MINI,101,1,574,675,"[{'original_size': (731, 611), 'target_size': (728, 616), 'patches_h': 22, 'patches_w': 26, 'total_patches': 572, 'image_tokens': 572, 'total_image_tokens': 574, 'patch_size': 28}]","[151644, 8948, 198, 2610, 525, 264, 10950, 17847, 13, 151645, 198, 151644, 872, 198, 151652, 151655, 151653, 26987, 25, 5209, 4226, 279, 3405, 323, 3410, 279, 4396, 2999, 6524, 11, 384, 1302, 2572, 362, 11, 425, 11, 356, 11, 422, 11, 518, 279, 835, 624, 14582, 25, 7379, 279, 5452]","Hint: Please answer the question and provide the correct option letter, e.g., A, B, C, D, at the end.
Question: Find the scale factor from $Q$ to $Q'$.
Choices:
(A) 2
(B) 3
(C) 4
(D) 5"
207,MathVista_MINI,85,1,258,343,"[{'original_size': (448, 448), 'target_size': (448, 448), 'patches_h': 16, 'patches_w': 16, 'total_patches': 256, 'image_tokens': 256, 'total_image_tokens': 258, 'patch_size': 28}]","[151644, 8948, 198, 2610, 525, 264, 10950, 17847, 13, 151645, 198, 151644, 872, 198, 151652, 151655, 151653, 26987, 25, 5209, 4226, 279, 3405, 22703, 458, 7546, 4226, 323, 3410, 279, 1590, 897, 11, 384, 1302, 2572, 220, 16, 11, 220, 17, 11, 220, 18, 11, 518, 279, 835, 624, 14582]","Hint: Please answer the question requiring an integer answer and provide the final value, e.g., 1, 2, 3, at the end.
Question: What is the sum of the accuracies of the algorithms magic and secure?"
208,MathVista_MINI,91,1,79,170,"[{'original_size': (300, 195), 'target_size': (308, 196), 'patches_h': 7, 'patches_w': 11, 'total_patches': 77, 'image_tokens': 77, 'total_image_tokens': 79, 'patch_size': 28}]","[151644, 8948, 198, 2610, 525, 264, 10950, 17847, 13, 151645, 198, 151644, 872, 198, 151652, 151655, 151653, 26987, 25, 5209, 4226, 279, 3405, 22703, 458, 7546, 4226, 323, 3410, 279, 1590, 897, 11, 384, 1302, 2572, 220, 16, 11, 220, 17, 11, 220, 18, 11, 518, 279, 835, 624, 14582]","Hint: Please answer the question requiring an integer answer and provide the final value, e.g., 1, 2, 3, at the end.
Question: What is the age gap between the leftmost and the rigtmost person? (Unit: years)"
209,MathVista_MINI,91,1,582,673,"[{'original_size': (800, 557), 'target_size': (812, 560), 'patches_h': 20, 'patches_w': 29, 'total_patches': 580, 'image_tokens': 580, 'total_image_tokens': 582, 'patch_size': 28}]","[151644, 8948, 198, 2610, 525, 264, 10950, 17847, 13, 151645, 198, 151644, 872, 198, 151652, 151655, 151653, 26987, 25, 5209, 4226, 279, 3405, 22703, 264, 19057, 16574, 1372, 448, 825, 12122, 1992, 323, 3410, 279, 1590, 897, 11, 384, 1302, 2572, 220, 16, 13, 17, 11, 220, 16, 13, 18]","Hint: Please answer the question requiring a floating-point number with one decimal place and provide the final value, e.g., 1.2, 1.3, 1.4, at the end.
Question: What is the highest value in black line chart ?"
210,MathVista_MINI,86,1,236,322,"[{'original_size': (493, 370), 'target_size': (504, 364), 'patches_h': 13, 'patches_w': 18, 'total_patches': 234, 'image_tokens': 234, 'total_image_tokens': 236, 'patch_size': 28}]","[151644, 8948, 198, 2610, 525, 264, 10950, 17847, 13, 151645, 198, 151644, 872, 198, 151652, 151655, 151653, 26987, 25, 5209, 4226, 279, 3405, 22703, 458, 7546, 4226, 323, 3410, 279, 1590, 897, 11, 384, 1302, 2572, 220, 16, 11, 220, 17, 11, 220, 18, 11, 518, 279, 835, 624, 14582]","Hint: Please answer the question requiring an integer answer and provide the final value, e.g., 1, 2, 3, at the end.
Question: How many people in the image were born after the end of World War II?"
211,MathVista_MINI,81,1,258,339,"[{'original_size': (448, 448), 'target_size': (448, 448), 'patches_h': 16, 'patches_w': 16, 'total_patches': 256, 'image_tokens': 256, 'total_image_tokens': 258, 'patch_size': 28}]","[151644, 8948, 198, 2610, 525, 264, 10950, 17847, 13, 151645, 198, 151644, 872, 198, 151652, 151655, 151653, 26987, 25, 5209, 4226, 279, 3405, 22703, 458, 7546, 4226, 323, 3410, 279, 1590, 897, 11, 384, 1302, 2572, 220, 16, 11, 220, 17, 11, 220, 18, 11, 518, 279, 835, 624, 14582]","Hint: Please answer the question requiring an integer answer and provide the final value, e.g., 1, 2, 3, at the end.
Question: How many algorithms have accuracies higher than 2?"
212,MathVista_MINI,82,1,198,280,"[{'original_size': (403, 400), 'target_size': (392, 392), 'patches_h': 14, 'patches_w': 14, 'total_patches': 196, 'image_tokens': 196, 'total_image_tokens': 198, 'patch_size': 28}]","[151644, 8948, 198, 2610, 525, 264, 10950, 17847, 13, 151645, 198, 151644, 872, 198, 151652, 151655, 151653, 26987, 25, 5209, 4226, 279, 3405, 323, 3410, 279, 4396, 2999, 6524, 11, 384, 1302, 2572, 362, 11, 425, 11, 356, 11, 422, 11, 518, 279, 835, 624, 14582, 25, 2160, 21330, 38753]","Hint: Please answer the question and provide the correct option letter, e.g., A, B, C, D, at the end.
Question: Is Cornflower the minimum?
Choices:
(A) yes
(B) no"
213,MathVista_MINI,85,1,582,667,"[{'original_size': (800, 557), 'target_size': (812, 560), 'patches_h': 20, 'patches_w': 29, 'total_patches': 580, 'image_tokens': 580, 'total_image_tokens': 582, 'patch_size': 28}]","[151644, 8948, 198, 2610, 525, 264, 10950, 17847, 13, 151645, 198, 151644, 872, 198, 151652, 151655, 151653, 26987, 25, 5209, 4226, 279, 3405, 22703, 458, 7546, 4226, 323, 3410, 279, 1590, 897, 11, 384, 1302, 2572, 220, 16, 11, 220, 17, 11, 220, 18, 11, 518, 279, 835, 624, 14582]","Hint: Please answer the question requiring an integer answer and provide the final value, e.g., 1, 2, 3, at the end.
Question: In which year there was lowest per capita real gross domestic product of ohio?"
214,MathVista_MINI,104,1,1002,1106,"[{'original_size': (1109, 700), 'target_size': (1120, 700), 'patches_h': 25, 'patches_w': 40, 'total_patches': 1000, 'image_tokens': 1000, 'total_image_tokens': 1002, 'patch_size': 28}]","[151644, 8948, 198, 2610, 525, 264, 10950, 17847, 13, 151645, 198, 151644, 872, 198, 151652, 151655, 151653, 26987, 25, 5209, 4226, 279, 3405, 22703, 458, 7546, 4226, 323, 3410, 279, 1590, 897, 11, 384, 1302, 2572, 220, 16, 11, 220, 17, 11, 220, 18, 11, 518, 279, 835, 624, 14582]","Hint: Please answer the question requiring an integer answer and provide the final value, e.g., 1, 2, 3, at the end.
Question: In how many years, is the percentage of amount earned from merchandise imports in Canada greater than the average percentage of amount earned from merchandise imports in Canada taken over all years ?"
215,MathVista_MINI,98,1,74,172,"[{'original_size': (212, 249), 'target_size': (224, 252), 'patches_h': 9, 'patches_w': 8, 'total_patches': 72, 'image_tokens': 72, 'total_image_tokens': 74, 'patch_size': 28}]","[151644, 8948, 198, 2610, 525, 264, 10950, 17847, 13, 151645, 198, 151644, 872, 198, 151652, 151655, 151653, 26987, 25, 5209, 4226, 279, 3405, 22703, 458, 7546, 4226, 323, 3410, 279, 1590, 897, 11, 384, 1302, 2572, 220, 16, 11, 220, 17, 11, 220, 18, 11, 518, 279, 835, 624, 14582]","Hint: Please answer the question requiring an integer answer and provide the final value, e.g., 1, 2, 3, at the end.
Question: Layla went on a camping trip and logged the number of miles she hiked each day. What is the range of the numbers?'"
216,MathVista_MINI,84,1,258,342,"[{'original_size': (448, 448), 'target_size': (448, 448), 'patches_h': 16, 'patches_w': 16, 'total_patches': 256, 'image_tokens': 256, 'total_image_tokens': 258, 'patch_size': 28}]","[151644, 8948, 198, 2610, 525, 264, 10950, 17847, 13, 151645, 198, 151644, 872, 198, 151652, 151655, 151653, 26987, 25, 5209, 4226, 279, 3405, 22703, 458, 7546, 4226, 323, 3410, 279, 1590, 897, 11, 384, 1302, 2572, 220, 16, 11, 220, 17, 11, 220, 18, 11, 518, 279, 835, 624, 14582]","Hint: Please answer the question requiring an integer answer and provide the final value, e.g., 1, 2, 3, at the end.
Question: What percentage of people like the most preferred object in the whole chart?"
217,MathVista_MINI,78,1,79,157,"[{'original_size': (304, 202), 'target_size': (308, 196), 'patches_h': 7, 'patches_w': 11, 'total_patches': 77, 'image_tokens': 77, 'total_image_tokens': 79, 'patch_size': 28}]","[151644, 8948, 198, 2610, 525, 264, 10950, 17847, 13, 151645, 198, 151644, 872, 198, 151652, 151655, 151653, 26987, 25, 5209, 4226, 279, 3405, 22703, 458, 7546, 4226, 323, 3410, 279, 1590, 897, 11, 384, 1302, 2572, 220, 16, 11, 220, 17, 11, 220, 18, 11, 518, 279, 835, 624, 14582]","Hint: Please answer the question requiring an integer answer and provide the final value, e.g., 1, 2, 3, at the end.
Question: What is the degree of this function?"
218,MathVista_MINI,90,1,101,191,"[{'original_size': (320, 240), 'target_size': (308, 252), 'patches_h': 9, 'patches_w': 11, 'total_patches': 99, 'image_tokens': 99, 'total_image_tokens': 101, 'patch_size': 28}]","[151644, 8948, 198, 2610, 525, 264, 10950, 17847, 13, 151645, 198, 151644, 872, 198, 151652, 151655, 151653, 26987, 25, 5209, 4226, 279, 3405, 22703, 458, 7546, 4226, 323, 3410, 279, 1590, 897, 11, 384, 1302, 2572, 220, 16, 11, 220, 17, 11, 220, 18, 11, 518, 279, 835, 624, 14582]","Hint: Please answer the question requiring an integer answer and provide the final value, e.g., 1, 2, 3, at the end.
Question: Subtract all large red rubber blocks. Subtract all tiny red matte objects. How many objects are left?"
219,MathVista_MINI,79,1,258,337,"[{'original_size': (448, 448), 'target_size': (448, 448), 'patches_h': 16, 'patches_w': 16, 'total_patches': 256, 'image_tokens': 256, 'total_image_tokens': 258, 'patch_size': 28}]","[151644, 8948, 198, 2610, 525, 264, 10950, 17847, 13, 151645, 198, 151644, 872, 198, 151652, 151655, 151653, 26987, 25, 5209, 4226, 279, 3405, 22703, 458, 7546, 4226, 323, 3410, 279, 1590, 897, 11, 384, 1302, 2572, 220, 16, 11, 220, 17, 11, 220, 18, 11, 518, 279, 835, 624, 14582]","Hint: Please answer the question requiring an integer answer and provide the final value, e.g., 1, 2, 3, at the end.
Question: What is the value of the smallest bar?"
220,MathVista_MINI,142,1,22,164,"[{'original_size': (124, 128), 'target_size': (112, 140), 'patches_h': 5, 'patches_w': 4, 'total_patches': 20, 'image_tokens': 20, 'total_image_tokens': 22, 'patch_size': 28}]","[151644, 8948, 198, 2610, 525, 264, 10950, 17847, 13, 151645, 198, 151644, 872, 198, 151652, 151655, 151653, 26987, 25, 5209, 4226, 279, 3405, 323, 3410, 279, 4396, 2999, 6524, 11, 384, 1302, 2572, 362, 11, 425, 11, 356, 11, 422, 11, 518, 279, 835, 624, 14582, 25, 1634, 6839, 304]","Hint: Please answer the question and provide the correct option letter, e.g., A, B, C, D, at the end.
Question: As shown in the figure, ⊙O is the circumscribed circle of the quadrilateral ABCD, if ∠O = 110.0, then the degree of ∠C is ()
Choices:
(A) 125°
(B) 120°
(C) 105°
(D) 90°"
221,MathVista_MINI,136,1,18,154,"[{'original_size': (102, 108), 'target_size': (112, 112), 'patches_h': 4, 'patches_w': 4, 'total_patches': 16, 'image_tokens': 16, 'total_image_tokens': 18, 'patch_size': 28}]","[151644, 8948, 198, 2610, 525, 264, 10950, 17847, 13, 151645, 198, 151644, 872, 198, 151652, 151655, 151653, 26987, 25, 5209, 4226, 279, 3405, 323, 3410, 279, 4396, 2999, 6524, 11, 384, 1302, 2572, 362, 11, 425, 11, 356, 11, 422, 11, 518, 279, 835, 624, 14582, 25, 1634, 6839, 304]","Hint: Please answer the question and provide the correct option letter, e.g., A, B, C, D, at the end.
Question: As shown in the figure, A, B, C are three points on ⊙O, ∠ACB = 25.0, then the degree of ∠BAO is ()
Choices:
(A) 50°
(B) 55°
(C) 60°
(D) 65°"
222,MathVista_MINI,89,1,101,190,"[{'original_size': (320, 240), 'target_size': (308, 252), 'patches_h': 9, 'patches_w': 11, 'total_patches': 99, 'image_tokens': 99, 'total_image_tokens': 101, 'patch_size': 28}]","[151644, 8948, 198, 2610, 525, 264, 10950, 17847, 13, 151645, 198, 151644, 872, 198, 151652, 151655, 151653, 26987, 25, 5209, 4226, 279, 3405, 22703, 458, 7546, 4226, 323, 3410, 279, 1590, 897, 11, 384, 1302, 2572, 220, 16, 11, 220, 17, 11, 220, 18, 11, 518, 279, 835, 624, 14582]","Hint: Please answer the question requiring an integer answer and provide the final value, e.g., 1, 2, 3, at the end.
Question: Subtract all blue shiny spheres. Subtract all big blue shiny cubes. How many objects are left?"
223,MathVista_MINI,82,1,1250,1332,"[{'original_size': (1430, 776), 'target_size': (1344, 728), 'patches_h': 26, 'patches_w': 48, 'total_patches': 1248, 'image_tokens': 1248, 'total_image_tokens': 1250, 'patch_size': 28}]","[151644, 8948, 198, 2610, 525, 264, 10950, 17847, 13, 151645, 198, 151644, 872, 198, 151652, 151655, 151653, 26987, 25, 5209, 4226, 279, 3405, 323, 3410, 279, 4396, 2999, 6524, 11, 384, 1302, 2572, 362, 11, 425, 11, 356, 11, 422, 11, 518, 279, 835, 624, 14582, 25, 2160, 419, 458]","Hint: Please answer the question and provide the correct option letter, e.g., A, B, C, D, at the end.
Question: Is this an even function?
Choices:
(A) Yes
(B) No"
224,MathVista_MINI,82,1,1082,1164,"[{'original_size': (1114, 744), 'target_size': (1120, 756), 'patches_h': 27, 'patches_w': 40, 'total_patches': 1080, 'image_tokens': 1080, 'total_image_tokens': 1082, 'patch_size': 28}]","[151644, 8948, 198, 2610, 525, 264, 10950, 17847, 13, 151645, 198, 151644, 872, 198, 151652, 151655, 151653, 26987, 25, 5209, 4226, 279, 3405, 323, 3410, 279, 4396, 2999, 6524, 11, 384, 1302, 2572, 362, 11, 425, 11, 356, 11, 422, 11, 518, 279, 835, 624, 14582, 25, 2160, 419, 264]","Hint: Please answer the question and provide the correct option letter, e.g., A, B, C, D, at the end.
Question: Is this a periodic function?
Choices:
(A) Yes
(B) No"
225,MathVista_MINI,141,1,602,743,"[{'original_size': (846, 560), 'target_size': (840, 560), 'patches_h': 20, 'patches_w': 30, 'total_patches': 600, 'image_tokens': 600, 'total_image_tokens': 602, 'patch_size': 28}]","[151644, 8948, 198, 2610, 525, 264, 10950, 17847, 13, 151645, 198, 151644, 872, 198, 151652, 151655, 151653, 26987, 25, 5209, 4226, 279, 3405, 22703, 264, 13027, 1140, 438, 458, 4226, 323, 3410, 279, 1590, 1140, 11, 384, 1302, 2572, 508, 16, 11, 220, 17, 11, 220, 18, 1125, 508, 16]","Hint: Please answer the question requiring a Python list as an answer and provide the final list, e.g., [1, 2, 3], [1.2, 1.3, 1.4], at the end.
Question: Fig. Q4 shows the contour of an object. Represent it with an 8-directional chain code. The resultant chain code should be normalized with respect to the starting point of the chain code. Represent the answer as a list with each digit as a element."
226,MathVista_MINI,113,1,11,124,"[{'original_size': (95, 95), 'target_size': (84, 84), 'patches_h': 3, 'patches_w': 3, 'total_patches': 9, 'image_tokens': 9, 'total_image_tokens': 11, 'patch_size': 28}]","[151644, 8948, 198, 2610, 525, 264, 10950, 17847, 13, 151645, 198, 151644, 872, 198, 151652, 151655, 151653, 26987, 25, 5209, 4226, 279, 3405, 323, 3410, 279, 4396, 2999, 6524, 11, 384, 1302, 2572, 362, 11, 425, 11, 356, 11, 422, 11, 518, 279, 835, 624, 14582, 25, 3555, 882, 374]","Hint: Please answer the question and provide the correct option letter, e.g., A, B, C, D, at the end.
Question: What time is shown? Answer by typing a time word, not a number. It is (_) past three.
Choices:
(A) half
(B) quarter
(C) o'clock
(D) quarter to
(E) quarter past"
227,MathVista_MINI,83,1,296,379,"[{'original_size': (580, 400), 'target_size': (588, 392), 'patches_h': 14, 'patches_w': 21, 'total_patches': 294, 'image_tokens': 294, 'total_image_tokens': 296, 'patch_size': 28}]","[151644, 8948, 198, 2610, 525, 264, 10950, 17847, 13, 151645, 198, 151644, 872, 198, 151652, 151655, 151653, 26987, 25, 5209, 4226, 279, 3405, 323, 3410, 279, 4396, 2999, 6524, 11, 384, 1302, 2572, 362, 11, 425, 11, 356, 11, 422, 11, 518, 279, 835, 624, 14582, 25, 2160, 12258, 54305]","Hint: Please answer the question and provide the correct option letter, e.g., A, B, C, D, at the end.
Question: Is Dark Orchid the maximum?
Choices:
(A) yes
(B) no"
228,MathVista_MINI,145,1,17,162,"[{'original_size': (137, 97), 'target_size': (140, 84), 'patches_h': 3, 'patches_w': 5, 'total_patches': 15, 'image_tokens': 15, 'total_image_tokens': 17, 'patch_size': 28}]","[151644, 8948, 198, 2610, 525, 264, 10950, 17847, 13, 151645, 198, 151644, 872, 198, 151652, 151655, 151653, 26987, 25, 5209, 4226, 279, 3405, 323, 3410, 279, 4396, 2999, 6524, 11, 384, 1302, 2572, 362, 11, 425, 11, 356, 11, 422, 11, 518, 279, 835, 624, 14582, 25, 1634, 6839, 304]","Hint: Please answer the question and provide the correct option letter, e.g., A, B, C, D, at the end.
Question: As shown in the figure, AB is the diameter of circle O, DB and DC are respectively tangent to circle O at points B and C. If ∠ACE = 25.0, then the degree of ∠D is ()
Choices:
(A) 50°
(B) 55°
(C) 60°
(D) 65°"
229,MathVista_MINI,117,1,1242,1359,"[{'original_size': (1683, 2185), 'target_size': (868, 1120), 'patches_h': 40, 'patches_w': 31, 'total_patches': 1240, 'image_tokens': 1240, 'total_image_tokens': 1242, 'patch_size': 28}]","[151644, 8948, 198, 2610, 525, 264, 10950, 17847, 13, 151645, 198, 151644, 872, 198, 151652, 151655, 151653, 26987, 25, 5209, 4226, 279, 3405, 323, 3410, 279, 4396, 2999, 6524, 11, 384, 1302, 2572, 362, 11, 425, 11, 356, 11, 422, 11, 518, 279, 835, 624, 14582, 25, 3555, 374, 279]","Hint: Please answer the question and provide the correct option letter, e.g., A, B, C, D, at the end.
Question: What is the highest lysine level given?
Choices:
(A) 0.33%
(B) 0.31%
(C) 0.29%
(D) 0.32%
(E) 0.30%"
230,MathVista_MINI,85,1,258,343,"[{'original_size': (448, 448), 'target_size': (448, 448), 'patches_h': 16, 'patches_w': 16, 'total_patches': 256, 'image_tokens': 256, 'total_image_tokens': 258, 'patch_size': 28}]","[151644, 8948, 198, 2610, 525, 264, 10950, 17847, 13, 151645, 198, 151644, 872, 198, 151652, 151655, 151653, 26987, 25, 5209, 4226, 279, 3405, 22703, 458, 7546, 4226, 323, 3410, 279, 1590, 897, 11, 384, 1302, 2572, 220, 16, 11, 220, 17, 11, 220, 18, 11, 518, 279, 835, 624, 14582]","Hint: Please answer the question requiring an integer answer and provide the final value, e.g., 1, 2, 3, at the end.
Question: How many algorithms have accuracy higher than 9 in at least one dataset?"
231,MathVista_MINI,115,1,1252,1367,"[{'original_size': (2002, 988), 'target_size': (1400, 700), 'patches_h': 25, 'patches_w': 50, 'total_patches': 1250, 'image_tokens': 1250, 'total_image_tokens': 1252, 'patch_size': 28}]","[151644, 8948, 198, 2610, 525, 264, 10950, 17847, 13, 151645, 198, 151644, 872, 198, 151652, 151655, 151653, 26987, 25, 5209, 4226, 279, 3405, 323, 3410, 279, 4396, 2999, 6524, 11, 384, 1302, 2572, 362, 11, 425, 11, 356, 11, 422, 11, 518, 279, 835, 624, 14582, 25, 15920, 1614, 702]","Hint: Please answer the question and provide the correct option letter, e.g., A, B, C, D, at the end.
Question: Which model has the overall best ImageNet 10shot Accuracy score across different training steps?
Choices:
(A) Identity
(B) Uniform
(C) Uniform / Soft
(D) Soft / Uniform
(E) Soft
(F) Dense"
232,MathVista_MINI,118,1,128,246,"[{'original_size': (378, 251), 'target_size': (392, 252), 'patches_h': 9, 'patches_w': 14, 'total_patches': 126, 'image_tokens': 126, 'total_image_tokens': 128, 'patch_size': 28}]","[151644, 8948, 198, 2610, 525, 264, 10950, 17847, 13, 151645, 198, 151644, 872, 198, 151652, 151655, 151653, 26987, 25, 5209, 4226, 279, 3405, 323, 3410, 279, 4396, 2999, 6524, 11, 384, 1302, 2572, 362, 11, 425, 11, 356, 11, 422, 11, 518, 279, 835, 624, 14582, 25, 576, 13549, 3685]","Hint: Please answer the question and provide the correct option letter, e.g., A, B, C, D, at the end.
Question: The diagram below is a model of two solutions. Each pink ball represents one particle of solute. Which solution has a higher concentration of pink particles?
Choices:
(A) neither; their concentrations are the same
(B) Solution B
(C) Solution A"
233,MathVista_MINI,93,1,114,207,"[{'original_size': (438, 199), 'target_size': (448, 196), 'patches_h': 7, 'patches_w': 16, 'total_patches': 112, 'image_tokens': 112, 'total_image_tokens': 114, 'patch_size': 28}]","[151644, 8948, 198, 2610, 525, 264, 10950, 17847, 13, 151645, 198, 151644, 872, 198, 151652, 151655, 151653, 26987, 25, 5209, 4226, 279, 3405, 22703, 458, 7546, 4226, 323, 3410, 279, 1590, 897, 11, 384, 1302, 2572, 220, 16, 11, 220, 17, 11, 220, 18, 11, 518, 279, 835, 624, 14582]","Hint: Please answer the question requiring an integer answer and provide the final value, e.g., 1, 2, 3, at the end.
Question: Move the ruler to measure the length of the nail to the nearest inch. The nail is about (_) inches long."
234,MathVista_MINI,118,1,226,344,"[{'original_size': (434, 378), 'target_size': (448, 392), 'patches_h': 14, 'patches_w': 16, 'total_patches': 224, 'image_tokens': 224, 'total_image_tokens': 226, 'patch_size': 28}]","[151644, 8948, 198, 2610, 525, 264, 10950, 17847, 13, 151645, 198, 151644, 872, 198, 151652, 151655, 151653, 26987, 25, 5209, 4226, 279, 3405, 323, 3410, 279, 4396, 2999, 6524, 11, 384, 1302, 2572, 362, 11, 425, 11, 356, 11, 422, 11, 518, 279, 835, 624, 14582, 25, 758, 279, 7071]","Hint: Please answer the question and provide the correct option letter, e.g., A, B, C, D, at the end.
Question: In the figure shown above, AC = 6. What is the length of segment AB?
Choices:
(A) 3
(B) 5
(C) 6
(D) 7
(E) It cannot be determined from the information given"
235,MathVista_MINI,88,1,152,240,"[{'original_size': (412, 266), 'target_size': (420, 280), 'patches_h': 10, 'patches_w': 15, 'total_patches': 150, 'image_tokens': 150, 'total_image_tokens': 152, 'patch_size': 28}]","[151644, 8948, 198, 2610, 525, 264, 10950, 17847, 13, 151645, 198, 151644, 872, 198, 151652, 151655, 151653, 26987, 25, 5209, 4226, 279, 3405, 323, 3410, 279, 4396, 2999, 6524, 11, 384, 1302, 2572, 362, 11, 425, 11, 356, 11, 422, 11, 518, 279, 835, 624, 14582, 25, 2160, 279, 4155]","Hint: Please answer the question and provide the correct option letter, e.g., A, B, C, D, at the end.
Question: Is the epigraph of a function f an infinite set?
Choices:
(A) Yes
(B) No"
236,MathVista_MINI,95,1,242,337,"[{'original_size': (447, 423), 'target_size': (448, 420), 'patches_h': 15, 'patches_w': 16, 'total_patches': 240, 'image_tokens': 240, 'total_image_tokens': 242, 'patch_size': 28}]","[151644, 8948, 198, 2610, 525, 264, 10950, 17847, 13, 151645, 198, 151644, 872, 198, 151652, 151655, 151653, 26987, 25, 5209, 4226, 279, 3405, 323, 3410, 279, 4396, 2999, 6524, 11, 384, 1302, 2572, 362, 11, 425, 11, 356, 11, 422, 11, 518, 279, 835, 624, 14582, 25, 7379, 400, 89]","Hint: Please answer the question and provide the correct option letter, e.g., A, B, C, D, at the end.
Question: Find $z$.
Choices:
(A) 7
(B) 9
(C) 12
(D) 15"
237,MathVista_MINI,110,1,170,280,"[{'original_size': (400, 346), 'target_size': (392, 336), 'patches_h': 12, 'patches_w': 14, 'total_patches': 168, 'image_tokens': 168, 'total_image_tokens': 170, 'patch_size': 28}]","[151644, 8948, 198, 2610, 525, 264, 10950, 17847, 13, 151645, 198, 151644, 872, 198, 151652, 151655, 151653, 26987, 25, 5209, 4226, 279, 3405, 323, 3410, 279, 4396, 2999, 6524, 11, 384, 1302, 2572, 362, 11, 425, 11, 356, 11, 422, 11, 518, 279, 835, 624, 14582, 25, 1416, 279, 3731]","Hint: Please answer the question and provide the correct option letter, e.g., A, B, C, D, at the end.
Question: If the Red squirrel and deer mouse population were to decrease, what would happen to the deer tick population?
Choices:
(A) increase
(B) fluctuate
(C) it would decrease
(D) stay the same"
238,MathVista_MINI,103,1,74,177,"[{'original_size': (238, 250), 'target_size': (224, 252), 'patches_h': 9, 'patches_w': 8, 'total_patches': 72, 'image_tokens': 72, 'total_image_tokens': 74, 'patch_size': 28}]","[151644, 8948, 198, 2610, 525, 264, 10950, 17847, 13, 151645, 198, 151644, 872, 198, 151652, 151655, 151653, 26987, 25, 5209, 4226, 279, 3405, 323, 3410, 279, 4396, 2999, 6524, 11, 384, 1302, 2572, 362, 11, 425, 11, 356, 11, 422, 11, 518, 279, 835, 624, 14582, 25, 7379, 19370, 198]","Hint: Please answer the question and provide the correct option letter, e.g., A, B, C, D, at the end.
Question: Find PT
Choices:
(A) 6
(B) \frac { 20 } { 3 }
(C) 7
(D) 22 / 3"
239,MathVista_MINI,82,1,380,462,"[{'original_size': (769, 400), 'target_size': (756, 392), 'patches_h': 14, 'patches_w': 27, 'total_patches': 378, 'image_tokens': 378, 'total_image_tokens': 380, 'patch_size': 28}]","[151644, 8948, 198, 2610, 525, 264, 10950, 17847, 13, 151645, 198, 151644, 872, 198, 151652, 151655, 151653, 26987, 25, 5209, 4226, 279, 3405, 323, 3410, 279, 4396, 2999, 6524, 11, 384, 1302, 2572, 362, 11, 425, 11, 356, 11, 422, 11, 518, 279, 835, 624, 14582, 25, 2160, 14722, 8697]","Hint: Please answer the question and provide the correct option letter, e.g., A, B, C, D, at the end.
Question: Is Sky Blue the minimum?
Choices:
(A) yes
(B) no"
240,MathVista_MINI,87,1,1249,1336,"[{'original_size': (3500, 2387), 'target_size': (1204, 812), 'patches_h': 29, 'patches_w': 43, 'total_patches': 1247, 'image_tokens': 1247, 'total_image_tokens': 1249, 'patch_size': 28}]","[151644, 8948, 198, 2610, 525, 264, 10950, 17847, 13, 151645, 198, 151644, 872, 198, 151652, 151655, 151653, 26987, 25, 5209, 4226, 279, 3405, 22703, 458, 7546, 4226, 323, 3410, 279, 1590, 897, 11, 384, 1302, 2572, 220, 16, 11, 220, 17, 11, 220, 18, 11, 518, 279, 835, 624, 14582]","Hint: Please answer the question requiring an integer answer and provide the final value, e.g., 1, 2, 3, at the end.
Question: What is the age gap between these two people in image? (Unit: years)"
241,MathVista_MINI,87,1,1273,1360,"[{'original_size': (1570, 1184), 'target_size': (1148, 868), 'patches_h': 31, 'patches_w': 41, 'total_patches': 1271, 'image_tokens': 1271, 'total_image_tokens': 1273, 'patch_size': 28}]","[151644, 8948, 198, 2610, 525, 264, 10950, 17847, 13, 151645, 198, 151644, 872, 198, 151652, 151655, 151653, 26987, 25, 5209, 4226, 279, 3405, 22703, 458, 7546, 4226, 323, 3410, 279, 1590, 897, 11, 384, 1302, 2572, 220, 16, 11, 220, 17, 11, 220, 18, 11, 518, 279, 835, 624, 14582]","Hint: Please answer the question requiring an integer answer and provide the final value, e.g., 1, 2, 3, at the end.
Question: How many models in the table have a model size larger than 10B?"
242,MathVista_MINI,107,1,310,417,"[{'original_size': (621, 381), 'target_size': (616, 392), 'patches_h': 14, 'patches_w': 22, 'total_patches': 308, 'image_tokens': 308, 'total_image_tokens': 310, 'patch_size': 28}]","[151644, 8948, 198, 2610, 525, 264, 10950, 17847, 13, 151645, 198, 151644, 872, 198, 151652, 151655, 151653, 26987, 25, 5209, 4226, 279, 3405, 323, 3410, 279, 4396, 2999, 6524, 11, 384, 1302, 2572, 362, 11, 425, 11, 356, 11, 422, 11, 518, 279, 835, 624, 14582, 25, 7379, 400, 76]","Hint: Please answer the question and provide the correct option letter, e.g., A, B, C, D, at the end.
Question: Find $m \angle A$ of quadrilateral ABCD
Choices:
(A) 45
(B) 90
(C) 135
(D) 180"
243,MathVista_MINI,91,1,722,813,"[{'original_size': (564, 1001), 'target_size': (560, 1008), 'patches_h': 36, 'patches_w': 20, 'total_patches': 720, 'image_tokens': 720, 'total_image_tokens': 722, 'patch_size': 28}]","[151644, 8948, 198, 2610, 525, 264, 10950, 17847, 13, 151645, 198, 151644, 872, 198, 151652, 151655, 151653, 26987, 25, 5209, 4226, 279, 3405, 22703, 458, 7546, 4226, 323, 3410, 279, 1590, 897, 11, 384, 1302, 2572, 220, 16, 11, 220, 17, 11, 220, 18, 11, 518, 279, 835, 624, 14582]","Hint: Please answer the question requiring an integer answer and provide the final value, e.g., 1, 2, 3, at the end.
Question: چند عدد شیرینی مثلثی شکل در جعبه است؟"
244,MathVista_MINI,86,1,254,340,"[{'original_size': (500, 400), 'target_size': (504, 392), 'patches_h': 14, 'patches_w': 18, 'total_patches': 252, 'image_tokens': 252, 'total_image_tokens': 254, 'patch_size': 28}]","[151644, 8948, 198, 2610, 525, 264, 10950, 17847, 13, 151645, 198, 151644, 872, 198, 151652, 151655, 151653, 26987, 25, 5209, 4226, 279, 3405, 323, 3410, 279, 4396, 2999, 6524, 11, 384, 1302, 2572, 362, 11, 425, 11, 356, 11, 422, 11, 518, 279, 835, 624, 14582, 25, 12553, 71407, 614]","Hint: Please answer the question and provide the correct option letter, e.g., A, B, C, D, at the end.
Question: Does Aqua have the minimum area under the curve?
Choices:
(A) yes
(B) no"
245,MathVista_MINI,91,1,47,138,"[{'original_size': (259, 128), 'target_size': (252, 140), 'patches_h': 5, 'patches_w': 9, 'total_patches': 45, 'image_tokens': 45, 'total_image_tokens': 47, 'patch_size': 28}]","[151644, 8948, 198, 2610, 525, 264, 10950, 17847, 13, 151645, 198, 151644, 872, 198, 151652, 151655, 151653, 26987, 25, 5209, 4226, 279, 3405, 22703, 458, 7546, 4226, 323, 3410, 279, 1590, 897, 11, 384, 1302, 2572, 220, 16, 11, 220, 17, 11, 220, 18, 11, 518, 279, 835, 624, 14582]","Hint: Please answer the question requiring an integer answer and provide the final value, e.g., 1, 2, 3, at the end.
Question: How much money does Damon need to buy a grilled steak and a mushroom pizza? (Unit: $)"
246,MathVista_MINI,266,1,314,580,"[{'original_size': (1098, 216), 'target_size': (1092, 224), 'patches_h': 8, 'patches_w': 39, 'total_patches': 312, 'image_tokens': 312, 'total_image_tokens': 314, 'patch_size': 28}]","[151644, 8948, 198, 2610, 525, 264, 10950, 17847, 13, 151645, 198, 151644, 872, 198, 151652, 151655, 151653, 26987, 25, 5209, 4226, 279, 3405, 22703, 458, 7546, 4226, 323, 3410, 279, 1590, 897, 11, 384, 1302, 2572, 220, 16, 11, 220, 17, 11, 220, 18, 11, 518, 279, 835, 624, 14582]","Hint: Please answer the question requiring an integer answer and provide the final value, e.g., 1, 2, 3, at the end.
Question: Assume that all gases are perfect and that data refer to 298 K unless otherwise stated. In 1995, the Intergovernmental Panel on Climate Change (IPCC) considered a global average temperature rise of $1.0-3.5^{\circ} \mathrm{C}$ likely by the year 2100 , with $2.0^{\circ} \mathrm{C}$ its best estimate. Because water vapour is itself a greenhouse gas, the increase in water vapour content of the atmosphere is of some concern to climate change experts. Predict the relative increase in water vapour in the atmosphere based on a temperature rises of $2.0 \mathrm{~K}$, assuming that the relative humidity remains constant. (The present global mean temperature is $290 \mathrm{~K}$, and the equilibrium vapour pressure of water at that temperature is 0.0189 bar.)"
247,MathVista_MINI,217,1,1058,1275,"[{'original_size': (914, 906), 'target_size': (924, 896), 'patches_h': 32, 'patches_w': 33, 'total_patches': 1056, 'image_tokens': 1056, 'total_image_tokens': 1058, 'patch_size': 28}]","[151644, 8948, 198, 2610, 525, 264, 10950, 17847, 13, 151645, 198, 151644, 872, 198, 151652, 151655, 151653, 26987, 25, 5209, 4226, 279, 3405, 22703, 264, 19057, 16574, 1372, 448, 1378, 12122, 7482, 323, 3410, 279, 1590, 897, 11, 384, 1302, 2572, 220, 16, 13, 17, 18, 11, 220, 16, 13]","Hint: Please answer the question requiring a floating-point number with two decimal places and provide the final value, e.g., 1.23, 1.34, 1.45, at the end.
Question: A spaceship of mass $m=4.50 \times 10^3 \mathrm{~kg}$ is in a circular Earth orbit of radius $r=8.00 \times 10^6 \mathrm{~m}$ and period $T_0=118.6 \mathrm{~min}=$ $7.119 \times 10^3 \mathrm{~s}$ when a thruster is fired in the forward direction to decrease the speed to $96.0 \%$ of the original speed. What is the period $T$ of the resulting elliptical orbit (Figure)?"
248,MathVista_MINI,96,1,393,489,"[{'original_size': (640, 480), 'target_size': (644, 476), 'patches_h': 17, 'patches_w': 23, 'total_patches': 391, 'image_tokens': 391, 'total_image_tokens': 393, 'patch_size': 28}]","[151644, 8948, 198, 2610, 525, 264, 10950, 17847, 13, 151645, 198, 151644, 872, 198, 151652, 151655, 151653, 26987, 25, 5209, 4226, 279, 3405, 323, 3410, 279, 4396, 2999, 6524, 11, 384, 1302, 2572, 362, 11, 425, 11, 356, 11, 422, 11, 518, 279, 835, 624, 14582, 25, 2160, 279, 1372]","Hint: Please answer the question and provide the correct option letter, e.g., A, B, C, D, at the end.
Question: Is the number of green matte choppers greater than the number of large yellow shiny motorbikes?
Choices:
(A) Yes
(B) No"
249,MathVista_MINI,88,1,101,189,"[{'original_size': (320, 240), 'target_size': (308, 252), 'patches_h': 9, 'patches_w': 11, 'total_patches': 99, 'image_tokens': 99, 'total_image_tokens': 101, 'patch_size': 28}]","[151644, 8948, 198, 2610, 525, 264, 10950, 17847, 13, 151645, 198, 151644, 872, 198, 151652, 151655, 151653, 26987, 25, 5209, 4226, 279, 3405, 22703, 458, 7546, 4226, 323, 3410, 279, 1590, 897, 11, 384, 1302, 2572, 220, 16, 11, 220, 17, 11, 220, 18, 11, 518, 279, 835, 624, 14582]","Hint: Please answer the question requiring an integer answer and provide the final value, e.g., 1, 2, 3, at the end.
Question: Subtract all green rubber cubes. Subtract all red matte blocks. How many objects are left?"
250,MathVista_MINI,127,1,112,239,"[{'original_size': (303, 286), 'target_size': (308, 280), 'patches_h': 10, 'patches_w': 11, 'total_patches': 110, 'image_tokens': 110, 'total_image_tokens': 112, 'patch_size': 28}]","[151644, 8948, 198, 2610, 525, 264, 10950, 17847, 13, 151645, 198, 151644, 872, 198, 151652, 151655, 151653, 26987, 25, 5209, 4226, 279, 3405, 323, 3410, 279, 4396, 2999, 6524, 11, 384, 1302, 2572, 362, 11, 425, 11, 356, 11, 422, 11, 518, 279, 835, 624, 14582, 25, 576, 3082, 400]","Hint: Please answer the question and provide the correct option letter, e.g., A, B, C, D, at the end.
Question: The area $A$ of the shaded region is given. Find $x$. $A = 66$ cm$^2$ .
Choices:
(A) 4.6
(B) 6.5
(C) 13.0
(D) 26.0"
251,MathVista_MINI,86,1,101,187,"[{'original_size': (320, 240), 'target_size': (308, 252), 'patches_h': 9, 'patches_w': 11, 'total_patches': 99, 'image_tokens': 99, 'total_image_tokens': 101, 'patch_size': 28}]","[151644, 8948, 198, 2610, 525, 264, 10950, 17847, 13, 151645, 198, 151644, 872, 198, 151652, 151655, 151653, 26987, 25, 5209, 4226, 279, 3405, 22703, 458, 7546, 4226, 323, 3410, 279, 1590, 897, 11, 384, 1302, 2572, 220, 16, 11, 220, 17, 11, 220, 18, 11, 518, 279, 835, 624, 14582]","Hint: Please answer the question requiring an integer answer and provide the final value, e.g., 1, 2, 3, at the end.
Question: Subtract all green balls. Subtract all shiny things. How many objects are left?"
252,MathVista_MINI,109,1,104,213,"[{'original_size': (463, 169), 'target_size': (476, 168), 'patches_h': 6, 'patches_w': 17, 'total_patches': 102, 'image_tokens': 102, 'total_image_tokens': 104, 'patch_size': 28}]","[151644, 8948, 198, 2610, 525, 264, 10950, 17847, 13, 151645, 198, 151644, 872, 198, 151652, 151655, 151653, 26987, 25, 5209, 4226, 279, 3405, 22703, 264, 19057, 16574, 1372, 448, 1378, 12122, 7482, 323, 3410, 279, 1590, 897, 11, 384, 1302, 2572, 220, 16, 13, 17, 18, 11, 220, 16, 13]","Hint: Please answer the question requiring a floating-point number with two decimal places and provide the final value, e.g., 1.23, 1.34, 1.45, at the end.
Question: Consider the infinitely long chain of resistors shown below. What is the resistance between terminals a and b if R=1?"
253,MathVista_MINI,87,1,258,345,"[{'original_size': (448, 448), 'target_size': (448, 448), 'patches_h': 16, 'patches_w': 16, 'total_patches': 256, 'image_tokens': 256, 'total_image_tokens': 258, 'patch_size': 28}]","[151644, 8948, 198, 2610, 525, 264, 10950, 17847, 13, 151645, 198, 151644, 872, 198, 151652, 151655, 151653, 26987, 25, 5209, 4226, 279, 3405, 22703, 458, 7546, 4226, 323, 3410, 279, 1590, 897, 11, 384, 1302, 2572, 220, 16, 11, 220, 17, 11, 220, 18, 11, 518, 279, 835, 624, 14582]","Hint: Please answer the question requiring an integer answer and provide the final value, e.g., 1, 2, 3, at the end.
Question: How many objects are preferred by more than 7 people in at least one category?"
254,MathVista_MINI,104,1,393,497,"[{'original_size': (640, 480), 'target_size': (644, 476), 'patches_h': 17, 'patches_w': 23, 'total_patches': 391, 'image_tokens': 391, 'total_image_tokens': 393, 'patch_size': 28}]","[151644, 8948, 198, 2610, 525, 264, 10950, 17847, 13, 151645, 198, 151644, 872, 198, 151652, 151655, 151653, 26987, 25, 5209, 4226, 279, 3405, 323, 3410, 279, 4396, 2999, 6524, 11, 384, 1302, 2572, 362, 11, 425, 11, 356, 11, 422, 11, 518, 279, 835, 624, 14582, 25, 2160, 279, 1372]","Hint: Please answer the question and provide the correct option letter, e.g., A, B, C, D, at the end.
Question: Is the number of big objects that are in front of the metal fighter less than the number of things that are behind the big metallic bus?
Choices:
(A) Yes
(B) No"
255,MathVista_MINI,152,1,23,175,"[{'original_size': (188, 92), 'target_size': (196, 84), 'patches_h': 3, 'patches_w': 7, 'total_patches': 21, 'image_tokens': 21, 'total_image_tokens': 23, 'patch_size': 28}]","[151644, 8948, 198, 2610, 525, 264, 10950, 17847, 13, 151645, 198, 151644, 872, 198, 151652, 151655, 151653, 26987, 25, 5209, 4226, 279, 3405, 323, 3410, 279, 4396, 2999, 6524, 11, 384, 1302, 2572, 362, 11, 425, 11, 356, 11, 422, 11, 518, 279, 835, 624, 14582, 25, 1634, 6839, 304]","Hint: Please answer the question and provide the correct option letter, e.g., A, B, C, D, at the end.
Question: As shown in the figure, ∠BAC = 110.0, if A and B are symmetrical with respect to the line MP, A and C are symmetrical with respect to the line NQ, then the size of ∠PAQ is ()
Choices:
(A) 70°
(B) 55°
(C) 40°
(D) 30°"
256,MathVista_MINI,134,1,17,151,"[{'original_size': (148, 75), 'target_size': (140, 84), 'patches_h': 3, 'patches_w': 5, 'total_patches': 15, 'image_tokens': 15, 'total_image_tokens': 17, 'patch_size': 28}]","[151644, 8948, 198, 2610, 525, 264, 10950, 17847, 13, 151645, 198, 151644, 872, 198, 151652, 151655, 151653, 26987, 25, 5209, 4226, 279, 3405, 323, 3410, 279, 4396, 2999, 6524, 11, 384, 1302, 2572, 362, 11, 425, 11, 356, 11, 422, 11, 518, 279, 835, 624, 14582, 25, 69372, 28029, 3837]","Hint: Please answer the question and provide the correct option letter, e.g., A, B, C, D, at the end.
Question: 如图，△ABC中，AD平分∠BAC，AD交BC于点D，DE⊥AB，垂足为E，若DE＝3，AC＝4，则△ADC的面积为（）
Choices:
(A) 3
(B) 4
(C) 5
(D) 6"
257,MathVista_MINI,124,1,18,142,"[{'original_size': (109, 119), 'target_size': (112, 112), 'patches_h': 4, 'patches_w': 4, 'total_patches': 16, 'image_tokens': 16, 'total_image_tokens': 18, 'patch_size': 28}]","[151644, 8948, 198, 2610, 525, 264, 10950, 17847, 13, 151645, 198, 151644, 872, 198, 151652, 151655, 151653, 26987, 25, 5209, 4226, 279, 3405, 323, 3410, 279, 4396, 2999, 6524, 11, 384, 1302, 2572, 362, 11, 425, 11, 356, 11, 422, 11, 518, 279, 835, 624, 14582, 25, 220, 23031, 73145]","Hint: Please answer the question and provide the correct option letter, e.g., A, B, C, D, at the end.
Question: 以直角三角形的三边为边向外作正方形，其中两个正方形的面积如图所示，则正方形A的面积为（）
Choices:
(A) 6
(B) 36
(C) 64
(D) 8"
258,MathVista_MINI,110,1,50,160,"[{'original_size': (156, 224), 'target_size': (168, 224), 'patches_h': 8, 'patches_w': 6, 'total_patches': 48, 'image_tokens': 48, 'total_image_tokens': 50, 'patch_size': 28}]","[151644, 8948, 198, 2610, 525, 264, 10950, 17847, 13, 151645, 198, 151644, 872, 198, 151652, 151655, 151653, 26987, 25, 5209, 4226, 279, 3405, 22703, 458, 7546, 4226, 323, 3410, 279, 1590, 897, 11, 384, 1302, 2572, 220, 16, 11, 220, 17, 11, 220, 18, 11, 518, 279, 835, 624, 14582]","Hint: Please answer the question requiring an integer answer and provide the final value, e.g., 1, 2, 3, at the end.
Question: An employee at the craft store counted the number of red buttons in each bag of mixed buttons. How many bags had at least 60 red buttons but fewer than 81 red buttons?'"
259,MathVista_MINI,89,1,101,190,"[{'original_size': (320, 240), 'target_size': (308, 252), 'patches_h': 9, 'patches_w': 11, 'total_patches': 99, 'image_tokens': 99, 'total_image_tokens': 101, 'patch_size': 28}]","[151644, 8948, 198, 2610, 525, 264, 10950, 17847, 13, 151645, 198, 151644, 872, 198, 151652, 151655, 151653, 26987, 25, 5209, 4226, 279, 3405, 22703, 458, 7546, 4226, 323, 3410, 279, 1590, 897, 11, 384, 1302, 2572, 220, 16, 11, 220, 17, 11, 220, 18, 11, 518, 279, 835, 624, 14582]","Hint: Please answer the question requiring an integer answer and provide the final value, e.g., 1, 2, 3, at the end.
Question: Subtract all large yellow metal blocks. Subtract all gray metallic cylinders. How many objects are left?"
260,MathVista_MINI,97,1,197,294,"[{'original_size': (412, 368), 'target_size': (420, 364), 'patches_h': 13, 'patches_w': 15, 'total_patches': 195, 'image_tokens': 195, 'total_image_tokens': 197, 'patch_size': 28}]","[151644, 8948, 198, 2610, 525, 264, 10950, 17847, 13, 151645, 198, 151644, 872, 198, 151652, 151655, 151653, 26987, 25, 5209, 4226, 279, 3405, 323, 3410, 279, 4396, 2999, 6524, 11, 384, 1302, 2572, 362, 11, 425, 11, 356, 11, 422, 11, 518, 279, 835, 624, 14582, 25, 2160, 279, 31805]","Hint: Please answer the question and provide the correct option letter, e.g., A, B, C, D, at the end.
Question: Is the derivative of the function positive between [1, 2] assuming that it's differentiable?
Choices:
(A) Yes
(B) No"
261,MathVista_MINI,87,1,218,305,"[{'original_size': (345, 500), 'target_size': (336, 504), 'patches_h': 18, 'patches_w': 12, 'total_patches': 216, 'image_tokens': 216, 'total_image_tokens': 218, 'patch_size': 28}]","[151644, 8948, 198, 2610, 525, 264, 10950, 17847, 13, 151645, 198, 151644, 872, 198, 151652, 151655, 151653, 26987, 25, 5209, 4226, 279, 3405, 22703, 458, 7546, 4226, 323, 3410, 279, 1590, 897, 11, 384, 1302, 2572, 220, 16, 11, 220, 17, 11, 220, 18, 11, 518, 279, 835, 624, 14582]","Hint: Please answer the question requiring an integer answer and provide the final value, e.g., 1, 2, 3, at the end.
Question: What is the age gap between these two people in image? (Unit: years)"
262,MathVista_MINI,87,1,785,872,"[{'original_size': (800, 756), 'target_size': (812, 756), 'patches_h': 27, 'patches_w': 29, 'total_patches': 783, 'image_tokens': 783, 'total_image_tokens': 785, 'patch_size': 28}]","[151644, 8948, 198, 2610, 525, 264, 10950, 17847, 13, 151645, 198, 151644, 872, 198, 151652, 151655, 151653, 26987, 25, 5209, 4226, 279, 3405, 22703, 458, 7546, 4226, 323, 3410, 279, 1590, 897, 11, 384, 1302, 2572, 220, 16, 11, 220, 17, 11, 220, 18, 11, 518, 279, 835, 624, 14582]","Hint: Please answer the question requiring an integer answer and provide the final value, e.g., 1, 2, 3, at the end.
Question: What is the difference between genres of tv shows watched by highest female and lowest female?"
263,MathVista_MINI,75,1,18,93,"[{'original_size': (113, 117), 'target_size': (112, 112), 'patches_h': 4, 'patches_w': 4, 'total_patches': 16, 'image_tokens': 16, 'total_image_tokens': 18, 'patch_size': 28}]","[151644, 8948, 198, 2610, 525, 264, 10950, 17847, 13, 151645, 198, 151644, 872, 198, 151652, 151655, 151653, 26987, 25, 5209, 4226, 279, 3405, 22703, 458, 7546, 4226, 323, 3410, 279, 1590, 897, 11, 384, 1302, 2572, 220, 16, 11, 220, 17, 11, 220, 18, 11, 518, 279, 835, 624, 14582]","Hint: Please answer the question requiring an integer answer and provide the final value, e.g., 1, 2, 3, at the end.
Question: What number is shown?"
264,MathVista_MINI,87,1,1242,1329,"[{'original_size': (1754, 2237), 'target_size': (868, 1120), 'patches_h': 40, 'patches_w': 31, 'total_patches': 1240, 'image_tokens': 1240, 'total_image_tokens': 1242, 'patch_size': 28}]","[151644, 8948, 198, 2610, 525, 264, 10950, 17847, 13, 151645, 198, 151644, 872, 198, 151652, 151655, 151653, 26987, 25, 5209, 4226, 279, 3405, 22703, 458, 7546, 4226, 323, 3410, 279, 1590, 897, 11, 384, 1302, 2572, 220, 16, 11, 220, 17, 11, 220, 18, 11, 518, 279, 835, 624, 14582]","Hint: Please answer the question requiring an integer answer and provide the final value, e.g., 1, 2, 3, at the end.
Question: For Group C, in which week is the cumulative increase in weight , the highest?"
265,MathVista_MINI,115,1,62,177,"[{'original_size': (329, 136), 'target_size': (336, 140), 'patches_h': 5, 'patches_w': 12, 'total_patches': 60, 'image_tokens': 60, 'total_image_tokens': 62, 'patch_size': 28}]","[151644, 8948, 198, 2610, 525, 264, 10950, 17847, 13, 151645, 198, 151644, 872, 198, 151652, 151655, 151653, 26987, 25, 5209, 4226, 279, 3405, 22703, 458, 7546, 4226, 323, 3410, 279, 1590, 897, 11, 384, 1302, 2572, 220, 16, 11, 220, 17, 11, 220, 18, 11, 518, 279, 835, 624, 14582]","Hint: Please answer the question requiring an integer answer and provide the final value, e.g., 1, 2, 3, at the end.
Question: Justine's P.E. class participated in a push-up competition, and Justine wrote down how many push-ups each person could do. How many people did at least 60 push-ups? (Unit: people)"
266,MathVista_MINI,94,1,74,168,"[{'original_size': (240, 225), 'target_size': (252, 224), 'patches_h': 8, 'patches_w': 9, 'total_patches': 72, 'image_tokens': 72, 'total_image_tokens': 74, 'patch_size': 28}]","[151644, 8948, 198, 2610, 525, 264, 10950, 17847, 13, 151645, 198, 151644, 872, 198, 151652, 151655, 151653, 26987, 25, 5209, 4226, 279, 3405, 323, 3410, 279, 4396, 2999, 6524, 11, 384, 1302, 2572, 362, 11, 425, 11, 356, 11, 422, 11, 518, 279, 835, 624, 14582, 25, 15920, 702, 279]","Hint: Please answer the question and provide the correct option letter, e.g., A, B, C, D, at the end.
Question: Which has the most uneven shape?
Choices:
(A) oblique
(B) obtuse
(C) cordate
(D) truncate"
267,MathVista_MINI,109,1,211,320,"[{'original_size': (529, 306), 'target_size': (532, 308), 'patches_h': 11, 'patches_w': 19, 'total_patches': 209, 'image_tokens': 209, 'total_image_tokens': 211, 'patch_size': 28}]","[151644, 8948, 198, 2610, 525, 264, 10950, 17847, 13, 151645, 198, 151644, 872, 198, 151652, 151655, 151653, 26987, 25, 5209, 4226, 279, 3405, 323, 3410, 279, 4396, 2999, 6524, 11, 384, 1302, 2572, 362, 11, 425, 11, 356, 11, 422, 11, 518, 279, 835, 624, 14582, 25, 3555, 6083, 315]","Hint: Please answer the question and provide the correct option letter, e.g., A, B, C, D, at the end.
Question: What shape of a leaf is similar to Serrate, but has smaller, evenly-spaced teeth?
Choices:
(A) Undulate
(B) Sinuate
(C) Serrulate
(D) Entire"
268,MathVista_MINI,110,1,72,182,"[{'original_size': (273, 194), 'target_size': (280, 196), 'patches_h': 7, 'patches_w': 10, 'total_patches': 70, 'image_tokens': 70, 'total_image_tokens': 72, 'patch_size': 28}]","[151644, 8948, 198, 2610, 525, 264, 10950, 17847, 13, 151645, 198, 151644, 872, 198, 151652, 151655, 151653, 26987, 25, 5209, 4226, 279, 3405, 22703, 264, 19057, 16574, 1372, 448, 825, 12122, 1992, 323, 3410, 279, 1590, 897, 11, 384, 1302, 2572, 220, 16, 13, 17, 11, 220, 16, 13, 18]","Hint: Please answer the question requiring a floating-point number with one decimal place and provide the final value, e.g., 1.2, 1.3, 1.4, at the end.
Question: Colton wants to buy 1+3/10 kilograms of English muffins. How much will he spend? (Unit: $)"
269,MathVista_MINI,187,1,32,219,"[{'original_size': (133, 159), 'target_size': (140, 168), 'patches_h': 6, 'patches_w': 5, 'total_patches': 30, 'image_tokens': 30, 'total_image_tokens': 32, 'patch_size': 28}]","[151644, 8948, 198, 2610, 525, 264, 10950, 17847, 13, 151645, 198, 151644, 872, 198, 151652, 151655, 151653, 26987, 25, 5209, 4226, 279, 3405, 323, 3410, 279, 4396, 2999, 6524, 11, 384, 1302, 2572, 362, 11, 425, 11, 356, 11, 422, 11, 518, 279, 835, 624, 14582, 25, 1634, 6839, 304]","Hint: Please answer the question and provide the correct option letter, e.g., A, B, C, D, at the end.
Question: As shown in the figure, the elevation angle of the top of a building is 30.0 when viewed from point A in the air by a hot air balloon, and the depression angle of this building is 60.0. The horizontal distance between the hot air balloon and the building is 120.0. The height of this building is ()
Choices:
(A) 160m
(B) 160√{3}m
(C) (160-160√{3})m
(D) 360m"
270,MathVista_MINI,146,1,18,164,"[{'original_size': (102, 114), 'target_size': (112, 112), 'patches_h': 4, 'patches_w': 4, 'total_patches': 16, 'image_tokens': 16, 'total_image_tokens': 18, 'patch_size': 28}]","[151644, 8948, 198, 2610, 525, 264, 10950, 17847, 13, 151645, 198, 151644, 872, 198, 151652, 151655, 151653, 26987, 25, 5209, 4226, 279, 3405, 323, 3410, 279, 4396, 2999, 6524, 11, 384, 1302, 2572, 362, 11, 425, 11, 356, 11, 422, 11, 518, 279, 835, 624, 14582, 25, 1634, 6839, 304]","Hint: Please answer the question and provide the correct option letter, e.g., A, B, C, D, at the end.
Question: As shown in the figure, points A and B are three points on ⊙O and AB = AC. Connect BO and CO, if ∠ABC = 65.0, then the degree of ∠BOC is ()
Choices:
(A) 50°
(B) 65°
(C) 100°
(D) 130°"
271,MathVista_MINI,93,1,162,255,"[{'original_size': (448, 287), 'target_size': (448, 280), 'patches_h': 10, 'patches_w': 16, 'total_patches': 160, 'image_tokens': 160, 'total_image_tokens': 162, 'patch_size': 28}]","[151644, 8948, 198, 2610, 525, 264, 10950, 17847, 13, 151645, 198, 151644, 872, 198, 151652, 151655, 151653, 26987, 25, 5209, 4226, 279, 3405, 323, 3410, 279, 4396, 2999, 6524, 11, 384, 1302, 2572, 362, 11, 425, 11, 356, 11, 422, 11, 518, 279, 835, 624, 14582, 25, 7379, 379, 198]","Hint: Please answer the question and provide the correct option letter, e.g., A, B, C, D, at the end.
Question: Find y
Choices:
(A) 3
(B) 4.5
(C) 5
(D) 6"
272,MathVista_MINI,116,1,83,199,"[{'original_size': (261, 261), 'target_size': (252, 252), 'patches_h': 9, 'patches_w': 9, 'total_patches': 81, 'image_tokens': 81, 'total_image_tokens': 83, 'patch_size': 28}]","[151644, 8948, 198, 2610, 525, 264, 10950, 17847, 13, 151645, 198, 151644, 872, 198, 151652, 151655, 151653, 26987, 25, 5209, 4226, 279, 3405, 323, 3410, 279, 4396, 2999, 6524, 11, 384, 1302, 2572, 362, 11, 425, 11, 356, 11, 422, 11, 518, 279, 835, 624, 14582, 25, 3555, 882, 1558]","Hint: Please answer the question and provide the correct option letter, e.g., A, B, C, D, at the end.
Question: What time does the clock show?
Choices:
(A) 9:30
(B) 1:30
(C) 4:30
(D) 5:30
(E) 11:30"
273,MathVista_MINI,135,1,98,233,"[{'original_size': (347, 237), 'target_size': (336, 224), 'patches_h': 8, 'patches_w': 12, 'total_patches': 96, 'image_tokens': 96, 'total_image_tokens': 98, 'patch_size': 28}]","[151644, 8948, 198, 2610, 525, 264, 10950, 17847, 13, 151645, 198, 151644, 872, 198, 151652, 151655, 151653, 26987, 25, 5209, 4226, 279, 3405, 323, 3410, 279, 4396, 2999, 6524, 11, 384, 1302, 2572, 362, 11, 425, 11, 356, 11, 422, 11, 518, 279, 835, 624, 14582, 25, 3776, 37236, 315]","Hint: Please answer the question and provide the correct option letter, e.g., A, B, C, D, at the end.
Question: One diagonal of a rhombus is twice as long as the other diagonal. If the area of the rhombus is 169 square millimeters, what are the lengths of the diagonals?
Choices:
(A) 6.5
(B) 13
(C) 26
(D) 52"
274,MathVista_MINI,125,1,22,147,"[{'original_size': (151, 119), 'target_size': (140, 112), 'patches_h': 4, 'patches_w': 5, 'total_patches': 20, 'image_tokens': 20, 'total_image_tokens': 22, 'patch_size': 28}]","[151644, 8948, 198, 2610, 525, 264, 10950, 17847, 13, 151645, 198, 151644, 872, 198, 151652, 151655, 151653, 26987, 25, 5209, 4226, 279, 3405, 323, 3410, 279, 4396, 2999, 6524, 11, 384, 1302, 2572, 362, 11, 425, 11, 356, 11, 422, 11, 518, 279, 835, 624, 14582, 25, 69372, 28029, 3837]","Hint: Please answer the question and provide the correct option letter, e.g., A, B, C, D, at the end.
Question: 如图，AB、BC、CD、DA都是⊙O的切线，已知AD＝2，BC＝5，则AB+CD的值是（）
Choices:
(A) 14
(B) 12
(C) 9
(D) 7"
275,MathVista_MINI,170,1,30,200,"[{'original_size': (185, 107), 'target_size': (196, 112), 'patches_h': 4, 'patches_w': 7, 'total_patches': 28, 'image_tokens': 28, 'total_image_tokens': 30, 'patch_size': 28}]","[151644, 8948, 198, 2610, 525, 264, 10950, 17847, 13, 151645, 198, 151644, 872, 198, 151652, 151655, 151653, 26987, 25, 5209, 4226, 279, 3405, 323, 3410, 279, 4396, 2999, 6524, 11, 384, 1302, 2572, 362, 11, 425, 11, 356, 11, 422, 11, 518, 279, 835, 624, 14582, 25, 1634, 6839, 304]","Hint: Please answer the question and provide the correct option letter, e.g., A, B, C, D, at the end.
Question: As shown in the figure, in Rt△ABC, ∠BAC = 90.0, AD ⊥ BC at D, DE ⊥ AB at E, AD = 3.0, DE = 2.0, then the length of CD is ()
Choices:
(A) \frac{21}{2}
(B) \frac{√{15}}{2}
(C) \frac{9}{2}
(D) \frac{3√{5}}{2}"
276,MathVista_MINI,134,1,18,152,"[{'original_size': (102, 102), 'target_size': (112, 112), 'patches_h': 4, 'patches_w': 4, 'total_patches': 16, 'image_tokens': 16, 'total_image_tokens': 18, 'patch_size': 28}]","[151644, 8948, 198, 2610, 525, 264, 10950, 17847, 13, 151645, 198, 151644, 872, 198, 151652, 151655, 151653, 26987, 25, 5209, 4226, 279, 3405, 323, 3410, 279, 4396, 2999, 6524, 11, 384, 1302, 2572, 362, 11, 425, 11, 356, 11, 422, 11, 518, 279, 835, 624, 14582, 25, 1634, 6839, 304]","Hint: Please answer the question and provide the correct option letter, e.g., A, B, C, D, at the end.
Question: As shown in the figure, it is known that the radius of ⊙O is 5.0 and the chord AB = 8.0, then the distance from the center O to AB is ()
Choices:
(A) 1mm
(B) 2mm
(C) 3mm
(D) 4mm"
277,MathVista_MINI,97,1,317,414,"[{'original_size': (424, 591), 'target_size': (420, 588), 'patches_h': 21, 'patches_w': 15, 'total_patches': 315, 'image_tokens': 315, 'total_image_tokens': 317, 'patch_size': 28}]","[151644, 8948, 198, 2610, 525, 264, 10950, 17847, 13, 151645, 198, 151644, 872, 198, 151652, 151655, 151653, 26987, 25, 5209, 4226, 279, 3405, 323, 3410, 279, 4396, 2999, 6524, 11, 384, 1302, 2572, 362, 11, 425, 11, 356, 11, 422, 11, 518, 279, 835, 624, 14582, 25, 15920, 23739, 374]","Hint: Please answer the question and provide the correct option letter, e.g., A, B, C, D, at the end.
Question: Which cube is identical to the unfolded net?
Choices:
(A) A
(B) B
(C) C
(D) D
(E) E"
278,MathVista_MINI,98,1,1234,1332,"[{'original_size': (1478, 940), 'target_size': (1232, 784), 'patches_h': 28, 'patches_w': 44, 'total_patches': 1232, 'image_tokens': 1232, 'total_image_tokens': 1234, 'patch_size': 28}]","[151644, 8948, 198, 2610, 525, 264, 10950, 17847, 13, 151645, 198, 151644, 872, 198, 151652, 151655, 151653, 26987, 25, 5209, 4226, 279, 3405, 323, 3410, 279, 4396, 2999, 6524, 11, 384, 1302, 2572, 362, 11, 425, 11, 356, 11, 422, 11, 518, 279, 835, 624, 14582, 25, 21658, 279, 2701]","Hint: Please answer the question and provide the correct option letter, e.g., A, B, C, D, at the end.
Question: Among the following objects, which one has the best PSNR score?
Choices:
(A) Lego
(B) Mats
(C) Mic
(D) Ship"
279,MathVista_MINI,97,1,317,414,"[{'original_size': (600, 423), 'target_size': (588, 420), 'patches_h': 15, 'patches_w': 21, 'total_patches': 315, 'image_tokens': 315, 'total_image_tokens': 317, 'patch_size': 28}]","[151644, 8948, 198, 2610, 525, 264, 10950, 17847, 13, 151645, 198, 151644, 872, 198, 151652, 151655, 151653, 26987, 25, 5209, 4226, 279, 3405, 323, 3410, 279, 4396, 2999, 6524, 11, 384, 1302, 2572, 362, 11, 425, 11, 356, 11, 422, 11, 518, 279, 835, 624, 14582, 25, 3555, 1035, 387]","Hint: Please answer the question and provide the correct option letter, e.g., A, B, C, D, at the end.
Question: What would be directly affected by a decrease in sunlight?
Choices:
(A) grass
(B) mouse
(C) grasshopper
(D) owl"
280,MathVista_MINI,125,1,22,147,"[{'original_size': (130, 123), 'target_size': (140, 112), 'patches_h': 4, 'patches_w': 5, 'total_patches': 20, 'image_tokens': 20, 'total_image_tokens': 22, 'patch_size': 28}]","[151644, 8948, 198, 2610, 525, 264, 10950, 17847, 13, 151645, 198, 151644, 872, 198, 151652, 151655, 151653, 26987, 25, 5209, 4226, 279, 3405, 323, 3410, 279, 4396, 2999, 6524, 11, 384, 1302, 2572, 362, 11, 425, 11, 356, 11, 422, 11, 518, 279, 835, 624, 14582, 25, 758, 279, 7071]","Hint: Please answer the question and provide the correct option letter, e.g., A, B, C, D, at the end.
Question: In the figure above, ABCDEF is a regular hexagon, and its center is point O. What is the value of x?
Choices:
(A) 80
(B) 60
(C) 40
(D) 30
(E) 20"
281,MathVista_MINI,82,1,347,429,"[{'original_size': (640, 427), 'target_size': (644, 420), 'patches_h': 15, 'patches_w': 23, 'total_patches': 345, 'image_tokens': 345, 'total_image_tokens': 347, 'patch_size': 28}]","[151644, 8948, 198, 2610, 525, 264, 10950, 17847, 13, 151645, 198, 151644, 872, 198, 151652, 151655, 151653, 26987, 25, 5209, 4226, 279, 3405, 323, 3410, 279, 4396, 2999, 6524, 11, 384, 1302, 2572, 362, 11, 425, 11, 356, 11, 422, 11, 518, 279, 835, 624, 14582, 25, 14804, 419, 264]","Hint: Please answer the question and provide the correct option letter, e.g., A, B, C, D, at the end.
Question: Was this a square pizza?
Choices:
(A) Yes
(B) No"
282,MathVista_MINI,78,1,352,430,"[{'original_size': (700, 400), 'target_size': (700, 392), 'patches_h': 14, 'patches_w': 25, 'total_patches': 350, 'image_tokens': 350, 'total_image_tokens': 352, 'patch_size': 28}]","[151644, 8948, 198, 2610, 525, 264, 10950, 17847, 13, 151645, 198, 151644, 872, 198, 151652, 151655, 151653, 26987, 25, 5209, 4226, 279, 3405, 22703, 458, 7546, 4226, 323, 3410, 279, 1590, 897, 11, 384, 1302, 2572, 220, 16, 11, 220, 17, 11, 220, 18, 11, 518, 279, 835, 624, 14582]","Hint: Please answer the question requiring an integer answer and provide the final value, e.g., 1, 2, 3, at the end.
Question: What percent of the sun is showing?"
283,MathVista_MINI,112,1,302,414,"[{'original_size': (559, 416), 'target_size': (560, 420), 'patches_h': 15, 'patches_w': 20, 'total_patches': 300, 'image_tokens': 300, 'total_image_tokens': 302, 'patch_size': 28}]","[151644, 8948, 198, 2610, 525, 264, 10950, 17847, 13, 151645, 198, 151644, 872, 198, 151652, 151655, 151653, 26987, 25, 5209, 4226, 279, 3405, 323, 3410, 279, 4396, 2999, 6524, 11, 384, 1302, 2572, 362, 11, 425, 11, 356, 11, 422, 11, 518, 279, 835, 624, 14582, 25, 57960, 1975, 1056]","Hint: Please answer the question and provide the correct option letter, e.g., A, B, C, D, at the end.
Question: $\overline{WTY} \cong \overline{TWY}$. Find $x$.
Choices:
(A) 2
(B) 4
(C) 5
(D) 10"
284,MathVista_MINI,81,1,258,339,"[{'original_size': (448, 448), 'target_size': (448, 448), 'patches_h': 16, 'patches_w': 16, 'total_patches': 256, 'image_tokens': 256, 'total_image_tokens': 258, 'patch_size': 28}]","[151644, 8948, 198, 2610, 525, 264, 10950, 17847, 13, 151645, 198, 151644, 872, 198, 151652, 151655, 151653, 26987, 25, 5209, 4226, 279, 3405, 22703, 458, 7546, 4226, 323, 3410, 279, 1590, 897, 11, 384, 1302, 2572, 220, 16, 11, 220, 17, 11, 220, 18, 11, 518, 279, 835, 624, 14582]","Hint: Please answer the question requiring an integer answer and provide the final value, e.g., 1, 2, 3, at the end.
Question: What is the accuracy of the algorithm with lowest accuracy?"
285,MathVista_MINI,139,1,18,157,"[{'original_size': (100, 110), 'target_size': (112, 112), 'patches_h': 4, 'patches_w': 4, 'total_patches': 16, 'image_tokens': 16, 'total_image_tokens': 18, 'patch_size': 28}]","[151644, 8948, 198, 2610, 525, 264, 10950, 17847, 13, 151645, 198, 151644, 872, 198, 151652, 151655, 151653, 26987, 25, 5209, 4226, 279, 3405, 323, 3410, 279, 4396, 2999, 6524, 11, 384, 1302, 2572, 362, 11, 425, 11, 356, 11, 422, 11, 518, 279, 835, 624, 14582, 25, 1634, 6839, 304]","Hint: Please answer the question and provide the correct option letter, e.g., A, B, C, D, at the end.
Question: As shown in the figure, it is known that AB is the diameter of ⊙O, if the degree of ∠BOC is 50.0, then the degree of ∠A is ()
Choices:
(A) 50°
(B) 40°
(C) 30°
(D) 25°"
286,MathVista_MINI,146,1,29,175,"[{'original_size': (250, 82), 'target_size': (252, 84), 'patches_h': 3, 'patches_w': 9, 'total_patches': 27, 'image_tokens': 27, 'total_image_tokens': 29, 'patch_size': 28}]","[151644, 8948, 198, 2610, 525, 264, 10950, 17847, 13, 151645, 198, 151644, 872, 198, 151652, 151655, 151653, 26987, 25, 5209, 4226, 279, 3405, 323, 3410, 279, 4396, 2999, 6524, 11, 384, 1302, 2572, 362, 11, 425, 11, 356, 11, 422, 11, 518, 279, 835, 624, 14582, 25, 69372, 28029, 3837]","Hint: Please answer the question and provide the correct option letter, e.g., A, B, C, D, at the end.
Question: 如图，将一根长度为8cm，自然伸直的弹性皮筋AB两端固定在水平的桌面上，然后把皮筋中点C竖直向上拉升3cm到点D，则此时该弹性皮筋被拉长了（）
Choices:
(A) 6cm
(B) 5cm
(C) 4cm
(D) 2cm"
287,MathVista_MINI,114,1,158,272,"[{'original_size': (370, 325), 'target_size': (364, 336), 'patches_h': 12, 'patches_w': 13, 'total_patches': 156, 'image_tokens': 156, 'total_image_tokens': 158, 'patch_size': 28}]","[151644, 8948, 198, 2610, 525, 264, 10950, 17847, 13, 151645, 198, 151644, 872, 198, 151652, 151655, 151653, 26987, 25, 5209, 4226, 279, 3405, 323, 3410, 279, 4396, 2999, 6524, 11, 384, 1302, 2572, 362, 11, 425, 11, 356, 11, 422, 11, 518, 279, 835, 624, 14582, 25, 15920, 5537, 374]","Hint: Please answer the question and provide the correct option letter, e.g., A, B, C, D, at the end.
Question: Which region is larger? R1 or R2?
A. R1
B. R2
Choices:
(A) R1
(B) R2
(C) R5
(D) R3
(E) R4"
288,MathVista_MINI,154,1,1275,1429,"[{'original_size': (2144, 606), 'target_size': (1876, 532), 'patches_h': 19, 'patches_w': 67, 'total_patches': 1273, 'image_tokens': 1273, 'total_image_tokens': 1275, 'patch_size': 28}]","[151644, 8948, 198, 2610, 525, 264, 10950, 17847, 13, 151645, 198, 151644, 872, 198, 151652, 151655, 151653, 26987, 25, 5209, 4226, 279, 3405, 323, 3410, 279, 4396, 2999, 6524, 11, 384, 1302, 2572, 362, 11, 425, 11, 356, 11, 422, 11, 518, 279, 835, 624, 14582, 25, 758, 892, 315]","Hint: Please answer the question and provide the correct option letter, e.g., A, B, C, D, at the end.
Question: In which of the following value ranges of λ2 does the percentage of Attack Effectiveness begin to be lower than that of Diversity?
Choices:
(A) 0.0 - 0.2
(B) 0.2 - 0.4
(C) 0.4 - 0.6
(D) 0.6 - 0.8
(E) 0.8 - 1.0"
289,MathVista_MINI,100,1,107,207,"[{'original_size': (418, 204), 'target_size': (420, 196), 'patches_h': 7, 'patches_w': 15, 'total_patches': 105, 'image_tokens': 105, 'total_image_tokens': 107, 'patch_size': 28}]","[151644, 8948, 198, 2610, 525, 264, 10950, 17847, 13, 151645, 198, 151644, 872, 198, 151652, 151655, 151653, 26987, 25, 5209, 4226, 279, 3405, 22703, 458, 7546, 4226, 323, 3410, 279, 1590, 897, 11, 384, 1302, 2572, 220, 16, 11, 220, 17, 11, 220, 18, 11, 518, 279, 835, 624, 14582]","Hint: Please answer the question requiring an integer answer and provide the final value, e.g., 1, 2, 3, at the end.
Question: Fill in the blank to describe the model. The model has 4 dots divided into 2 equal groups. There are (_) dots in each group."
290,MathVista_MINI,129,1,22,151,"[{'original_size': (132, 119), 'target_size': (140, 112), 'patches_h': 4, 'patches_w': 5, 'total_patches': 20, 'image_tokens': 20, 'total_image_tokens': 22, 'patch_size': 28}]","[151644, 8948, 198, 2610, 525, 264, 10950, 17847, 13, 151645, 198, 151644, 872, 198, 151652, 151655, 151653, 26987, 25, 5209, 4226, 279, 3405, 323, 3410, 279, 4396, 2999, 6524, 11, 384, 1302, 2572, 362, 11, 425, 11, 356, 11, 422, 11, 518, 279, 835, 624, 14582, 25, 69372, 28029, 3837]","Hint: Please answer the question and provide the correct option letter, e.g., A, B, C, D, at the end.
Question: 如图，平行线AB，CD被直线AE所截．若∠1＝105°，则∠2的度数为（）
Choices:
(A) 75°
(B) 85°
(C) 95°
(D) 105°"
291,MathVista_MINI,116,1,582,698,"[{'original_size': (800, 557), 'target_size': (812, 560), 'patches_h': 20, 'patches_w': 29, 'total_patches': 580, 'image_tokens': 580, 'total_image_tokens': 582, 'patch_size': 28}]","[151644, 8948, 198, 2610, 525, 264, 10950, 17847, 13, 151645, 198, 151644, 872, 198, 151652, 151655, 151653, 26987, 25, 5209, 4226, 279, 3405, 323, 3410, 279, 4396, 2999, 6524, 11, 384, 1302, 2572, 362, 11, 425, 11, 356, 11, 422, 11, 518, 279, 835, 624, 14582, 25, 758, 892, 4168]","Hint: Please answer the question and provide the correct option letter, e.g., A, B, C, D, at the end.
Question: In which period the number of full time employees is the maximum?
Choices:
(A) Jul '21
(B) Jun '21
(C) Mar '21
(D) May '21
(E) Apr '21"
292,MathVista_MINI,85,1,226,311,"[{'original_size': (461, 400), 'target_size': (448, 392), 'patches_h': 14, 'patches_w': 16, 'total_patches': 224, 'image_tokens': 224, 'total_image_tokens': 226, 'patch_size': 28}]","[151644, 8948, 198, 2610, 525, 264, 10950, 17847, 13, 151645, 198, 151644, 872, 198, 151652, 151655, 151653, 26987, 25, 5209, 4226, 279, 3405, 323, 3410, 279, 4396, 2999, 6524, 11, 384, 1302, 2572, 362, 11, 425, 11, 356, 11, 422, 11, 518, 279, 835, 624, 14582, 25, 2160, 44457, 40389]","Hint: Please answer the question and provide the correct option letter, e.g., A, B, C, D, at the end.
Question: Is Rebecca Purple greater than Olive Drab?
Choices:
(A) yes
(B) no"
293,MathVista_MINI,106,1,98,204,"[{'original_size': (456, 156), 'target_size': (448, 168), 'patches_h': 6, 'patches_w': 16, 'total_patches': 96, 'image_tokens': 96, 'total_image_tokens': 98, 'patch_size': 28}]","[151644, 8948, 198, 2610, 525, 264, 10950, 17847, 13, 151645, 198, 151644, 872, 198, 151652, 151655, 151653, 26987, 25, 5209, 4226, 279, 3405, 323, 3410, 279, 4396, 2999, 6524, 11, 384, 1302, 2572, 362, 11, 425, 11, 356, 11, 422, 11, 518, 279, 835, 624, 14582, 25, 5542, 279, 3403]","Hint: Please answer the question and provide the correct option letter, e.g., A, B, C, D, at the end.
Question: From the above food web diagram, grasshopper population increase if
Choices:
(A) grouse decrease
(B) chipmunk increases
(C) grasses increases
(D) elk increase"
294,MathVista_MINI,168,1,92,260,"[{'original_size': (247, 293), 'target_size': (252, 280), 'patches_h': 10, 'patches_w': 9, 'total_patches': 90, 'image_tokens': 90, 'total_image_tokens': 92, 'patch_size': 28}]","[151644, 8948, 198, 2610, 525, 264, 10950, 17847, 13, 151645, 198, 151644, 872, 198, 151652, 151655, 151653, 26987, 25, 5209, 4226, 279, 3405, 22703, 264, 19057, 16574, 1372, 448, 1378, 12122, 7482, 323, 3410, 279, 1590, 897, 11, 384, 1302, 2572, 220, 16, 13, 17, 18, 11, 220, 16, 13]","Hint: Please answer the question requiring a floating-point number with two decimal places and provide the final value, e.g., 1.23, 1.34, 1.45, at the end.
Question: In Fig. 21-25, the particles have charges $q_1=-q_2=100 \mathrm{nC}$ and $q_3=-q_4=200 \mathrm{nC}$, and distance $a=$ $5.0 \mathrm{~cm}$. What is the $x$ component of the net electrostatic force on particle 3?"
295,MathVista_MINI,100,1,163,263,"[{'original_size': (633, 204), 'target_size': (644, 196), 'patches_h': 7, 'patches_w': 23, 'total_patches': 161, 'image_tokens': 161, 'total_image_tokens': 163, 'patch_size': 28}]","[151644, 8948, 198, 2610, 525, 264, 10950, 17847, 13, 151645, 198, 151644, 872, 198, 151652, 151655, 151653, 26987, 25, 5209, 4226, 279, 3405, 22703, 458, 7546, 4226, 323, 3410, 279, 1590, 897, 11, 384, 1302, 2572, 220, 16, 11, 220, 17, 11, 220, 18, 11, 518, 279, 835, 624, 14582]","Hint: Please answer the question requiring an integer answer and provide the final value, e.g., 1, 2, 3, at the end.
Question: Fill in the blank to describe the model. The model has 9 dots divided into 3 equal groups. There are (_) dots in each group."
296,MathVista_MINI,99,1,1250,1349,"[{'original_size': (1430, 776), 'target_size': (1344, 728), 'patches_h': 26, 'patches_w': 48, 'total_patches': 1248, 'image_tokens': 1248, 'total_image_tokens': 1250, 'patch_size': 28}]","[151644, 8948, 198, 2610, 525, 264, 10950, 17847, 13, 151645, 198, 151644, 872, 198, 151652, 151655, 151653, 26987, 25, 5209, 4226, 279, 3405, 323, 3410, 279, 4396, 2999, 6524, 11, 384, 1302, 2572, 362, 11, 425, 11, 356, 11, 422, 11, 518, 279, 835, 624, 14582, 25, 576, 897, 315]","Hint: Please answer the question and provide the correct option letter, e.g., A, B, C, D, at the end.
Question: The value of f(-3) is ____ the value of f(2)
Choices:
(A) larger than
(B) equal to
(C) smaller than"
297,MathVista_MINI,93,1,393,486,"[{'original_size': (640, 480), 'target_size': (644, 476), 'patches_h': 17, 'patches_w': 23, 'total_patches': 391, 'image_tokens': 391, 'total_image_tokens': 393, 'patch_size': 28}]","[151644, 8948, 198, 2610, 525, 264, 10950, 17847, 13, 151645, 198, 151644, 872, 198, 151652, 151655, 151653, 26987, 25, 5209, 4226, 279, 3405, 323, 3410, 279, 4396, 2999, 6524, 11, 384, 1302, 2572, 362, 11, 425, 11, 356, 11, 422, 11, 518, 279, 835, 624, 14582, 25, 2160, 279, 1372]","Hint: Please answer the question and provide the correct option letter, e.g., A, B, C, D, at the end.
Question: Is the number of green buss greater than the number of blue school buss?
Choices:
(A) Yes
(B) No"
298,MathVista_MINI,96,1,677,773,"[{'original_size': (768, 699), 'target_size': (756, 700), 'patches_h': 25, 'patches_w': 27, 'total_patches': 675, 'image_tokens': 675, 'total_image_tokens': 677, 'patch_size': 28}]","[151644, 8948, 198, 2610, 525, 264, 10950, 17847, 13, 151645, 198, 151644, 872, 198, 151652, 151655, 151653, 26987, 25, 5209, 4226, 279, 3405, 323, 3410, 279, 4396, 2999, 6524, 11, 384, 1302, 2572, 362, 11, 425, 11, 356, 11, 422, 11, 518, 279, 835, 624, 14582, 25, 362, 18472, 304]","Hint: Please answer the question and provide the correct option letter, e.g., A, B, C, D, at the end.
Question: A decrease in rabbits would affect whose food source?
Choices:
(A) mountain lion
(B) producer
(C) decomposer
(D) energy"
299,MathVista_MINI,89,1,1249,1338,"[{'original_size': (1600, 1067), 'target_size': (1204, 812), 'patches_h': 29, 'patches_w': 43, 'total_patches': 1247, 'image_tokens': 1247, 'total_image_tokens': 1249, 'patch_size': 28}]","[151644, 8948, 198, 2610, 525, 264, 10950, 17847, 13, 151645, 198, 151644, 872, 198, 151652, 151655, 151653, 26987, 25, 5209, 4226, 279, 3405, 22703, 458, 7546, 4226, 323, 3410, 279, 1590, 897, 11, 384, 1302, 2572, 220, 16, 11, 220, 17, 11, 220, 18, 11, 518, 279, 835, 624, 14582]","Hint: Please answer the question requiring an integer answer and provide the final value, e.g., 1, 2, 3, at the end.
Question: What is the age gap between the center and the rightmost person? (Unit: years)"
300,MathVista_MINI,128,1,326,454,"[{'original_size': (510, 492), 'target_size': (504, 504), 'patches_h': 18, 'patches_w': 18, 'total_patches': 324, 'image_tokens': 324, 'total_image_tokens': 326, 'patch_size': 28}]","[151644, 8948, 198, 2610, 525, 264, 10950, 17847, 13, 151645, 198, 151644, 872, 198, 151652, 151655, 151653, 26987, 25, 5209, 4226, 279, 3405, 323, 3410, 279, 4396, 2999, 6524, 11, 384, 1302, 2572, 362, 11, 425, 11, 356, 11, 422, 11, 518, 279, 835, 624, 14582, 25, 57960, 1975, 1056]","Hint: Please answer the question and provide the correct option letter, e.g., A, B, C, D, at the end.
Question: $\overline{HK}$ and $\overline{IG}$ are diameters of $\odot L$. Find $m \widehat {IHJ}$.
Choices:
(A) 59
(B) 135
(C) 270
(D) 301"
301,MathVista_MINI,108,1,1262,1370,"[{'original_size': (2012, 524), 'target_size': (1960, 504), 'patches_h': 18, 'patches_w': 70, 'total_patches': 1260, 'image_tokens': 1260, 'total_image_tokens': 1262, 'patch_size': 28}]","[151644, 8948, 198, 2610, 525, 264, 10950, 17847, 13, 151645, 198, 151644, 872, 198, 151652, 151655, 151653, 26987, 25, 5209, 4226, 279, 3405, 323, 3410, 279, 4396, 2999, 6524, 11, 384, 1302, 2572, 362, 11, 425, 11, 356, 11, 422, 11, 518, 279, 835, 624, 14582, 25, 15920, 1614, 26674]","Hint: Please answer the question and provide the correct option letter, e.g., A, B, C, D, at the end.
Question: Which model performs the best overall across the three stages in terms of Messenger training performance?
Choices:
(A) Dynalang
(B) EMMA
(C) R2D2
(D) IMPALA"
302,MathVista_MINI,100,1,211,311,"[{'original_size': (531, 300), 'target_size': (532, 308), 'patches_h': 11, 'patches_w': 19, 'total_patches': 209, 'image_tokens': 209, 'total_image_tokens': 211, 'patch_size': 28}]","[151644, 8948, 198, 2610, 525, 264, 10950, 17847, 13, 151645, 198, 151644, 872, 198, 151652, 151655, 151653, 26987, 25, 5209, 4226, 279, 3405, 323, 3410, 279, 4396, 2999, 6524, 11, 384, 1302, 2572, 362, 11, 425, 11, 356, 11, 422, 11, 518, 279, 835, 624, 14582, 25, 3555, 374, 279]","Hint: Please answer the question and provide the correct option letter, e.g., A, B, C, D, at the end.
Question: What is the green curve?
Choices:
(A) a polynomial
(B) a trigonometric function
(C) an exponential function
(D) a logarithmic function"
303,MathVista_MINI,84,1,394,478,"[{'original_size': (797, 400), 'target_size': (784, 392), 'patches_h': 14, 'patches_w': 28, 'total_patches': 392, 'image_tokens': 392, 'total_image_tokens': 394, 'patch_size': 28}]","[151644, 8948, 198, 2610, 525, 264, 10950, 17847, 13, 151645, 198, 151644, 872, 198, 151652, 151655, 151653, 26987, 25, 5209, 4226, 279, 3405, 323, 3410, 279, 4396, 2999, 6524, 11, 384, 1302, 2572, 362, 11, 425, 11, 356, 11, 422, 11, 518, 279, 835, 624, 14582, 25, 2160, 70496, 7840]","Hint: Please answer the question and provide the correct option letter, e.g., A, B, C, D, at the end.
Question: Is Lime Green less than Dim Gray?
Choices:
(A) yes
(B) no"
304,MathVista_MINI,109,1,137,246,"[{'original_size': (431, 247), 'target_size': (420, 252), 'patches_h': 9, 'patches_w': 15, 'total_patches': 135, 'image_tokens': 135, 'total_image_tokens': 137, 'patch_size': 28}]","[151644, 8948, 198, 2610, 525, 264, 10950, 17847, 13, 151645, 198, 151644, 872, 198, 151652, 151655, 151653, 26987, 25, 5209, 4226, 279, 3405, 22703, 458, 7546, 4226, 323, 3410, 279, 1590, 897, 11, 384, 1302, 2572, 220, 16, 11, 220, 17, 11, 220, 18, 11, 518, 279, 835, 624, 14582]","Hint: Please answer the question requiring an integer answer and provide the final value, e.g., 1, 2, 3, at the end.
Question: In the figure above, two line segments meet at a point on line l. If the value of y is equal to the square of the value of x, what is the value of y?"
305,MathVista_MINI,79,1,258,337,"[{'original_size': (448, 448), 'target_size': (448, 448), 'patches_h': 16, 'patches_w': 16, 'total_patches': 256, 'image_tokens': 256, 'total_image_tokens': 258, 'patch_size': 28}]","[151644, 8948, 198, 2610, 525, 264, 10950, 17847, 13, 151645, 198, 151644, 872, 198, 151652, 151655, 151653, 26987, 25, 5209, 4226, 279, 3405, 22703, 458, 7546, 4226, 323, 3410, 279, 1590, 897, 11, 384, 1302, 2572, 220, 16, 11, 220, 17, 11, 220, 18, 11, 518, 279, 835, 624, 14582]","Hint: Please answer the question requiring an integer answer and provide the final value, e.g., 1, 2, 3, at the end.
Question: How many people prefer the most preferred object?"
306,MathVista_MINI,85,1,352,437,"[{'original_size': (700, 400), 'target_size': (700, 392), 'patches_h': 14, 'patches_w': 25, 'total_patches': 350, 'image_tokens': 350, 'total_image_tokens': 352, 'patch_size': 28}]","[151644, 8948, 198, 2610, 525, 264, 10950, 17847, 13, 151645, 198, 151644, 872, 198, 151652, 151655, 151653, 26987, 25, 5209, 4226, 279, 3405, 323, 3410, 279, 4396, 2999, 6524, 11, 384, 1302, 2572, 362, 11, 425, 11, 356, 11, 422, 11, 518, 279, 835, 624, 14582, 25, 2160, 279, 4845]","Hint: Please answer the question and provide the correct option letter, e.g., A, B, C, D, at the end.
Question: Is the bed much larger than the kitten?
Choices:
(A) Yes
(B) No"
307,MathVista_MINI,241,1,478,719,"[{'original_size': (772, 466), 'target_size': (784, 476), 'patches_h': 17, 'patches_w': 28, 'total_patches': 476, 'image_tokens': 476, 'total_image_tokens': 478, 'patch_size': 28}]","[151644, 8948, 198, 2610, 525, 264, 10950, 17847, 13, 151645, 198, 151644, 872, 198, 151652, 151655, 151653, 26987, 25, 5209, 4226, 279, 3405, 22703, 264, 19057, 16574, 1372, 448, 1378, 12122, 7482, 323, 3410, 279, 1590, 897, 11, 384, 1302, 2572, 220, 16, 13, 17, 18, 11, 220, 16, 13]","Hint: Please answer the question requiring a floating-point number with two decimal places and provide the final value, e.g., 1.23, 1.34, 1.45, at the end.
Question: Figure is an overhead view of the path taken by a race car driver as his car collides with the racetrack wall. Just before the collision, he is traveling at speed $v_i=70 \mathrm{~m} / \mathrm{s}$ along a straight line at $30^{\circ}$ from the wall. Just after the collision, he is traveling at speed $v_f=50 \mathrm{~m} / \mathrm{s}$ along a straight line at $10^{\circ}$ from the wall. His mass $m$ is $80 \mathrm{~kg}$. The collision lasts for $14 \mathrm{~ms}$. What is the magnitude of the average force on the driver during the collision?"
308,MathVista_MINI,102,1,172,274,"[{'original_size': (482, 276), 'target_size': (476, 280), 'patches_h': 10, 'patches_w': 17, 'total_patches': 170, 'image_tokens': 170, 'total_image_tokens': 172, 'patch_size': 28}]","[151644, 8948, 198, 2610, 525, 264, 10950, 17847, 13, 151645, 198, 151644, 872, 198, 151652, 151655, 151653, 26987, 25, 5209, 4226, 279, 3405, 323, 3410, 279, 4396, 2999, 6524, 11, 384, 1302, 2572, 362, 11, 425, 11, 356, 11, 422, 11, 518, 279, 835, 624, 14582, 25, 3555, 374, 419]","Hint: Please answer the question and provide the correct option letter, e.g., A, B, C, D, at the end.
Question: What is this function most likely be?
Choices:
(A) a polynomial
(B) a trigonometric function
(C) an exponential function
(D) a logarithmic function"
309,MathVista_MINI,109,1,27,136,"[{'original_size': (131, 136), 'target_size': (140, 140), 'patches_h': 5, 'patches_w': 5, 'total_patches': 25, 'image_tokens': 25, 'total_image_tokens': 27, 'patch_size': 28}]","[151644, 8948, 198, 2610, 525, 264, 10950, 17847, 13, 151645, 198, 151644, 872, 198, 151652, 151655, 151653, 26987, 25, 5209, 4226, 279, 3405, 22703, 458, 7546, 4226, 323, 3410, 279, 1590, 897, 11, 384, 1302, 2572, 220, 16, 11, 220, 17, 11, 220, 18, 11, 518, 279, 835, 624, 14582]","Hint: Please answer the question requiring an integer answer and provide the final value, e.g., 1, 2, 3, at the end.
Question: The movie critic liked to count the number of actors in each movie he saw. How many movies had at least 30 actors but fewer than 47 actors? (Unit: movies)"
310,MathVista_MINI,116,1,98,214,"[{'original_size': (350, 218), 'target_size': (336, 224), 'patches_h': 8, 'patches_w': 12, 'total_patches': 96, 'image_tokens': 96, 'total_image_tokens': 98, 'patch_size': 28}]","[151644, 8948, 198, 2610, 525, 264, 10950, 17847, 13, 151645, 198, 151644, 872, 198, 151652, 151655, 151653, 26987, 25, 5209, 4226, 279, 3405, 323, 3410, 279, 4396, 2999, 6524, 11, 384, 1302, 2572, 362, 11, 425, 11, 356, 11, 422, 11, 518, 279, 835, 624, 14582, 25, 7379, 1147, 198]","Hint: Please answer the question and provide the correct option letter, e.g., A, B, C, D, at the end.
Question: Find z
Choices:
(A) 10
(B) \frac { 32 } { 3 }
(C) \frac { 40 } { 3 }
(D) \frac { 50 } { 3 }"
311,MathVista_MINI,87,1,1250,1337,"[{'original_size': (1620, 1947), 'target_size': (896, 1092), 'patches_h': 39, 'patches_w': 32, 'total_patches': 1248, 'image_tokens': 1248, 'total_image_tokens': 1250, 'patch_size': 28}]","[151644, 8948, 198, 2610, 525, 264, 10950, 17847, 13, 151645, 198, 151644, 872, 198, 151652, 151655, 151653, 26987, 25, 5209, 4226, 279, 3405, 22703, 458, 7546, 4226, 323, 3410, 279, 1590, 897, 11, 384, 1302, 2572, 220, 16, 11, 220, 17, 11, 220, 18, 11, 518, 279, 835, 624, 14582]","Hint: Please answer the question requiring an integer answer and provide the final value, e.g., 1, 2, 3, at the end.
Question: What is the age gap between these two people in image? (Unit: years)"
312,MathVista_MINI,113,1,51,164,"[{'original_size': (204, 187), 'target_size': (196, 196), 'patches_h': 7, 'patches_w': 7, 'total_patches': 49, 'image_tokens': 49, 'total_image_tokens': 51, 'patch_size': 28}]","[151644, 8948, 198, 2610, 525, 264, 10950, 17847, 13, 151645, 198, 151644, 872, 198, 151652, 151655, 151653, 26987, 25, 5209, 4226, 279, 3405, 323, 3410, 279, 4396, 2999, 6524, 11, 384, 1302, 2572, 362, 11, 425, 11, 356, 11, 422, 11, 518, 279, 835, 624, 14582, 25, 1527, 39587, 36400]","Hint: Please answer the question and provide the correct option letter, e.g., A, B, C, D, at the end.
Question: An Idaho farmer has been monitoring crop prices over time. In 2003, which crop cost the most per cwt?'
Choices:
(A) potatoes
(B) peas
(C) apples
(D) canola"
313,MathVista_MINI,87,1,218,305,"[{'original_size': (500, 334), 'target_size': (504, 336), 'patches_h': 12, 'patches_w': 18, 'total_patches': 216, 'image_tokens': 216, 'total_image_tokens': 218, 'patch_size': 28}]","[151644, 8948, 198, 2610, 525, 264, 10950, 17847, 13, 151645, 198, 151644, 872, 198, 151652, 151655, 151653, 26987, 25, 5209, 4226, 279, 3405, 22703, 458, 7546, 4226, 323, 3410, 279, 1590, 897, 11, 384, 1302, 2572, 220, 16, 11, 220, 17, 11, 220, 18, 11, 518, 279, 835, 624, 14582]","Hint: Please answer the question requiring an integer answer and provide the final value, e.g., 1, 2, 3, at the end.
Question: What is the age gap between these two people in image? (Unit: years)"
314,MathVista_MINI,81,1,268,349,"[{'original_size': (522, 400), 'target_size': (532, 392), 'patches_h': 14, 'patches_w': 19, 'total_patches': 266, 'image_tokens': 266, 'total_image_tokens': 268, 'patch_size': 28}]","[151644, 8948, 198, 2610, 525, 264, 10950, 17847, 13, 151645, 198, 151644, 872, 198, 151652, 151655, 151653, 26987, 25, 5209, 4226, 279, 3405, 323, 3410, 279, 4396, 2999, 6524, 11, 384, 1302, 2572, 362, 11, 425, 11, 356, 11, 422, 11, 518, 279, 835, 624, 14582, 25, 2160, 66077, 279]","Hint: Please answer the question and provide the correct option letter, e.g., A, B, C, D, at the end.
Question: Is Crimson the minimum?
Choices:
(A) yes
(B) no"
315,MathVista_MINI,197,1,461,658,"[{'original_size': (749, 463), 'target_size': (756, 476), 'patches_h': 17, 'patches_w': 27, 'total_patches': 459, 'image_tokens': 459, 'total_image_tokens': 461, 'patch_size': 28}]","[151644, 8948, 198, 2610, 525, 264, 10950, 17847, 13, 151645, 198, 151644, 872, 198, 151652, 151655, 151653, 26987, 25, 5209, 4226, 279, 3405, 323, 3410, 279, 4396, 2999, 6524, 11, 384, 1302, 2572, 362, 11, 425, 11, 356, 11, 422, 11, 518, 279, 835, 624, 14582, 25, 758, 279, 13549]","Hint: Please answer the question and provide the correct option letter, e.g., A, B, C, D, at the end.
Question: In the diagram above, angle A is congruent to angle BED, and angle C is congruent to angle D. If the ratio of the length of AB to the length of EB is 5:1, and the area of the triangle BED is 5*a^2 + 10, what is the area of triangle ABC?
Choices:
(A) 5*a^2 + 10
(B) 25*a^2 + 50
(C) 25*a^2 + 100
(D) 125*a^2 + 250
(E) cannot be determined"
316,MathVista_MINI,141,1,18,159,"[{'original_size': (105, 118), 'target_size': (112, 112), 'patches_h': 4, 'patches_w': 4, 'total_patches': 16, 'image_tokens': 16, 'total_image_tokens': 18, 'patch_size': 28}]","[151644, 8948, 198, 2610, 525, 264, 10950, 17847, 13, 151645, 198, 151644, 872, 198, 151652, 151655, 151653, 26987, 25, 5209, 4226, 279, 3405, 323, 3410, 279, 4396, 2999, 6524, 11, 384, 1302, 2572, 362, 11, 425, 11, 356, 11, 422, 11, 518, 279, 835, 624, 14582, 25, 1634, 6839, 304]","Hint: Please answer the question and provide the correct option letter, e.g., A, B, C, D, at the end.
Question: As shown in the figure, given that points A, B, and C are on ⊙O, ∠AOB = 100.0, then the degree of ∠ACB is ()
Choices:
(A) 50°
(B) 80°
(C) 100°
(D) 200°"
317,MathVista_MINI,87,1,236,323,"[{'original_size': (496, 361), 'target_size': (504, 364), 'patches_h': 13, 'patches_w': 18, 'total_patches': 234, 'image_tokens': 234, 'total_image_tokens': 236, 'patch_size': 28}]","[151644, 8948, 198, 2610, 525, 264, 10950, 17847, 13, 151645, 198, 151644, 872, 198, 151652, 151655, 151653, 26987, 25, 5209, 4226, 279, 3405, 22703, 458, 7546, 4226, 323, 3410, 279, 1590, 897, 11, 384, 1302, 2572, 220, 16, 11, 220, 17, 11, 220, 18, 11, 518, 279, 835, 624, 14582]","Hint: Please answer the question requiring an integer answer and provide the final value, e.g., 1, 2, 3, at the end.
Question: What is the age gap between these two people in image? (Unit: years)"
318,MathVista_MINI,116,1,56,172,"[{'original_size': (239, 175), 'target_size': (252, 168), 'patches_h': 6, 'patches_w': 9, 'total_patches': 54, 'image_tokens': 54, 'total_image_tokens': 56, 'patch_size': 28}]","[151644, 8948, 198, 2610, 525, 264, 10950, 17847, 13, 151645, 198, 151644, 872, 198, 151652, 151655, 151653, 26987, 25, 5209, 4226, 279, 3405, 323, 3410, 279, 4396, 2999, 6524, 11, 384, 1302, 2572, 362, 11, 425, 11, 356, 11, 422, 11, 518, 279, 835, 624, 14582, 25, 7379, 279, 3082]","Hint: Please answer the question and provide the correct option letter, e.g., A, B, C, D, at the end.
Question: Find the area of the figure. Round to the nearest tenth if necessary.
Choices:
(A) 191.5
(B) 1128
(C) 2256
(D) 4512"
319,MathVista_MINI,86,1,393,479,"[{'original_size': (640, 480), 'target_size': (644, 476), 'patches_h': 17, 'patches_w': 23, 'total_patches': 391, 'image_tokens': 391, 'total_image_tokens': 393, 'patch_size': 28}]","[151644, 8948, 198, 2610, 525, 264, 10950, 17847, 13, 151645, 198, 151644, 872, 198, 151652, 151655, 151653, 26987, 25, 5209, 4226, 279, 3405, 323, 3410, 279, 4396, 2999, 6524, 11, 384, 1302, 2572, 362, 11, 425, 11, 356, 11, 422, 11, 518, 279, 835, 624, 14582, 25, 18885, 1429, 315]","Hint: Please answer the question and provide the correct option letter, e.g., A, B, C, D, at the end.
Question: Would most of the ground cover be considered weeds?
Choices:
(A) Yes
(B) No"
320,MathVista_MINI,141,1,20,161,"[{'original_size': (170, 90), 'target_size': (168, 84), 'patches_h': 3, 'patches_w': 6, 'total_patches': 18, 'image_tokens': 18, 'total_image_tokens': 20, 'patch_size': 28}]","[151644, 8948, 198, 2610, 525, 264, 10950, 17847, 13, 151645, 198, 151644, 872, 198, 151652, 151655, 151653, 26987, 25, 5209, 4226, 279, 3405, 323, 3410, 279, 4396, 2999, 6524, 11, 384, 1302, 2572, 362, 11, 425, 11, 356, 11, 422, 11, 518, 279, 835, 624, 14582, 25, 69372, 28029, 96050]","Hint: Please answer the question and provide the correct option letter, e.g., A, B, C, D, at the end.
Question: 如图，在△ABC中，∠C＝90°，AB＝13，AC＝5，D、E分别是AC、AB的中点，则DE的长是（）
Choices:
(A) 6.5
(B) 6
(C) 5.5
(D) \frac{√{119}}{2}"
321,MathVista_MINI,104,1,93,197,"[{'original_size': (353, 187), 'target_size': (364, 196), 'patches_h': 7, 'patches_w': 13, 'total_patches': 91, 'image_tokens': 91, 'total_image_tokens': 93, 'patch_size': 28}]","[151644, 8948, 198, 2610, 525, 264, 10950, 17847, 13, 151645, 198, 151644, 872, 198, 151652, 151655, 151653, 26987, 25, 5209, 4226, 279, 3405, 323, 3410, 279, 4396, 2999, 6524, 11, 384, 1302, 2572, 362, 11, 425, 11, 356, 11, 422, 11, 518, 279, 835, 624, 14582, 25, 9192, 518, 279]","Hint: Please answer the question and provide the correct option letter, e.g., A, B, C, D, at the end.
Question: Look at the table. Then answer the question. At a price of $330, is there a shortage or a surplus?'
Choices:
(A) shortage
(B) surplus"
322,MathVista_MINI,162,1,22,184,"[{'original_size': (148, 107), 'target_size': (140, 112), 'patches_h': 4, 'patches_w': 5, 'total_patches': 20, 'image_tokens': 20, 'total_image_tokens': 22, 'patch_size': 28}]","[151644, 8948, 198, 2610, 525, 264, 10950, 17847, 13, 151645, 198, 151644, 872, 198, 151652, 151655, 151653, 26987, 25, 5209, 4226, 279, 3405, 323, 3410, 279, 4396, 2999, 6524, 11, 384, 1302, 2572, 362, 11, 425, 11, 356, 11, 422, 11, 518, 279, 835, 624, 14582, 25, 69372, 28029, 3837]","Hint: Please answer the question and provide the correct option letter, e.g., A, B, C, D, at the end.
Question: 如图，A，B两点被池塘隔开，在AB外选一点C，使点C能直接到达点A和点B，连接AC和BC，并分别找出AC和BC的中点M，N．如果测得MN＝20m，那么A，B两点的距离是（）
Choices:
(A) 10m
(B) 20m
(C) 35m
(D) 40m"
323,MathVista_MINI,138,1,26,164,"[{'original_size': (230, 94), 'target_size': (224, 84), 'patches_h': 3, 'patches_w': 8, 'total_patches': 24, 'image_tokens': 24, 'total_image_tokens': 26, 'patch_size': 28}]","[151644, 8948, 198, 2610, 525, 264, 10950, 17847, 13, 151645, 198, 151644, 872, 198, 151652, 151655, 151653, 26987, 25, 5209, 4226, 279, 3405, 323, 3410, 279, 4396, 2999, 6524, 11, 384, 1302, 2572, 362, 11, 425, 11, 356, 11, 422, 11, 518, 279, 835, 624, 14582, 25, 28417, 1101, 23293]","Hint: Please answer the question and provide the correct option letter, e.g., A, B, C, D, at the end.
Question: Craig just downloaded the new game Gem Excavator on his phone. In the first level, Craig gains points for each green gem he finds. However, he loses points for each red gem he finds. The table shows how the gems affect Craig's points. Which color gem affects Craig's points less?'
Choices:
(A) green
(B) red"
324,MathVista_MINI,84,1,756,840,"[{'original_size': (800, 726), 'target_size': (812, 728), 'patches_h': 26, 'patches_w': 29, 'total_patches': 754, 'image_tokens': 754, 'total_image_tokens': 756, 'patch_size': 28}]","[151644, 8948, 198, 2610, 525, 264, 10950, 17847, 13, 151645, 198, 151644, 872, 198, 151652, 151655, 151653, 26987, 25, 5209, 4226, 279, 3405, 22703, 458, 7546, 4226, 323, 3410, 279, 1590, 897, 11, 384, 1302, 2572, 220, 16, 11, 220, 17, 11, 220, 18, 11, 518, 279, 835, 624, 14582]","Hint: Please answer the question requiring an integer answer and provide the final value, e.g., 1, 2, 3, at the end.
Question: What is the difference between highest and lowest value of dark blue bar?"
325,MathVista_MINI,87,1,226,313,"[{'original_size': (448, 400), 'target_size': (448, 392), 'patches_h': 14, 'patches_w': 16, 'total_patches': 224, 'image_tokens': 224, 'total_image_tokens': 226, 'patch_size': 28}]","[151644, 8948, 198, 2610, 525, 264, 10950, 17847, 13, 151645, 198, 151644, 872, 198, 151652, 151655, 151653, 26987, 25, 5209, 4226, 279, 3405, 323, 3410, 279, 4396, 2999, 6524, 11, 384, 1302, 2572, 362, 11, 425, 11, 356, 11, 422, 11, 518, 279, 835, 624, 14582, 25, 12553, 4895, 40389]","Hint: Please answer the question and provide the correct option letter, e.g., A, B, C, D, at the end.
Question: Does Web Purple have the maximum area under the curve?
Choices:
(A) yes
(B) no"
326,MathVista_MINI,93,1,98,191,"[{'original_size': (438, 170), 'target_size': (448, 168), 'patches_h': 6, 'patches_w': 16, 'total_patches': 96, 'image_tokens': 96, 'total_image_tokens': 98, 'patch_size': 28}]","[151644, 8948, 198, 2610, 525, 264, 10950, 17847, 13, 151645, 198, 151644, 872, 198, 151652, 151655, 151653, 26987, 25, 5209, 4226, 279, 3405, 22703, 458, 7546, 4226, 323, 3410, 279, 1590, 897, 11, 384, 1302, 2572, 220, 16, 11, 220, 17, 11, 220, 18, 11, 518, 279, 835, 624, 14582]","Hint: Please answer the question requiring an integer answer and provide the final value, e.g., 1, 2, 3, at the end.
Question: Move the ruler to measure the length of the pencil to the nearest inch. The pencil is about (_) inches long."
327,MathVista_MINI,85,1,258,343,"[{'original_size': (448, 448), 'target_size': (448, 448), 'patches_h': 16, 'patches_w': 16, 'total_patches': 256, 'image_tokens': 256, 'total_image_tokens': 258, 'patch_size': 28}]","[151644, 8948, 198, 2610, 525, 264, 10950, 17847, 13, 151645, 198, 151644, 872, 198, 151652, 151655, 151653, 26987, 25, 5209, 4226, 279, 3405, 22703, 458, 7546, 4226, 323, 3410, 279, 1590, 897, 11, 384, 1302, 2572, 220, 16, 11, 220, 17, 11, 220, 18, 11, 518, 279, 835, 624, 14582]","Hint: Please answer the question requiring an integer answer and provide the final value, e.g., 1, 2, 3, at the end.
Question: How many items sold less than 1 units in at least one store?"
328,MathVista_MINI,86,1,258,344,"[{'original_size': (448, 448), 'target_size': (448, 448), 'patches_h': 16, 'patches_w': 16, 'total_patches': 256, 'image_tokens': 256, 'total_image_tokens': 258, 'patch_size': 28}]","[151644, 8948, 198, 2610, 525, 264, 10950, 17847, 13, 151645, 198, 151644, 872, 198, 151652, 151655, 151653, 26987, 25, 5209, 4226, 279, 3405, 22703, 458, 7546, 4226, 323, 3410, 279, 1590, 897, 11, 384, 1302, 2572, 220, 16, 11, 220, 17, 11, 220, 18, 11, 518, 279, 835, 624, 14582]","Hint: Please answer the question requiring an integer answer and provide the final value, e.g., 1, 2, 3, at the end.
Question: What is the sum of accuracies of the algorithm candy for all the datasets?"
329,MathVista_MINI,99,1,1242,1341,"[{'original_size': (2560, 2039), 'target_size': (1120, 868), 'patches_h': 31, 'patches_w': 40, 'total_patches': 1240, 'image_tokens': 1240, 'total_image_tokens': 1242, 'patch_size': 28}]","[151644, 8948, 198, 2610, 525, 264, 10950, 17847, 13, 151645, 198, 151644, 872, 198, 151652, 151655, 151653, 26987, 25, 5209, 4226, 279, 3405, 323, 3410, 279, 4396, 2999, 6524, 11, 384, 1302, 2572, 362, 11, 425, 11, 356, 11, 422, 11, 518, 279, 835, 624, 14582, 25, 576, 31805, 315]","Hint: Please answer the question and provide the correct option letter, e.g., A, B, C, D, at the end.
Question: The derivative of y at x=6 is ____ that at x=8
Choices:
(A) larger than
(B) equal to
(C) smaller than"
330,MathVista_MINI,86,1,101,187,"[{'original_size': (320, 240), 'target_size': (308, 252), 'patches_h': 9, 'patches_w': 11, 'total_patches': 99, 'image_tokens': 99, 'total_image_tokens': 101, 'patch_size': 28}]","[151644, 8948, 198, 2610, 525, 264, 10950, 17847, 13, 151645, 198, 151644, 872, 198, 151652, 151655, 151653, 26987, 25, 5209, 4226, 279, 3405, 22703, 458, 7546, 4226, 323, 3410, 279, 1590, 897, 11, 384, 1302, 2572, 220, 16, 11, 220, 17, 11, 220, 18, 11, 518, 279, 835, 624, 14582]","Hint: Please answer the question requiring an integer answer and provide the final value, e.g., 1, 2, 3, at the end.
Question: Subtract all tiny cubes. Subtract all brown balls. How many objects are left?"
331,MathVista_MINI,90,1,101,191,"[{'original_size': (246, 311), 'target_size': (252, 308), 'patches_h': 11, 'patches_w': 9, 'total_patches': 99, 'image_tokens': 99, 'total_image_tokens': 101, 'patch_size': 28}]","[151644, 8948, 198, 2610, 525, 264, 10950, 17847, 13, 151645, 198, 151644, 872, 198, 151652, 151655, 151653, 26987, 25, 5209, 4226, 279, 3405, 22703, 458, 7546, 4226, 323, 3410, 279, 1590, 897, 11, 384, 1302, 2572, 220, 16, 11, 220, 17, 11, 220, 18, 11, 518, 279, 835, 624, 14582]","Hint: Please answer the question requiring an integer answer and provide the final value, e.g., 1, 2, 3, at the end.
Question: Several people compared how many Web pages they had visited. What is the mean of the numbers?'"
332,MathVista_MINI,104,1,30,134,"[{'original_size': (125, 187), 'target_size': (112, 196), 'patches_h': 7, 'patches_w': 4, 'total_patches': 28, 'image_tokens': 28, 'total_image_tokens': 30, 'patch_size': 28}]","[151644, 8948, 198, 2610, 525, 264, 10950, 17847, 13, 151645, 198, 151644, 872, 198, 151652, 151655, 151653, 26987, 25, 5209, 4226, 279, 3405, 22703, 458, 7546, 4226, 323, 3410, 279, 1590, 897, 11, 384, 1302, 2572, 220, 16, 11, 220, 17, 11, 220, 18, 11, 518, 279, 835, 624, 14582]","Hint: Please answer the question requiring an integer answer and provide the final value, e.g., 1, 2, 3, at the end.
Question: A taxi cab driver tracked how many miles he drove each month. How many miles did the taxi cab driver drive in total in January and April? (Unit: miles)"
333,MathVista_MINI,126,1,57,183,"[{'original_size': (297, 149), 'target_size': (308, 140), 'patches_h': 5, 'patches_w': 11, 'total_patches': 55, 'image_tokens': 55, 'total_image_tokens': 57, 'patch_size': 28}]","[151644, 8948, 198, 2610, 525, 264, 10950, 17847, 13, 151645, 198, 151644, 872, 198, 151652, 151655, 151653, 26987, 25, 5209, 4226, 279, 3405, 323, 3410, 279, 4396, 2999, 6524, 11, 384, 1302, 2572, 362, 11, 425, 11, 356, 11, 422, 11, 518, 279, 835, 624, 14582, 25, 7379, 14197, 1599]","Hint: Please answer the question and provide the correct option letter, e.g., A, B, C, D, at the end.
Question: Find tan X
Choices:
(A) \frac { 5 } { 12 }
(B) \frac { 12 } { 13 }
(C) \frac { 17 } { 12 }
(D) \frac { 12 } { 5 }"
334,MathVista_MINI,104,1,393,497,"[{'original_size': (640, 480), 'target_size': (644, 476), 'patches_h': 17, 'patches_w': 23, 'total_patches': 391, 'image_tokens': 391, 'total_image_tokens': 393, 'patch_size': 28}]","[151644, 8948, 198, 2610, 525, 264, 10950, 17847, 13, 151645, 198, 151644, 872, 198, 151652, 151655, 151653, 26987, 25, 5209, 4226, 279, 3405, 323, 3410, 279, 4396, 2999, 6524, 11, 384, 1302, 2572, 362, 11, 425, 11, 356, 11, 422, 11, 518, 279, 835, 624, 14582, 25, 8713, 1052, 16745]","Hint: Please answer the question and provide the correct option letter, e.g., A, B, C, D, at the end.
Question: Are there fewer yellow metal tandem bikes in front of the small yellow metallic bicycle than metal bicycles on the left side of the large brown jet?
Choices:
(A) Yes
(B) No"
335,MathVista_MINI,88,1,101,189,"[{'original_size': (320, 240), 'target_size': (308, 252), 'patches_h': 9, 'patches_w': 11, 'total_patches': 99, 'image_tokens': 99, 'total_image_tokens': 101, 'patch_size': 28}]","[151644, 8948, 198, 2610, 525, 264, 10950, 17847, 13, 151645, 198, 151644, 872, 198, 151652, 151655, 151653, 26987, 25, 5209, 4226, 279, 3405, 22703, 458, 7546, 4226, 323, 3410, 279, 1590, 897, 11, 384, 1302, 2572, 220, 16, 11, 220, 17, 11, 220, 18, 11, 518, 279, 835, 624, 14582]","Hint: Please answer the question requiring an integer answer and provide the final value, e.g., 1, 2, 3, at the end.
Question: Subtract all large brown matte balls. Subtract all blue cylinders. How many objects are left?"
336,MathVista_MINI,84,1,258,342,"[{'original_size': (448, 448), 'target_size': (448, 448), 'patches_h': 16, 'patches_w': 16, 'total_patches': 256, 'image_tokens': 256, 'total_image_tokens': 258, 'patch_size': 28}]","[151644, 8948, 198, 2610, 525, 264, 10950, 17847, 13, 151645, 198, 151644, 872, 198, 151652, 151655, 151653, 26987, 25, 5209, 4226, 279, 3405, 22703, 458, 7546, 4226, 323, 3410, 279, 1590, 897, 11, 384, 1302, 2572, 220, 16, 11, 220, 17, 11, 220, 18, 11, 518, 279, 835, 624, 14582]","Hint: Please answer the question requiring an integer answer and provide the final value, e.g., 1, 2, 3, at the end.
Question: What is the value of the largest individual bar in the whole chart?"
337,MathVista_MINI,113,1,11,124,"[{'original_size': (95, 95), 'target_size': (84, 84), 'patches_h': 3, 'patches_w': 3, 'total_patches': 9, 'image_tokens': 9, 'total_image_tokens': 11, 'patch_size': 28}]","[151644, 8948, 198, 2610, 525, 264, 10950, 17847, 13, 151645, 198, 151644, 872, 198, 151652, 151655, 151653, 26987, 25, 5209, 4226, 279, 3405, 323, 3410, 279, 4396, 2999, 6524, 11, 384, 1302, 2572, 362, 11, 425, 11, 356, 11, 422, 11, 518, 279, 835, 624, 14582, 25, 3555, 882, 374]","Hint: Please answer the question and provide the correct option letter, e.g., A, B, C, D, at the end.
Question: What time is shown? Answer by typing a time word, not a number. It is (_) to eight.
Choices:
(A) half
(B) quarter
(C) o'clock
(D) quarter to
(E) quarter past"
338,MathVista_MINI,139,1,26,165,"[{'original_size': (121, 167), 'target_size': (112, 168), 'patches_h': 6, 'patches_w': 4, 'total_patches': 24, 'image_tokens': 24, 'total_image_tokens': 26, 'patch_size': 28}]","[151644, 8948, 198, 2610, 525, 264, 10950, 17847, 13, 151645, 198, 151644, 872, 198, 151652, 151655, 151653, 26987, 25, 5209, 4226, 279, 3405, 323, 3410, 279, 4396, 2999, 6524, 11, 384, 1302, 2572, 362, 11, 425, 11, 356, 11, 422, 11, 518, 279, 835, 624, 14582, 25, 758, 21495, 19360]","Hint: Please answer the question and provide the correct option letter, e.g., A, B, C, D, at the end.
Question: In triangle ABC above, AB = AC, E is the midpoint of line AB, and D is the midpoint of line AC. If AE = x and ED = 4, what is length BC?
Choices:
(A) 6
(B) 8
(C) 2*x
(D) 4*x
(E) 4*x^2"
339,MathVista_MINI,125,1,18,143,"[{'original_size': (115, 112), 'target_size': (112, 112), 'patches_h': 4, 'patches_w': 4, 'total_patches': 16, 'image_tokens': 16, 'total_image_tokens': 18, 'patch_size': 28}]","[151644, 8948, 198, 2610, 525, 264, 10950, 17847, 13, 151645, 198, 151644, 872, 198, 151652, 151655, 151653, 26987, 25, 5209, 4226, 279, 3405, 323, 3410, 279, 4396, 2999, 6524, 11, 384, 1302, 2572, 362, 11, 425, 11, 356, 11, 422, 11, 518, 279, 835, 624, 14582, 25, 69372, 28029, 96050]","Hint: Please answer the question and provide the correct option letter, e.g., A, B, C, D, at the end.
Question: 如图，在⊙O中，AB=AC，∠BAC＝70°，则∠AEC的度数是（）
Choices:
(A) 65°
(B) 75°
(C) 50°
(D) 55°"
340,MathVista_MINI,119,1,1250,1369,"[{'original_size': (2142, 1176), 'target_size': (1344, 728), 'patches_h': 26, 'patches_w': 48, 'total_patches': 1248, 'image_tokens': 1248, 'total_image_tokens': 1250, 'patch_size': 28}]","[151644, 8948, 198, 2610, 525, 264, 10950, 17847, 13, 151645, 198, 151644, 872, 198, 151652, 151655, 151653, 26987, 25, 5209, 4226, 279, 3405, 323, 3410, 279, 4396, 2999, 6524, 11, 384, 1302, 2572, 362, 11, 425, 11, 356, 11, 422, 11, 518, 279, 835, 624, 14582, 25, 15920, 315, 279]","Hint: Please answer the question and provide the correct option letter, e.g., A, B, C, D, at the end.
Question: Which of the following domains has the most number of BPE Tokens?
Choices:
(A) Legal 
(B) Code 
(C) Conversational 
(D) Math 
(E) Science
(F) Books 
(G) News 
(H) Encyclopedic"
341,MathVista_MINI,112,1,11,123,"[{'original_size': (95, 95), 'target_size': (84, 84), 'patches_h': 3, 'patches_w': 3, 'total_patches': 9, 'image_tokens': 9, 'total_image_tokens': 11, 'patch_size': 28}]","[151644, 8948, 198, 2610, 525, 264, 10950, 17847, 13, 151645, 198, 151644, 872, 198, 151652, 151655, 151653, 26987, 25, 5209, 4226, 279, 3405, 323, 3410, 279, 4396, 2999, 6524, 11, 384, 1302, 2572, 362, 11, 425, 11, 356, 11, 422, 11, 518, 279, 835, 624, 14582, 25, 3555, 882, 374]","Hint: Please answer the question and provide the correct option letter, e.g., A, B, C, D, at the end.
Question: What time is shown? Answer by typing a time word, not a number. It is six (_).
Choices:
(A) half
(B) quarter
(C) o'clock
(D) quarter to
(E) quarter past"
342,MathVista_MINI,101,1,156,257,"[{'original_size': (405, 299), 'target_size': (392, 308), 'patches_h': 11, 'patches_w': 14, 'total_patches': 154, 'image_tokens': 154, 'total_image_tokens': 156, 'patch_size': 28}]","[151644, 8948, 198, 2610, 525, 264, 10950, 17847, 13, 151645, 198, 151644, 872, 198, 151652, 151655, 151653, 26987, 25, 5209, 4226, 279, 3405, 323, 3410, 279, 4396, 2999, 6524, 11, 384, 1302, 2572, 362, 11, 425, 11, 356, 11, 422, 11, 518, 279, 835, 624, 14582, 25, 758, 279, 7071]","Hint: Please answer the question and provide the correct option letter, e.g., A, B, C, D, at the end.
Question: In the figure above, which of the following is the greatest?
Choices:
(A) a
(B) b
(C) c
(D) d
(E) e"
343,MathVista_MINI,89,1,101,190,"[{'original_size': (320, 240), 'target_size': (308, 252), 'patches_h': 9, 'patches_w': 11, 'total_patches': 99, 'image_tokens': 99, 'total_image_tokens': 101, 'patch_size': 28}]","[151644, 8948, 198, 2610, 525, 264, 10950, 17847, 13, 151645, 198, 151644, 872, 198, 151652, 151655, 151653, 26987, 25, 5209, 4226, 279, 3405, 22703, 458, 7546, 4226, 323, 3410, 279, 1590, 897, 11, 384, 1302, 2572, 220, 16, 11, 220, 17, 11, 220, 18, 11, 518, 279, 835, 624, 14582]","Hint: Please answer the question requiring an integer answer and provide the final value, e.g., 1, 2, 3, at the end.
Question: Subtract all small purple metallic spheres. Subtract all small purple things. How many objects are left?"
344,MathVista_MINI,102,1,393,495,"[{'original_size': (640, 480), 'target_size': (644, 476), 'patches_h': 17, 'patches_w': 23, 'total_patches': 391, 'image_tokens': 391, 'total_image_tokens': 393, 'patch_size': 28}]","[151644, 8948, 198, 2610, 525, 264, 10950, 17847, 13, 151645, 198, 151644, 872, 198, 151652, 151655, 151653, 26987, 25, 5209, 4226, 279, 3405, 323, 3410, 279, 4396, 2999, 6524, 11, 384, 1302, 2572, 362, 11, 425, 11, 356, 11, 422, 11, 518, 279, 835, 624, 14582, 25, 2160, 279, 1372]","Hint: Please answer the question and provide the correct option letter, e.g., A, B, C, D, at the end.
Question: Is the number of metal cars that are left of the tiny matte school bus greater than the number of tiny cyan double buss?
Choices:
(A) Yes
(B) No"
345,MathVista_MINI,77,1,377,454,"[{'original_size': (711, 429), 'target_size': (700, 420), 'patches_h': 15, 'patches_w': 25, 'total_patches': 375, 'image_tokens': 375, 'total_image_tokens': 377, 'patch_size': 28}]","[151644, 8948, 198, 2610, 525, 264, 10950, 17847, 13, 151645, 198, 151644, 872, 198, 151652, 151655, 151653, 26987, 25, 5209, 4226, 279, 3405, 22703, 458, 7546, 4226, 323, 3410, 279, 1590, 897, 11, 384, 1302, 2572, 220, 16, 11, 220, 17, 11, 220, 18, 11, 518, 279, 835, 624, 14582]","Hint: Please answer the question requiring an integer answer and provide the final value, e.g., 1, 2, 3, at the end.
Question: How many kites are there?"
346,MathVista_MINI,80,1,146,226,"[{'original_size': (341, 339), 'target_size': (336, 336), 'patches_h': 12, 'patches_w': 12, 'total_patches': 144, 'image_tokens': 144, 'total_image_tokens': 146, 'patch_size': 28}]","[151644, 8948, 198, 2610, 525, 264, 10950, 17847, 13, 151645, 198, 151644, 872, 198, 151652, 151655, 151653, 26987, 25, 5209, 4226, 279, 3405, 22703, 458, 7546, 4226, 323, 3410, 279, 1590, 897, 11, 384, 1302, 2572, 220, 16, 11, 220, 17, 11, 220, 18, 11, 518, 279, 835, 624, 14582]","Hint: Please answer the question requiring an integer answer and provide the final value, e.g., 1, 2, 3, at the end.
Question: What is the y-intercept of this function?"
347,MathVista_MINI,96,1,393,489,"[{'original_size': (640, 480), 'target_size': (644, 476), 'patches_h': 17, 'patches_w': 23, 'total_patches': 391, 'image_tokens': 391, 'total_image_tokens': 393, 'patch_size': 28}]","[151644, 8948, 198, 2610, 525, 264, 10950, 17847, 13, 151645, 198, 151644, 872, 198, 151652, 151655, 151653, 26987, 25, 5209, 4226, 279, 3405, 323, 3410, 279, 4396, 2999, 6524, 11, 384, 1302, 2572, 362, 11, 425, 11, 356, 11, 422, 11, 518, 279, 835, 624, 14582, 25, 2160, 279, 1372]","Hint: Please answer the question and provide the correct option letter, e.g., A, B, C, D, at the end.
Question: Is the number of green metallic double buss less than the number of big purple rubber cruisers?
Choices:
(A) Yes
(B) No"
348,MathVista_MINI,83,1,236,319,"[{'original_size': (500, 375), 'target_size': (504, 364), 'patches_h': 13, 'patches_w': 18, 'total_patches': 234, 'image_tokens': 234, 'total_image_tokens': 236, 'patch_size': 28}]","[151644, 8948, 198, 2610, 525, 264, 10950, 17847, 13, 151645, 198, 151644, 872, 198, 151652, 151655, 151653, 26987, 25, 5209, 4226, 279, 3405, 323, 3410, 279, 4396, 2999, 6524, 11, 384, 1302, 2572, 362, 11, 425, 11, 356, 11, 422, 11, 518, 279, 835, 624, 14582, 25, 8713, 279, 9666]","Hint: Please answer the question and provide the correct option letter, e.g., A, B, C, D, at the end.
Question: Are the pieces in triangle cuts?
Choices:
(A) Yes
(B) No"
349,MathVista_MINI,101,1,1242,1343,"[{'original_size': (1704, 1348), 'target_size': (1120, 868), 'patches_h': 31, 'patches_w': 40, 'total_patches': 1240, 'image_tokens': 1240, 'total_image_tokens': 1242, 'patch_size': 28}]","[151644, 8948, 198, 2610, 525, 264, 10950, 17847, 13, 151645, 198, 151644, 872, 198, 151652, 151655, 151653, 26987, 25, 5209, 4226, 279, 3405, 323, 3410, 279, 4396, 2999, 6524, 11, 384, 1302, 2572, 362, 11, 425, 11, 356, 11, 422, 11, 518, 279, 835, 624, 14582, 25, 15920, 22302, 37019]","Hint: Please answer the question and provide the correct option letter, e.g., A, B, C, D, at the end.
Question: Which capability boasts the highest proportion (%)?
Choices:
(A) Rec
(B) OCR
(C) Know
(D) Gen
(E) Spat
(F) Math"
350,MathVista_MINI,95,1,38,133,"[{'original_size': (342, 89), 'target_size': (336, 84), 'patches_h': 3, 'patches_w': 12, 'total_patches': 36, 'image_tokens': 36, 'total_image_tokens': 38, 'patch_size': 28}]","[151644, 8948, 198, 2610, 525, 264, 10950, 17847, 13, 151645, 198, 151644, 872, 198, 151652, 151655, 151653, 26987, 25, 5209, 4226, 279, 3405, 22703, 458, 7546, 4226, 323, 3410, 279, 1590, 897, 11, 384, 1302, 2572, 220, 16, 11, 220, 17, 11, 220, 18, 11, 518, 279, 835, 624, 14582]","Hint: Please answer the question requiring an integer answer and provide the final value, e.g., 1, 2, 3, at the end.
Question: Move the ruler to measure the length of the line to the nearest centimeter. The line is about (_) centimeters long."
351,MathVista_MINI,96,1,393,489,"[{'original_size': (640, 480), 'target_size': (644, 476), 'patches_h': 17, 'patches_w': 23, 'total_patches': 391, 'image_tokens': 391, 'total_image_tokens': 393, 'patch_size': 28}]","[151644, 8948, 198, 2610, 525, 264, 10950, 17847, 13, 151645, 198, 151644, 872, 198, 151652, 151655, 151653, 26987, 25, 5209, 4226, 279, 3405, 323, 3410, 279, 4396, 2999, 6524, 11, 384, 1302, 2572, 362, 11, 425, 11, 356, 11, 422, 11, 518, 279, 835, 624, 14582, 25, 8713, 1052, 16745]","Hint: Please answer the question and provide the correct option letter, e.g., A, B, C, D, at the end.
Question: Are there fewer purple rubber objects that are to the left of the red object than tiny matte bicycles?
Choices:
(A) Yes
(B) No"
352,MathVista_MINI,80,1,393,473,"[{'original_size': (640, 480), 'target_size': (644, 476), 'patches_h': 17, 'patches_w': 23, 'total_patches': 391, 'image_tokens': 391, 'total_image_tokens': 393, 'patch_size': 28}]","[151644, 8948, 198, 2610, 525, 264, 10950, 17847, 13, 151645, 198, 151644, 872, 198, 151652, 151655, 151653, 26987, 25, 5209, 4226, 279, 3405, 22703, 458, 7546, 4226, 323, 3410, 279, 1590, 897, 11, 384, 1302, 2572, 220, 16, 11, 220, 17, 11, 220, 18, 11, 518, 279, 835, 624, 14582]","Hint: Please answer the question requiring an integer answer and provide the final value, e.g., 1, 2, 3, at the end.
Question: How many people will fit in the smaller vehicle?"
353,MathVista_MINI,265,1,1226,1491,"[{'original_size': (996, 938), 'target_size': (1008, 952), 'patches_h': 34, 'patches_w': 36, 'total_patches': 1224, 'image_tokens': 1224, 'total_image_tokens': 1226, 'patch_size': 28}]","[151644, 8948, 198, 2610, 525, 264, 10950, 17847, 13, 151645, 198, 151644, 872, 198, 151652, 151655, 151653, 26987, 25, 5209, 4226, 279, 3405, 22703, 264, 19057, 16574, 1372, 448, 825, 12122, 1992, 323, 3410, 279, 1590, 897, 11, 384, 1302, 2572, 220, 16, 13, 17, 11, 220, 16, 13, 18]","Hint: Please answer the question requiring a floating-point number with one decimal place and provide the final value, e.g., 1.2, 1.3, 1.4, at the end.
Question: At time $t=0$ a tank contains $Q_0 \mathrm{lb}$ of salt dissolved in 100 gal of water; see Figure 2.3.1. Assume that water containing $\frac{1}{4} \mathrm{lb}$ of salt/gal is entering the tank at a rate of $r \mathrm{gal} / \mathrm{min}$ and that the well-stirred mixture is draining from the tank at the same rate. Set up the initial value problem that describes this flow process. By finding the amount of salt $Q(t)$ in the tank at any time, and the limiting amount $Q_L$ that is present after a very long time, if $r=3$ and $Q_0=2 Q_L$, find the time $T$ after which the salt level is within $2 \%$ of $Q_L$."
354,MathVista_MINI,82,1,258,340,"[{'original_size': (448, 448), 'target_size': (448, 448), 'patches_h': 16, 'patches_w': 16, 'total_patches': 256, 'image_tokens': 256, 'total_image_tokens': 258, 'patch_size': 28}]","[151644, 8948, 198, 2610, 525, 264, 10950, 17847, 13, 151645, 198, 151644, 872, 198, 151652, 151655, 151653, 26987, 25, 5209, 4226, 279, 3405, 22703, 458, 7546, 4226, 323, 3410, 279, 1590, 897, 11, 384, 1302, 2572, 220, 16, 11, 220, 17, 11, 220, 18, 11, 518, 279, 835, 624, 14582]","Hint: Please answer the question requiring an integer answer and provide the final value, e.g., 1, 2, 3, at the end.
Question: How many algorithms have accuracies higher than 90?"
355,MathVista_MINI,140,1,26,166,"[{'original_size': (157, 110), 'target_size': (168, 112), 'patches_h': 4, 'patches_w': 6, 'total_patches': 24, 'image_tokens': 24, 'total_image_tokens': 26, 'patch_size': 28}]","[151644, 8948, 198, 2610, 525, 264, 10950, 17847, 13, 151645, 198, 151644, 872, 198, 151652, 151655, 151653, 26987, 25, 5209, 4226, 279, 3405, 323, 3410, 279, 4396, 2999, 6524, 11, 384, 1302, 2572, 362, 11, 425, 11, 356, 11, 422, 11, 518, 279, 835, 624, 14582, 25, 1634, 6839, 304]","Hint: Please answer the question and provide the correct option letter, e.g., A, B, C, D, at the end.
Question: As shown in the figure, the parallel lines a and b are intercepted by the straight line c. If ∠1 = 50.0, then the degree of ∠2 is ()
Choices:
(A) 150°
(B) 130°
(C) 110°
(D) 100°"
356,MathVista_MINI,88,1,393,481,"[{'original_size': (640, 480), 'target_size': (644, 476), 'patches_h': 17, 'patches_w': 23, 'total_patches': 391, 'image_tokens': 391, 'total_image_tokens': 393, 'patch_size': 28}]","[151644, 8948, 198, 2610, 525, 264, 10950, 17847, 13, 151645, 198, 151644, 872, 198, 151652, 151655, 151653, 26987, 25, 5209, 4226, 279, 3405, 323, 3410, 279, 4396, 2999, 6524, 11, 384, 1302, 2572, 362, 11, 425, 11, 356, 11, 422, 11, 518, 279, 835, 624, 14582, 25, 8713, 1052, 16745]","Hint: Please answer the question and provide the correct option letter, e.g., A, B, C, D, at the end.
Question: Are there fewer big motorbikes than rubber choppers?
Choices:
(A) Yes
(B) No"
357,MathVista_MINI,82,1,338,420,"[{'original_size': (677, 400), 'target_size': (672, 392), 'patches_h': 14, 'patches_w': 24, 'total_patches': 336, 'image_tokens': 336, 'total_image_tokens': 338, 'patch_size': 28}]","[151644, 8948, 198, 2610, 525, 264, 10950, 17847, 13, 151645, 198, 151644, 872, 198, 151652, 151655, 151653, 26987, 25, 5209, 4226, 279, 3405, 323, 3410, 279, 4396, 2999, 6524, 11, 384, 1302, 2572, 362, 11, 425, 11, 356, 11, 422, 11, 518, 279, 835, 624, 14582, 25, 2160, 61726, 279]","Hint: Please answer the question and provide the correct option letter, e.g., A, B, C, D, at the end.
Question: Is Salmon the roughest?
Choices:
(A) yes
(B) no"
358,MathVista_MINI,100,1,218,318,"[{'original_size': (326, 517), 'target_size': (336, 504), 'patches_h': 18, 'patches_w': 12, 'total_patches': 216, 'image_tokens': 216, 'total_image_tokens': 218, 'patch_size': 28}]","[151644, 8948, 198, 2610, 525, 264, 10950, 17847, 13, 151645, 198, 151644, 872, 198, 151652, 151655, 151653, 26987, 25, 5209, 4226, 279, 3405, 323, 3410, 279, 4396, 2999, 6524, 11, 384, 1302, 2572, 362, 11, 425, 11, 356, 11, 422, 11, 518, 279, 835, 624, 14582, 25, 15920, 315, 279]","Hint: Please answer the question and provide the correct option letter, e.g., A, B, C, D, at the end.
Question: Which of the cubes is the same as the unfolded cube?
Choices:
(A) A
(B) B
(C) C
(D) D
(E) E"
359,MathVista_MINI,111,1,74,185,"[{'original_size': (241, 218), 'target_size': (252, 224), 'patches_h': 8, 'patches_w': 9, 'total_patches': 72, 'image_tokens': 72, 'total_image_tokens': 74, 'patch_size': 28}]","[151644, 8948, 198, 2610, 525, 264, 10950, 17847, 13, 151645, 198, 151644, 872, 198, 151652, 151655, 151653, 26987, 25, 5209, 4226, 279, 3405, 22703, 458, 7546, 4226, 323, 3410, 279, 1590, 897, 11, 384, 1302, 2572, 220, 16, 11, 220, 17, 11, 220, 18, 11, 518, 279, 835, 624, 14582]","Hint: Please answer the question requiring an integer answer and provide the final value, e.g., 1, 2, 3, at the end.
Question: Kylie spent a week at the beach and recorded the number of shells she found each day. According to the table, what was the rate of change between Thursday and Friday? (Unit: shells per day)"
360,MathVista_MINI,143,1,340,483,"[{'original_size': (721, 370), 'target_size': (728, 364), 'patches_h': 13, 'patches_w': 26, 'total_patches': 338, 'image_tokens': 338, 'total_image_tokens': 340, 'patch_size': 28}]","[151644, 8948, 198, 2610, 525, 264, 10950, 17847, 13, 151645, 198, 151644, 872, 198, 151652, 151655, 151653, 26987, 25, 5209, 4226, 279, 3405, 323, 3410, 279, 4396, 2999, 6524, 11, 384, 1302, 2572, 362, 11, 425, 11, 356, 11, 422, 11, 518, 279, 835, 624, 14582, 25, 1416, 57960, 37018]","Hint: Please answer the question and provide the correct option letter, e.g., A, B, C, D, at the end.
Question: If $\frac{I J}{X J}=\frac{HJ}{YJ}, m \angle W X J=130$
and $m \angle WZG=20,$ find $m \angle YIZ$
Choices:
(A) 40
(B) 50
(C) 65
(D) 110"
361,MathVista_MINI,104,1,338,442,"[{'original_size': (596, 435), 'target_size': (588, 448), 'patches_h': 16, 'patches_w': 21, 'total_patches': 336, 'image_tokens': 336, 'total_image_tokens': 338, 'patch_size': 28}]","[151644, 8948, 198, 2610, 525, 264, 10950, 17847, 13, 151645, 198, 151644, 872, 198, 151652, 151655, 151653, 26987, 25, 5209, 4226, 279, 3405, 323, 3410, 279, 4396, 2999, 6524, 11, 384, 1302, 2572, 362, 11, 425, 11, 356, 11, 422, 11, 518, 279, 835, 624, 14582, 25, 220, 758, 892]","Hint: Please answer the question and provide the correct option letter, e.g., A, B, C, D, at the end.
Question:  In which part of the mold are the cylindrical ports located? 
Choices:
(A) Upper half
(B) Lower half
(C) Medial half
(D) Lateral half"
362,MathVista_MINI,88,1,101,189,"[{'original_size': (320, 240), 'target_size': (308, 252), 'patches_h': 9, 'patches_w': 11, 'total_patches': 99, 'image_tokens': 99, 'total_image_tokens': 101, 'patch_size': 28}]","[151644, 8948, 198, 2610, 525, 264, 10950, 17847, 13, 151645, 198, 151644, 872, 198, 151652, 151655, 151653, 26987, 25, 5209, 4226, 279, 3405, 22703, 458, 7546, 4226, 323, 3410, 279, 1590, 897, 11, 384, 1302, 2572, 220, 16, 11, 220, 17, 11, 220, 18, 11, 518, 279, 835, 624, 14582]","Hint: Please answer the question requiring an integer answer and provide the final value, e.g., 1, 2, 3, at the end.
Question: Subtract all cyan cylinders. Subtract all tiny purple rubber objects. How many objects are left?"
363,MathVista_MINI,88,1,101,189,"[{'original_size': (320, 240), 'target_size': (308, 252), 'patches_h': 9, 'patches_w': 11, 'total_patches': 99, 'image_tokens': 99, 'total_image_tokens': 101, 'patch_size': 28}]","[151644, 8948, 198, 2610, 525, 264, 10950, 17847, 13, 151645, 198, 151644, 872, 198, 151652, 151655, 151653, 26987, 25, 5209, 4226, 279, 3405, 22703, 458, 7546, 4226, 323, 3410, 279, 1590, 897, 11, 384, 1302, 2572, 220, 16, 11, 220, 17, 11, 220, 18, 11, 518, 279, 835, 624, 14582]","Hint: Please answer the question requiring an integer answer and provide the final value, e.g., 1, 2, 3, at the end.
Question: Subtract all tiny gray metal blocks. Subtract all purple things. How many objects are left?"
364,MathVista_MINI,144,1,22,166,"[{'original_size': (127, 114), 'target_size': (140, 112), 'patches_h': 4, 'patches_w': 5, 'total_patches': 20, 'image_tokens': 20, 'total_image_tokens': 22, 'patch_size': 28}]","[151644, 8948, 198, 2610, 525, 264, 10950, 17847, 13, 151645, 198, 151644, 872, 198, 151652, 151655, 151653, 26987, 25, 5209, 4226, 279, 3405, 323, 3410, 279, 4396, 2999, 6524, 11, 384, 1302, 2572, 362, 11, 425, 11, 356, 11, 422, 11, 518, 279, 835, 624, 14582, 25, 1634, 6839, 304]","Hint: Please answer the question and provide the correct option letter, e.g., A, B, C, D, at the end.
Question: As shown in the figure, AB is the diameter of ⊙O, and points C and D are on ⊙O. If ∠ABD = 50.0, then the degree of ∠BCD is ()
Choices:
(A) 30°
(B) 35°
(C) 40°
(D) 45°"
365,MathVista_MINI,89,1,101,190,"[{'original_size': (320, 240), 'target_size': (308, 252), 'patches_h': 9, 'patches_w': 11, 'total_patches': 99, 'image_tokens': 99, 'total_image_tokens': 101, 'patch_size': 28}]","[151644, 8948, 198, 2610, 525, 264, 10950, 17847, 13, 151645, 198, 151644, 872, 198, 151652, 151655, 151653, 26987, 25, 5209, 4226, 279, 3405, 22703, 458, 7546, 4226, 323, 3410, 279, 1590, 897, 11, 384, 1302, 2572, 220, 16, 11, 220, 17, 11, 220, 18, 11, 518, 279, 835, 624, 14582]","Hint: Please answer the question requiring an integer answer and provide the final value, e.g., 1, 2, 3, at the end.
Question: Subtract all big yellow metallic spheres. Subtract all tiny metal things. How many objects are left?"
366,MathVista_MINI,87,1,101,188,"[{'original_size': (250, 320), 'target_size': (252, 308), 'patches_h': 11, 'patches_w': 9, 'total_patches': 99, 'image_tokens': 99, 'total_image_tokens': 101, 'patch_size': 28}]","[151644, 8948, 198, 2610, 525, 264, 10950, 17847, 13, 151645, 198, 151644, 872, 198, 151652, 151655, 151653, 26987, 25, 5209, 4226, 279, 3405, 22703, 458, 7546, 4226, 323, 3410, 279, 1590, 897, 11, 384, 1302, 2572, 220, 16, 11, 220, 17, 11, 220, 18, 11, 518, 279, 835, 624, 14582]","Hint: Please answer the question requiring an integer answer and provide the final value, e.g., 1, 2, 3, at the end.
Question: What is the age gap between these two people in image? (Unit: years)"
367,MathVista_MINI,87,1,467,554,"[{'original_size': (873, 429), 'target_size': (868, 420), 'patches_h': 15, 'patches_w': 31, 'total_patches': 465, 'image_tokens': 465, 'total_image_tokens': 467, 'patch_size': 28}]","[151644, 8948, 198, 2610, 525, 264, 10950, 17847, 13, 151645, 198, 151644, 872, 198, 151652, 151655, 151653, 26987, 25, 5209, 4226, 279, 3405, 22703, 458, 7546, 4226, 323, 3410, 279, 1590, 897, 11, 384, 1302, 2572, 220, 16, 11, 220, 17, 11, 220, 18, 11, 518, 279, 835, 624, 14582]","Hint: Please answer the question requiring an integer answer and provide the final value, e.g., 1, 2, 3, at the end.
Question: What is the age gap between these two people in image? (Unit: years)"
368,MathVista_MINI,95,1,393,488,"[{'original_size': (640, 480), 'target_size': (644, 476), 'patches_h': 17, 'patches_w': 23, 'total_patches': 391, 'image_tokens': 391, 'total_image_tokens': 393, 'patch_size': 28}]","[151644, 8948, 198, 2610, 525, 264, 10950, 17847, 13, 151645, 198, 151644, 872, 198, 151652, 151655, 151653, 26987, 25, 5209, 4226, 279, 3405, 323, 3410, 279, 4396, 2999, 6524, 11, 384, 1302, 2572, 362, 11, 425, 11, 356, 11, 422, 11, 518, 279, 835, 624, 14582, 25, 2160, 279, 1372]","Hint: Please answer the question and provide the correct option letter, e.g., A, B, C, D, at the end.
Question: Is the number of yellow matte school buss greater than the number of big yellow metal cars?
Choices:
(A) Yes
(B) No"
369,MathVista_MINI,89,1,122,211,"[{'original_size': (266, 331), 'target_size': (280, 336), 'patches_h': 12, 'patches_w': 10, 'total_patches': 120, 'image_tokens': 120, 'total_image_tokens': 122, 'patch_size': 28}]","[151644, 8948, 198, 2610, 525, 264, 10950, 17847, 13, 151645, 198, 151644, 872, 198, 151652, 151655, 151653, 26987, 25, 5209, 4226, 279, 3405, 323, 3410, 279, 4396, 2999, 6524, 11, 384, 1302, 2572, 362, 11, 425, 11, 356, 11, 422, 11, 518, 279, 835, 624, 14582, 25, 2160, 279, 729]","Hint: Please answer the question and provide the correct option letter, e.g., A, B, C, D, at the end.
Question: Is the function (f: R to R) surjective?
Choices:
(A) Yes
(B) No"
370,MathVista_MINI,112,1,746,858,"[{'original_size': (880, 680), 'target_size': (868, 672), 'patches_h': 24, 'patches_w': 31, 'total_patches': 744, 'image_tokens': 744, 'total_image_tokens': 746, 'patch_size': 28}]","[151644, 8948, 198, 2610, 525, 264, 10950, 17847, 13, 151645, 198, 151644, 872, 198, 151652, 151655, 151653, 26987, 25, 5209, 4226, 279, 3405, 323, 3410, 279, 4396, 2999, 6524, 11, 384, 1302, 2572, 362, 11, 425, 11, 356, 11, 422, 11, 518, 279, 835, 624, 14582, 25, 758, 279, 13549]","Hint: Please answer the question and provide the correct option letter, e.g., A, B, C, D, at the end.
Question: In the diagram of the food web shown, if the number of ferns decrease, the supply of salmon will most likely?
Choices:
(A) decrease
(B) can't tell
(C) stay same
(D) increase"
371,MathVista_MINI,134,1,22,156,"[{'original_size': (109, 146), 'target_size': (112, 140), 'patches_h': 5, 'patches_w': 4, 'total_patches': 20, 'image_tokens': 20, 'total_image_tokens': 22, 'patch_size': 28}]","[151644, 8948, 198, 2610, 525, 264, 10950, 17847, 13, 151645, 198, 151644, 872, 198, 151652, 151655, 151653, 26987, 25, 5209, 4226, 279, 3405, 323, 3410, 279, 4396, 2999, 6524, 11, 384, 1302, 2572, 362, 11, 425, 11, 356, 11, 422, 11, 518, 279, 835, 624, 14582, 25, 69372, 28029, 96050]","Hint: Please answer the question and provide the correct option letter, e.g., A, B, C, D, at the end.
Question: 如图，在Rt△ABC中，∠ABC＝90°，点D、E、F分别是边AB、BC、CA的中点，若DE+BF＝8，则BF的值为（）
Choices:
(A) 3
(B) 4
(C) 5
(D) 6"
372,MathVista_MINI,86,1,101,187,"[{'original_size': (320, 240), 'target_size': (308, 252), 'patches_h': 9, 'patches_w': 11, 'total_patches': 99, 'image_tokens': 99, 'total_image_tokens': 101, 'patch_size': 28}]","[151644, 8948, 198, 2610, 525, 264, 10950, 17847, 13, 151645, 198, 151644, 872, 198, 151652, 151655, 151653, 26987, 25, 5209, 4226, 279, 3405, 22703, 458, 7546, 4226, 323, 3410, 279, 1590, 897, 11, 384, 1302, 2572, 220, 16, 11, 220, 17, 11, 220, 18, 11, 518, 279, 835, 624, 14582]","Hint: Please answer the question requiring an integer answer and provide the final value, e.g., 1, 2, 3, at the end.
Question: Subtract all small gray spheres. Subtract all cylinders. How many objects are left?"
373,MathVista_MINI,178,1,26,204,"[{'original_size': (122, 161), 'target_size': (112, 168), 'patches_h': 6, 'patches_w': 4, 'total_patches': 24, 'image_tokens': 24, 'total_image_tokens': 26, 'patch_size': 28}]","[151644, 8948, 198, 2610, 525, 264, 10950, 17847, 13, 151645, 198, 151644, 872, 198, 151652, 151655, 151653, 26987, 25, 5209, 4226, 279, 3405, 323, 3410, 279, 4396, 2999, 6524, 11, 384, 1302, 2572, 362, 11, 425, 11, 356, 11, 422, 11, 518, 279, 835, 624, 14582, 25, 1634, 6839, 304]","Hint: Please answer the question and provide the correct option letter, e.g., A, B, C, D, at the end.
Question: As shown in the figure, in the quadrilateral ABCD, ∠BAD = 120.0, ∠B = ∠D = 90.0, if you find a point M on BC and CD respectively, so that the perimeter of △AMN is the smallest, then the degree of ∠AMN + ∠ANM is ()
Choices:
(A) 110°
(B) 120°
(C) 140°
(D) 150°"
374,MathVista_MINI,85,1,258,343,"[{'original_size': (448, 448), 'target_size': (448, 448), 'patches_h': 16, 'patches_w': 16, 'total_patches': 256, 'image_tokens': 256, 'total_image_tokens': 258, 'patch_size': 28}]","[151644, 8948, 198, 2610, 525, 264, 10950, 17847, 13, 151645, 198, 151644, 872, 198, 151652, 151655, 151653, 26987, 25, 5209, 4226, 279, 3405, 22703, 458, 7546, 4226, 323, 3410, 279, 1590, 897, 11, 384, 1302, 2572, 220, 16, 11, 220, 17, 11, 220, 18, 11, 518, 279, 835, 624, 14582]","Hint: Please answer the question requiring an integer answer and provide the final value, e.g., 1, 2, 3, at the end.
Question: What is the sum of the accuracies of the algorithms calf and ivory?"
375,MathVista_MINI,111,1,252,363,"[{'original_size': (703, 293), 'target_size': (700, 280), 'patches_h': 10, 'patches_w': 25, 'total_patches': 250, 'image_tokens': 250, 'total_image_tokens': 252, 'patch_size': 28}]","[151644, 8948, 198, 2610, 525, 264, 10950, 17847, 13, 151645, 198, 151644, 872, 198, 151652, 151655, 151653, 26987, 25, 5209, 4226, 279, 3405, 323, 3410, 279, 4396, 2999, 6524, 11, 384, 1302, 2572, 362, 11, 425, 11, 356, 11, 422, 11, 518, 279, 835, 624, 14582, 25, 7379, 279, 3084]","Hint: Please answer the question and provide the correct option letter, e.g., A, B, C, D, at the end.
Question: Find the length of $AC$ in the isosceles triangle ABC. 
Choices:
(A) 1.5
(B) 7
(C) 11
(D) 12.5"
376,MathVista_MINI,89,1,101,190,"[{'original_size': (320, 240), 'target_size': (308, 252), 'patches_h': 9, 'patches_w': 11, 'total_patches': 99, 'image_tokens': 99, 'total_image_tokens': 101, 'patch_size': 28}]","[151644, 8948, 198, 2610, 525, 264, 10950, 17847, 13, 151645, 198, 151644, 872, 198, 151652, 151655, 151653, 26987, 25, 5209, 4226, 279, 3405, 22703, 458, 7546, 4226, 323, 3410, 279, 1590, 897, 11, 384, 1302, 2572, 220, 16, 11, 220, 17, 11, 220, 18, 11, 518, 279, 835, 624, 14582]","Hint: Please answer the question requiring an integer answer and provide the final value, e.g., 1, 2, 3, at the end.
Question: Subtract all purple matte cubes. Subtract all tiny gray metal cubes. How many objects are left?"
377,MathVista_MINI,83,1,324,407,"[{'original_size': (649, 400), 'target_size': (644, 392), 'patches_h': 14, 'patches_w': 23, 'total_patches': 322, 'image_tokens': 322, 'total_image_tokens': 324, 'patch_size': 28}]","[151644, 8948, 198, 2610, 525, 264, 10950, 17847, 13, 151645, 198, 151644, 872, 198, 151652, 151655, 151653, 26987, 25, 5209, 4226, 279, 3405, 323, 3410, 279, 4396, 2999, 6524, 11, 384, 1302, 2572, 362, 11, 425, 11, 356, 11, 422, 11, 518, 279, 835, 624, 14582, 25, 2160, 21958, 3731]","Hint: Please answer the question and provide the correct option letter, e.g., A, B, C, D, at the end.
Question: Is Orange Red the high median?
Choices:
(A) yes
(B) no"
378,MathVista_MINI,121,1,18,139,"[{'original_size': (118, 111), 'target_size': (112, 112), 'patches_h': 4, 'patches_w': 4, 'total_patches': 16, 'image_tokens': 16, 'total_image_tokens': 18, 'patch_size': 28}]","[151644, 8948, 198, 2610, 525, 264, 10950, 17847, 13, 151645, 198, 151644, 872, 198, 151652, 151655, 151653, 26987, 25, 5209, 4226, 279, 3405, 323, 3410, 279, 4396, 2999, 6524, 11, 384, 1302, 2572, 362, 11, 425, 11, 356, 11, 422, 11, 518, 279, 835, 624, 14582, 25, 69372, 28029, 3837]","Hint: Please answer the question and provide the correct option letter, e.g., A, B, C, D, at the end.
Question: 如图，AD是△ABC的中线，E为AD的中点，△ABE的面积为2，则△ABC的面积为（）
Choices:
(A) 5
(B) 6
(C) 7
(D) 8"
379,MathVista_MINI,105,1,282,387,"[{'original_size': (570, 400), 'target_size': (560, 392), 'patches_h': 14, 'patches_w': 20, 'total_patches': 280, 'image_tokens': 280, 'total_image_tokens': 282, 'patch_size': 28}]","[151644, 8948, 198, 2610, 525, 264, 10950, 17847, 13, 151645, 198, 151644, 872, 198, 151652, 151655, 151653, 26987, 25, 5209, 4226, 279, 3405, 323, 3410, 279, 4396, 2999, 6524, 11, 384, 1302, 2572, 362, 11, 425, 11, 356, 11, 422, 11, 518, 279, 835, 624, 14582, 25, 758, 279, 13549]","Hint: Please answer the question and provide the correct option letter, e.g., A, B, C, D, at the end.
Question: In the diagram of the food web shown what will most directly be affected by the loss of the trees?
Choices:
(A) horses
(B) cats
(C) nothing
(D) bears"
380,MathVista_MINI,82,1,582,664,"[{'original_size': (800, 557), 'target_size': (812, 560), 'patches_h': 20, 'patches_w': 29, 'total_patches': 580, 'image_tokens': 580, 'total_image_tokens': 582, 'patch_size': 28}]","[151644, 8948, 198, 2610, 525, 264, 10950, 17847, 13, 151645, 198, 151644, 872, 198, 151652, 151655, 151653, 26987, 25, 5209, 4226, 279, 3405, 22703, 458, 7546, 4226, 323, 3410, 279, 1590, 897, 11, 384, 1302, 2572, 220, 16, 11, 220, 17, 11, 220, 18, 11, 518, 279, 835, 624, 14582]","Hint: Please answer the question requiring an integer answer and provide the final value, e.g., 1, 2, 3, at the end.
Question: For how many years that the percentage value over 4?"
381,MathVista_MINI,99,1,393,492,"[{'original_size': (640, 480), 'target_size': (644, 476), 'patches_h': 17, 'patches_w': 23, 'total_patches': 391, 'image_tokens': 391, 'total_image_tokens': 393, 'patch_size': 28}]","[151644, 8948, 198, 2610, 525, 264, 10950, 17847, 13, 151645, 198, 151644, 872, 198, 151652, 151655, 151653, 26987, 25, 5209, 4226, 279, 3405, 323, 3410, 279, 4396, 2999, 6524, 11, 384, 1302, 2572, 362, 11, 425, 11, 356, 11, 422, 11, 518, 279, 835, 624, 14582, 25, 8713, 1052, 803]","Hint: Please answer the question and provide the correct option letter, e.g., A, B, C, D, at the end.
Question: Are there more tiny cyan matte articulated buss left of the big school bus than small yellow matte double buss?
Choices:
(A) Yes
(B) No"
382,MathVista_MINI,88,1,254,342,"[{'original_size': (400, 500), 'target_size': (392, 504), 'patches_h': 18, 'patches_w': 14, 'total_patches': 252, 'image_tokens': 252, 'total_image_tokens': 254, 'patch_size': 28}]","[151644, 8948, 198, 2610, 525, 264, 10950, 17847, 13, 151645, 198, 151644, 872, 198, 151652, 151655, 151653, 26987, 25, 5209, 4226, 279, 3405, 323, 3410, 279, 4396, 2999, 6524, 11, 384, 1302, 2572, 362, 11, 425, 11, 356, 11, 422, 11, 518, 279, 835, 624, 14582, 25, 2160, 279, 4752]","Hint: Please answer the question and provide the correct option letter, e.g., A, B, C, D, at the end.
Question: Is the building through the window at least five stories tall?
Choices:
(A) Yes
(B) No"
383,MathVista_MINI,97,1,582,679,"[{'original_size': (800, 557), 'target_size': (812, 560), 'patches_h': 20, 'patches_w': 29, 'total_patches': 580, 'image_tokens': 580, 'total_image_tokens': 582, 'patch_size': 28}]","[151644, 8948, 198, 2610, 525, 264, 10950, 17847, 13, 151645, 198, 151644, 872, 198, 151652, 151655, 151653, 26987, 25, 5209, 4226, 279, 3405, 22703, 264, 19057, 16574, 1372, 448, 825, 12122, 1992, 323, 3410, 279, 1590, 897, 11, 384, 1302, 2572, 220, 16, 13, 17, 11, 220, 16, 13, 18]","Hint: Please answer the question requiring a floating-point number with one decimal place and provide the final value, e.g., 1.2, 1.3, 1.4, at the end.
Question: What value you get , if you divide the largest bar value by 2 ?"
384,MathVista_MINI,86,1,398,484,"[{'original_size': (626, 495), 'target_size': (616, 504), 'patches_h': 18, 'patches_w': 22, 'total_patches': 396, 'image_tokens': 396, 'total_image_tokens': 398, 'patch_size': 28}]","[151644, 8948, 198, 2610, 525, 264, 10950, 17847, 13, 151645, 198, 151644, 872, 198, 151652, 151655, 151653, 26987, 25, 5209, 4226, 279, 3405, 22703, 458, 7546, 4226, 323, 3410, 279, 1590, 897, 11, 384, 1302, 2572, 220, 16, 11, 220, 17, 11, 220, 18, 11, 518, 279, 835, 624, 14582]","Hint: Please answer the question requiring an integer answer and provide the final value, e.g., 1, 2, 3, at the end.
Question: How many people in the image were born after the end of World War II?"
385,MathVista_MINI,86,1,394,480,"[{'original_size': (771, 400), 'target_size': (784, 392), 'patches_h': 14, 'patches_w': 28, 'total_patches': 392, 'image_tokens': 392, 'total_image_tokens': 394, 'patch_size': 28}]","[151644, 8948, 198, 2610, 525, 264, 10950, 17847, 13, 151645, 198, 151644, 872, 198, 151652, 151655, 151653, 26987, 25, 5209, 4226, 279, 3405, 323, 3410, 279, 4396, 2999, 6524, 11, 384, 1302, 2572, 362, 11, 425, 11, 356, 11, 422, 11, 518, 279, 835, 624, 14582, 25, 12553, 92143, 614]","Hint: Please answer the question and provide the correct option letter, e.g., A, B, C, D, at the end.
Question: Does Cyan have the minimum area under the curve?
Choices:
(A) yes
(B) no"
386,MathVista_MINI,99,1,56,155,"[{'original_size': (164, 247), 'target_size': (168, 252), 'patches_h': 9, 'patches_w': 6, 'total_patches': 54, 'image_tokens': 54, 'total_image_tokens': 56, 'patch_size': 28}]","[151644, 8948, 198, 2610, 525, 264, 10950, 17847, 13, 151645, 198, 151644, 872, 198, 151652, 151655, 151653, 26987, 25, 5209, 4226, 279, 3405, 323, 3410, 279, 4396, 2999, 6524, 11, 384, 1302, 2572, 362, 11, 425, 11, 356, 11, 422, 11, 518, 279, 835, 624, 14582, 25, 7379, 856, 198]","Hint: Please answer the question and provide the correct option letter, e.g., A, B, C, D, at the end.
Question: Find x
Choices:
(A) 5
(B) 10
(C) 10 \sqrt { 3 }
(D) 20"
387,MathVista_MINI,88,1,223,311,"[{'original_size': (363, 485), 'target_size': (364, 476), 'patches_h': 17, 'patches_w': 13, 'total_patches': 221, 'image_tokens': 221, 'total_image_tokens': 223, 'patch_size': 28}]","[151644, 8948, 198, 2610, 525, 264, 10950, 17847, 13, 151645, 198, 151644, 872, 198, 151652, 151655, 151653, 26987, 25, 5209, 4226, 279, 3405, 22703, 458, 7546, 4226, 323, 3410, 279, 1590, 897, 11, 384, 1302, 2572, 220, 16, 11, 220, 17, 11, 220, 18, 11, 518, 279, 835, 624, 14582]","Hint: Please answer the question requiring an integer answer and provide the final value, e.g., 1, 2, 3, at the end.
Question: Of the four balls in the photo, what is the percentage of them on the ground?"
388,MathVista_MINI,117,1,86,203,"[{'original_size': (342, 209), 'target_size': (336, 196), 'patches_h': 7, 'patches_w': 12, 'total_patches': 84, 'image_tokens': 84, 'total_image_tokens': 86, 'patch_size': 28}]","[151644, 8948, 198, 2610, 525, 264, 10950, 17847, 13, 151645, 198, 151644, 872, 198, 151652, 151655, 151653, 26987, 25, 5209, 4226, 279, 3405, 323, 3410, 279, 4396, 2999, 6524, 11, 384, 1302, 2572, 362, 11, 425, 11, 356, 11, 422, 11, 518, 279, 835, 624, 14582, 25, 17399, 279, 11341]","Hint: Please answer the question and provide the correct option letter, e.g., A, B, C, D, at the end.
Question: Express the ratio of $\tan M$ as a decimal to the nearest hundredth.
Choices:
(A) 0.38
(B) 0.42
(C) 0.92
(D) 2.40"
389,MathVista_MINI,104,1,93,197,"[{'original_size': (353, 187), 'target_size': (364, 196), 'patches_h': 7, 'patches_w': 13, 'total_patches': 91, 'image_tokens': 91, 'total_image_tokens': 93, 'patch_size': 28}]","[151644, 8948, 198, 2610, 525, 264, 10950, 17847, 13, 151645, 198, 151644, 872, 198, 151652, 151655, 151653, 26987, 25, 5209, 4226, 279, 3405, 323, 3410, 279, 4396, 2999, 6524, 11, 384, 1302, 2572, 362, 11, 425, 11, 356, 11, 422, 11, 518, 279, 835, 624, 14582, 25, 9192, 518, 279]","Hint: Please answer the question and provide the correct option letter, e.g., A, B, C, D, at the end.
Question: Look at the table. Then answer the question. At a price of $320, is there a shortage or a surplus?'
Choices:
(A) shortage
(B) surplus"
390,MathVista_MINI,98,1,393,491,"[{'original_size': (640, 480), 'target_size': (644, 476), 'patches_h': 17, 'patches_w': 23, 'total_patches': 391, 'image_tokens': 391, 'total_image_tokens': 393, 'patch_size': 28}]","[151644, 8948, 198, 2610, 525, 264, 10950, 17847, 13, 151645, 198, 151644, 872, 198, 151652, 151655, 151653, 26987, 25, 5209, 4226, 279, 3405, 323, 3410, 279, 4396, 2999, 6524, 11, 384, 1302, 2572, 362, 11, 425, 11, 356, 11, 422, 11, 518, 279, 835, 624, 14582, 25, 8713, 1052, 16745]","Hint: Please answer the question and provide the correct option letter, e.g., A, B, C, D, at the end.
Question: Are there fewer jets that are left of the small brown suv than objects right of the big shiny car?
Choices:
(A) Yes
(B) No"
391,MathVista_MINI,153,1,11,164,"[{'original_size': (96, 96), 'target_size': (84, 84), 'patches_h': 3, 'patches_w': 3, 'total_patches': 9, 'image_tokens': 9, 'total_image_tokens': 11, 'patch_size': 28}]","[151644, 8948, 198, 2610, 525, 264, 10950, 17847, 13, 151645, 198, 151644, 872, 198, 151652, 151655, 151653, 26987, 25, 5209, 4226, 279, 3405, 323, 3410, 279, 4396, 2999, 6524, 11, 384, 1302, 2572, 362, 11, 425, 11, 356, 11, 422, 11, 518, 279, 835, 624, 14582, 25, 1634, 6839, 304]","Hint: Please answer the question and provide the correct option letter, e.g., A, B, C, D, at the end.
Question: As shown in the figure, point O is the center of ⊙O, points A, B, and C are on ⊙O, AO ∥ BC, ∠AOB = 40.0, then the degree of ∠OAC is equal to ()
Choices:
(A) 40°
(B) 60°
(C) 50°
(D) 20°"
392,MathVista_MINI,108,1,37,145,"[{'original_size': (197, 136), 'target_size': (196, 140), 'patches_h': 5, 'patches_w': 7, 'total_patches': 35, 'image_tokens': 35, 'total_image_tokens': 37, 'patch_size': 28}]","[151644, 8948, 198, 2610, 525, 264, 10950, 17847, 13, 151645, 198, 151644, 872, 198, 151652, 151655, 151653, 26987, 25, 5209, 4226, 279, 3405, 22703, 458, 7546, 4226, 323, 3410, 279, 1590, 897, 11, 384, 1302, 2572, 220, 16, 11, 220, 17, 11, 220, 18, 11, 518, 279, 835, 624, 14582]","Hint: Please answer the question requiring an integer answer and provide the final value, e.g., 1, 2, 3, at the end.
Question: Mr. Huffman, a P.E. teacher, wrote down how much weight each of his students could lift. How many people lifted at least 46 pounds? (Unit: people)"
393,MathVista_MINI,84,1,582,666,"[{'original_size': (800, 557), 'target_size': (812, 560), 'patches_h': 20, 'patches_w': 29, 'total_patches': 580, 'image_tokens': 580, 'total_image_tokens': 582, 'patch_size': 28}]","[151644, 8948, 198, 2610, 525, 264, 10950, 17847, 13, 151645, 198, 151644, 872, 198, 151652, 151655, 151653, 26987, 25, 5209, 4226, 279, 3405, 22703, 458, 7546, 4226, 323, 3410, 279, 1590, 897, 11, 384, 1302, 2572, 220, 16, 11, 220, 17, 11, 220, 18, 11, 518, 279, 835, 624, 14582]","Hint: Please answer the question requiring an integer answer and provide the final value, e.g., 1, 2, 3, at the end.
Question: What is the difference between the highest and the lowest dark blue bar?"
394,MathVista_MINI,117,1,1250,1367,"[{'original_size': (1854, 858), 'target_size': (1456, 672), 'patches_h': 24, 'patches_w': 52, 'total_patches': 1248, 'image_tokens': 1248, 'total_image_tokens': 1250, 'patch_size': 28}]","[151644, 8948, 198, 2610, 525, 264, 10950, 17847, 13, 151645, 198, 151644, 872, 198, 151652, 151655, 151653, 26987, 25, 5209, 4226, 279, 3405, 323, 3410, 279, 4396, 2999, 6524, 11, 384, 1302, 2572, 362, 11, 425, 11, 356, 11, 422, 11, 518, 279, 835, 624, 14582, 25, 15920, 315, 279]","Hint: Please answer the question and provide the correct option letter, e.g., A, B, C, D, at the end.
Question: Which of the following environments has the least GPU days for training?
Choices:
(A) HomeGrid
(B) Msgr S1
(C) Msgr S2
(D) Msgr S3
(E) VLN
(F) LangRoom"
395,MathVista_MINI,82,1,347,429,"[{'original_size': (640, 427), 'target_size': (644, 420), 'patches_h': 15, 'patches_w': 23, 'total_patches': 345, 'image_tokens': 345, 'total_image_tokens': 347, 'patch_size': 28}]","[151644, 8948, 198, 2610, 525, 264, 10950, 17847, 13, 151645, 198, 151644, 872, 198, 151652, 151655, 151653, 26987, 25, 5209, 4226, 279, 3405, 22703, 458, 7546, 4226, 323, 3410, 279, 1590, 897, 11, 384, 1302, 2572, 220, 16, 11, 220, 17, 11, 220, 18, 11, 518, 279, 835, 624, 14582]","Hint: Please answer the question requiring an integer answer and provide the final value, e.g., 1, 2, 3, at the end.
Question: What is the average age of the people in this picture?"
396,MathVista_MINI,104,1,548,652,"[{'original_size': (720, 576), 'target_size': (728, 588), 'patches_h': 21, 'patches_w': 26, 'total_patches': 546, 'image_tokens': 546, 'total_image_tokens': 548, 'patch_size': 28}]","[151644, 8948, 198, 2610, 525, 264, 10950, 17847, 13, 151645, 198, 151644, 872, 198, 151652, 151655, 151653, 26987, 25, 5209, 4226, 279, 3405, 323, 3410, 279, 4396, 2999, 6524, 11, 384, 1302, 2572, 362, 11, 425, 11, 356, 11, 422, 11, 518, 279, 835, 624, 14582, 25, 5542, 279, 3403]","Hint: Please answer the question and provide the correct option letter, e.g., A, B, C, D, at the end.
Question: From the above food web diagram, if all the algae dies then water flea population will
Choices:
(A) remains the same
(B) decrease
(C) increase
(D) NA"
397,MathVista_MINI,125,1,8,133,"[{'original_size': (73, 70), 'target_size': (84, 56), 'patches_h': 2, 'patches_w': 3, 'total_patches': 6, 'image_tokens': 6, 'total_image_tokens': 8, 'patch_size': 28}]","[151644, 8948, 198, 2610, 525, 264, 10950, 17847, 13, 151645, 198, 151644, 872, 198, 151652, 151655, 151653, 26987, 25, 5209, 4226, 279, 3405, 323, 3410, 279, 4396, 2999, 6524, 11, 384, 1302, 2572, 362, 11, 425, 11, 356, 11, 422, 11, 518, 279, 835, 624, 14582, 25, 69372, 28029, 3837]","Hint: Please answer the question and provide the correct option letter, e.g., A, B, C, D, at the end.
Question: 如图，点A、B、C都在半径为2的⊙O上，∠C＝30°，则弦AB长为（）
Choices:
(A) 1
(B) 2
(C) 2.2
(D) 2.5"
398,MathVista_MINI,87,1,886,973,"[{'original_size': (727, 942), 'target_size': (728, 952), 'patches_h': 34, 'patches_w': 26, 'total_patches': 884, 'image_tokens': 884, 'total_image_tokens': 886, 'patch_size': 28}]","[151644, 8948, 198, 2610, 525, 264, 10950, 17847, 13, 151645, 198, 151644, 872, 198, 151652, 151655, 151653, 26987, 25, 5209, 4226, 279, 3405, 22703, 458, 7546, 4226, 323, 3410, 279, 1590, 897, 11, 384, 1302, 2572, 220, 16, 11, 220, 17, 11, 220, 18, 11, 518, 279, 835, 624, 14582]","Hint: Please answer the question requiring an integer answer and provide the final value, e.g., 1, 2, 3, at the end.
Question: What is the age gap between these two people in image? (Unit: years)"
399,MathVista_MINI,78,1,83,161,"[{'original_size': (258, 241), 'target_size': (252, 252), 'patches_h': 9, 'patches_w': 9, 'total_patches': 81, 'image_tokens': 81, 'total_image_tokens': 83, 'patch_size': 28}]","[151644, 8948, 198, 2610, 525, 264, 10950, 17847, 13, 151645, 198, 151644, 872, 198, 151652, 151655, 151653, 26987, 25, 5209, 4226, 279, 3405, 22703, 458, 7546, 4226, 323, 3410, 279, 1590, 897, 11, 384, 1302, 2572, 220, 16, 11, 220, 17, 11, 220, 18, 11, 518, 279, 835, 624, 14582]","Hint: Please answer the question requiring an integer answer and provide the final value, e.g., 1, 2, 3, at the end.
Question: What is the perimeter of the shape?"
400,MathVista_MINI,132,1,1242,1374,"[{'original_size': (1196, 942), 'target_size': (1120, 868), 'patches_h': 31, 'patches_w': 40, 'total_patches': 1240, 'image_tokens': 1240, 'total_image_tokens': 1242, 'patch_size': 28}]","[151644, 8948, 198, 2610, 525, 264, 10950, 17847, 13, 151645, 198, 151644, 872, 198, 151652, 151655, 151653, 26987, 25, 5209, 4226, 279, 3405, 323, 3410, 279, 4396, 2999, 6524, 11, 384, 1302, 2572, 362, 11, 425, 11, 356, 11, 422, 11, 518, 279, 835, 624, 14582, 25, 2411, 892, 19832]","Hint: Please answer the question and provide the correct option letter, e.g., A, B, C, D, at the end.
Question: At which Episode ID does the Retroformer attain its peak Success rate (%)?
Choices:
(A) 1.0
(B) 1.5
(C) 2.0
(D) 2.5
(E) 3.0
(F) 3.5
(G) 4.0"
401,MathVista_MINI,84,1,258,342,"[{'original_size': (448, 448), 'target_size': (448, 448), 'patches_h': 16, 'patches_w': 16, 'total_patches': 256, 'image_tokens': 256, 'total_image_tokens': 258, 'patch_size': 28}]","[151644, 8948, 198, 2610, 525, 264, 10950, 17847, 13, 151645, 198, 151644, 872, 198, 151652, 151655, 151653, 26987, 25, 5209, 4226, 279, 3405, 22703, 458, 7546, 4226, 323, 3410, 279, 1590, 897, 11, 384, 1302, 2572, 220, 16, 11, 220, 17, 11, 220, 18, 11, 518, 279, 835, 624, 14582]","Hint: Please answer the question requiring an integer answer and provide the final value, e.g., 1, 2, 3, at the end.
Question: What is the value of the smallest individual bar in the whole chart?"
402,MathVista_MINI,107,1,834,941,"[{'original_size': (909, 735), 'target_size': (896, 728), 'patches_h': 26, 'patches_w': 32, 'total_patches': 832, 'image_tokens': 832, 'total_image_tokens': 834, 'patch_size': 28}]","[151644, 8948, 198, 2610, 525, 264, 10950, 17847, 13, 151645, 198, 151644, 872, 198, 151652, 151655, 151653, 26987, 25, 5209, 4226, 279, 3405, 323, 3410, 279, 4396, 2999, 6524, 11, 384, 1302, 2572, 362, 11, 425, 11, 356, 11, 422, 11, 518, 279, 835, 624, 14582, 25, 5542, 279, 3607]","Hint: Please answer the question and provide the correct option letter, e.g., A, B, C, D, at the end.
Question: From the food chain diagram below, which animal would most directly lack food if Grasshoppers get exterminated?
Choices:
(A) Rabbit
(B) Deer
(C) Frogs
(D) Wolf"
403,MathVista_MINI,108,1,162,270,"[{'original_size': (564, 221), 'target_size': (560, 224), 'patches_h': 8, 'patches_w': 20, 'total_patches': 160, 'image_tokens': 160, 'total_image_tokens': 162, 'patch_size': 28}]","[151644, 8948, 198, 2610, 525, 264, 10950, 17847, 13, 151645, 198, 151644, 872, 198, 151652, 151655, 151653, 26987, 25, 5209, 4226, 279, 3405, 323, 3410, 279, 4396, 2999, 6524, 11, 384, 1302, 2572, 362, 11, 425, 11, 356, 11, 422, 11, 518, 279, 835, 624, 14582, 25, 7379, 17031, 421]","Hint: Please answer the question and provide the correct option letter, e.g., A, B, C, D, at the end.
Question: Find TX if $E X=24$ and $D E=7$
Choices:
(A) 7
(B) 24
(C) 25
(D) 32"
404,MathVista_MINI,110,1,98,208,"[{'original_size': (325, 217), 'target_size': (336, 224), 'patches_h': 8, 'patches_w': 12, 'total_patches': 96, 'image_tokens': 96, 'total_image_tokens': 98, 'patch_size': 28}]","[151644, 8948, 198, 2610, 525, 264, 10950, 17847, 13, 151645, 198, 151644, 872, 198, 151652, 151655, 151653, 26987, 25, 5209, 4226, 279, 3405, 323, 3410, 279, 4396, 2999, 6524, 11, 384, 1302, 2572, 362, 11, 425, 11, 356, 11, 422, 11, 518, 279, 835, 624, 14582, 25, 9192, 518, 279]","Hint: Please answer the question and provide the correct option letter, e.g., A, B, C, D, at the end.
Question: Look at the following schedule. Which activity begins at 11.50 A.M.?'
Choices:
(A) figure skating practice
(B) private class
(C) adult class
(D) children's class"
405,MathVista_MINI,87,1,1232,1319,"[{'original_size': (1801, 1351), 'target_size': (1148, 840), 'patches_h': 30, 'patches_w': 41, 'total_patches': 1230, 'image_tokens': 1230, 'total_image_tokens': 1232, 'patch_size': 28}]","[151644, 8948, 198, 2610, 525, 264, 10950, 17847, 13, 151645, 198, 151644, 872, 198, 151652, 151655, 151653, 26987, 25, 5209, 4226, 279, 3405, 22703, 458, 7546, 4226, 323, 3410, 279, 1590, 897, 11, 384, 1302, 2572, 220, 16, 11, 220, 17, 11, 220, 18, 11, 518, 279, 835, 624, 14582]","Hint: Please answer the question requiring an integer answer and provide the final value, e.g., 1, 2, 3, at the end.
Question: What is the age gap between these two people in image? (Unit: years)"
406,MathVista_MINI,77,1,184,261,"[{'original_size': (714, 183), 'target_size': (728, 196), 'patches_h': 7, 'patches_w': 26, 'total_patches': 182, 'image_tokens': 182, 'total_image_tokens': 184, 'patch_size': 28}]","[151644, 8948, 198, 2610, 525, 264, 10950, 17847, 13, 151645, 198, 151644, 872, 198, 151652, 151655, 151653, 26987, 25, 5209, 4226, 279, 3405, 22703, 458, 7546, 4226, 323, 3410, 279, 1590, 897, 11, 384, 1302, 2572, 220, 16, 11, 220, 17, 11, 220, 18, 11, 518, 279, 835, 624, 14582]","Hint: Please answer the question requiring an integer answer and provide the final value, e.g., 1, 2, 3, at the end.
Question: How many snowmen are there?"
407,MathVista_MINI,140,1,8,148,"[{'original_size': (76, 67), 'target_size': (84, 56), 'patches_h': 2, 'patches_w': 3, 'total_patches': 6, 'image_tokens': 6, 'total_image_tokens': 8, 'patch_size': 28}]","[151644, 8948, 198, 2610, 525, 264, 10950, 17847, 13, 151645, 198, 151644, 872, 198, 151652, 151655, 151653, 26987, 25, 5209, 4226, 279, 3405, 323, 3410, 279, 4396, 2999, 6524, 11, 384, 1302, 2572, 362, 11, 425, 11, 356, 11, 422, 11, 518, 279, 835, 624, 14582, 25, 69372, 28029, 3837]","Hint: Please answer the question and provide the correct option letter, e.g., A, B, C, D, at the end.
Question: 如图，点B，D，E，C在同一条直线上，若△ABD≌△ACE，∠AEC＝110°，则∠DAE的度数为（）
Choices:
(A) 30°
(B) 40°
(C) 50°
(D) 60°"
408,MathVista_MINI,106,1,106,212,"[{'original_size': (362, 238), 'target_size': (364, 224), 'patches_h': 8, 'patches_w': 13, 'total_patches': 104, 'image_tokens': 104, 'total_image_tokens': 106, 'patch_size': 28}]","[151644, 8948, 198, 2610, 525, 264, 10950, 17847, 13, 151645, 198, 151644, 872, 198, 151652, 151655, 151653, 26987, 25, 5209, 4226, 279, 3405, 323, 3410, 279, 4396, 2999, 6524, 11, 384, 1302, 2572, 362, 11, 425, 11, 356, 11, 422, 11, 518, 279, 835, 624, 14582, 25, 7379, 1147, 624]","Hint: Please answer the question and provide the correct option letter, e.g., A, B, C, D, at the end.
Question: Find z.
Choices:
(A) 6
(B) 6 \sqrt { 2 }
(C) 6 \sqrt { 3 }
(D) 6 \sqrt { 5 }"
409,MathVista_MINI,78,1,171,249,"[{'original_size': (358, 356), 'target_size': (364, 364), 'patches_h': 13, 'patches_w': 13, 'total_patches': 169, 'image_tokens': 169, 'total_image_tokens': 171, 'patch_size': 28}]","[151644, 8948, 198, 2610, 525, 264, 10950, 17847, 13, 151645, 198, 151644, 872, 198, 151652, 151655, 151653, 26987, 25, 5209, 4226, 279, 3405, 22703, 458, 7546, 4226, 323, 3410, 279, 1590, 897, 11, 384, 1302, 2572, 220, 16, 11, 220, 17, 11, 220, 18, 11, 518, 279, 835, 624, 14582]","Hint: Please answer the question requiring an integer answer and provide the final value, e.g., 1, 2, 3, at the end.
Question: What is the radius of this circle?"
410,MathVista_MINI,143,1,114,257,"[{'original_size': (405, 226), 'target_size': (392, 224), 'patches_h': 8, 'patches_w': 14, 'total_patches': 112, 'image_tokens': 112, 'total_image_tokens': 114, 'patch_size': 28}]","[151644, 8948, 198, 2610, 525, 264, 10950, 17847, 13, 151645, 198, 151644, 872, 198, 151652, 151655, 151653, 26987, 25, 5209, 4226, 279, 3405, 323, 3410, 279, 4396, 2999, 6524, 11, 384, 1302, 2572, 362, 11, 425, 11, 356, 11, 422, 11, 518, 279, 835, 624, 14582, 25, 7379, 279, 46342]","Hint: Please answer the question and provide the correct option letter, e.g., A, B, C, D, at the end.
Question: Find the perimeter of  $\triangle D E F,$ if $\triangle D E F \sim \triangle C B F,$ perimeter of $\triangle C B F=27, D F=6,$ and $F C=8$
Choices:
(A) 20.25
(B) 21
(C) 27
(D) 36"
411,MathVista_MINI,84,1,899,983,"[{'original_size': (1081, 650), 'target_size': (1092, 644), 'patches_h': 23, 'patches_w': 39, 'total_patches': 897, 'image_tokens': 897, 'total_image_tokens': 899, 'patch_size': 28}]","[151644, 8948, 198, 2610, 525, 264, 10950, 17847, 13, 151645, 198, 151644, 872, 198, 151652, 151655, 151653, 26987, 25, 5209, 4226, 279, 3405, 22703, 458, 7546, 4226, 323, 3410, 279, 1590, 897, 11, 384, 1302, 2572, 220, 16, 11, 220, 17, 11, 220, 18, 11, 518, 279, 835, 624, 14582]","Hint: Please answer the question requiring an integer answer and provide the final value, e.g., 1, 2, 3, at the end.
Question: What is the average percentage of population having access to electricity per year?"
412,MathVista_MINI,98,1,58,156,"[{'original_size': (235, 192), 'target_size': (224, 196), 'patches_h': 7, 'patches_w': 8, 'total_patches': 56, 'image_tokens': 56, 'total_image_tokens': 58, 'patch_size': 28}]","[151644, 8948, 198, 2610, 525, 264, 10950, 17847, 13, 151645, 198, 151644, 872, 198, 151652, 151655, 151653, 26987, 25, 5209, 4226, 279, 3405, 323, 3410, 279, 4396, 2999, 6524, 11, 384, 1302, 2572, 362, 11, 425, 11, 356, 11, 422, 11, 518, 279, 835, 624, 14582, 25, 89796, 702, 400]","Hint: Please answer the question and provide the correct option letter, e.g., A, B, C, D, at the end.
Question: Tanner has $35. Does he have enough to buy a black jacket and a pair of shorts?'
Choices:
(A) yes
(B) no"
413,MathVista_MINI,137,1,22,159,"[{'original_size': (123, 132), 'target_size': (112, 140), 'patches_h': 5, 'patches_w': 4, 'total_patches': 20, 'image_tokens': 20, 'total_image_tokens': 22, 'patch_size': 28}]","[151644, 8948, 198, 2610, 525, 264, 10950, 17847, 13, 151645, 198, 151644, 872, 198, 151652, 151655, 151653, 26987, 25, 5209, 4226, 279, 3405, 323, 3410, 279, 4396, 2999, 6524, 11, 384, 1302, 2572, 362, 11, 425, 11, 356, 11, 422, 11, 518, 279, 835, 624, 14582, 25, 83002, 110, 52183]","Hint: Please answer the question and provide the correct option letter, e.g., A, B, C, D, at the end.
Question: 已知：如图，△ABC中，AB＝AC，BD为∠ABC的平分线，∠BDC＝75°，则∠A的度数为（）
Choices:
(A) 25°
(B) 35°
(C) 40°
(D) 45°"
414,MathVista_MINI,110,1,254,364,"[{'original_size': (509, 386), 'target_size': (504, 392), 'patches_h': 14, 'patches_w': 18, 'total_patches': 252, 'image_tokens': 252, 'total_image_tokens': 254, 'patch_size': 28}]","[151644, 8948, 198, 2610, 525, 264, 10950, 17847, 13, 151645, 198, 151644, 872, 198, 151652, 151655, 151653, 26987, 25, 5209, 4226, 279, 3405, 323, 3410, 279, 4396, 2999, 6524, 11, 384, 1302, 2572, 362, 11, 425, 11, 356, 11, 422, 11, 518, 279, 835, 624, 14582, 25, 1416, 400, 784]","Hint: Please answer the question and provide the correct option letter, e.g., A, B, C, D, at the end.
Question: If $ST=8, TR=4$, and $PT=6$, find $QR$.
Choices:
(A) 6
(B) 8
(C) 9
(D) 10"
415,MathVista_MINI,88,1,582,670,"[{'original_size': (800, 557), 'target_size': (812, 560), 'patches_h': 20, 'patches_w': 29, 'total_patches': 580, 'image_tokens': 580, 'total_image_tokens': 582, 'patch_size': 28}]","[151644, 8948, 198, 2610, 525, 264, 10950, 17847, 13, 151645, 198, 151644, 872, 198, 151652, 151655, 151653, 26987, 25, 5209, 4226, 279, 3405, 22703, 458, 7546, 4226, 323, 3410, 279, 1590, 897, 11, 384, 1302, 2572, 220, 16, 11, 220, 17, 11, 220, 18, 11, 518, 279, 835, 624, 14582]","Hint: Please answer the question requiring an integer answer and provide the final value, e.g., 1, 2, 3, at the end.
Question: What is the average annual wage in Slovak Republic in the year 2019"
416,MathVista_MINI,80,1,1001,1081,"[{'original_size': (768, 1024), 'target_size': (756, 1036), 'patches_h': 37, 'patches_w': 27, 'total_patches': 999, 'image_tokens': 999, 'total_image_tokens': 1001, 'patch_size': 28}]","[151644, 8948, 198, 2610, 525, 264, 10950, 17847, 13, 151645, 198, 151644, 872, 198, 151652, 151655, 151653, 26987, 25, 5209, 4226, 279, 3405, 22703, 458, 7546, 4226, 323, 3410, 279, 1590, 897, 11, 384, 1302, 2572, 220, 16, 11, 220, 17, 11, 220, 18, 11, 518, 279, 835, 624, 14582]","Hint: Please answer the question requiring an integer answer and provide the final value, e.g., 1, 2, 3, at the end.
Question: what is the highest volume written on the blender?"
417,MathVista_MINI,87,1,542,629,"[{'original_size': (564, 748), 'target_size': (560, 756), 'patches_h': 27, 'patches_w': 20, 'total_patches': 540, 'image_tokens': 540, 'total_image_tokens': 542, 'patch_size': 28}]","[151644, 8948, 198, 2610, 525, 264, 10950, 17847, 13, 151645, 198, 151644, 872, 198, 151652, 151655, 151653, 26987, 25, 5209, 4226, 279, 3405, 22703, 458, 7546, 4226, 323, 3410, 279, 1590, 897, 11, 384, 1302, 2572, 220, 16, 11, 220, 17, 11, 220, 18, 11, 518, 279, 835, 624, 14582]","Hint: Please answer the question requiring an integer answer and provide the final value, e.g., 1, 2, 3, at the end.
Question: What is the age gap between these two people in image? (Unit: years)"
418,MathVista_MINI,105,1,275,380,"[{'original_size': (600, 375), 'target_size': (588, 364), 'patches_h': 13, 'patches_w': 21, 'total_patches': 273, 'image_tokens': 273, 'total_image_tokens': 275, 'patch_size': 28}]","[151644, 8948, 198, 2610, 525, 264, 10950, 17847, 13, 151645, 198, 151644, 872, 198, 151652, 151655, 151653, 26987, 25, 5209, 4226, 279, 3405, 323, 3410, 279, 4396, 2999, 6524, 11, 384, 1302, 2572, 362, 11, 425, 11, 356, 11, 422, 11, 518, 279, 835, 624, 14582, 25, 1416, 279, 1372]","Hint: Please answer the question and provide the correct option letter, e.g., A, B, C, D, at the end.
Question: If the number of grasshoppers decreases, what will the population of spiders most likely do?
Choices:
(A) remain the same
(B) increase
(C) decrease
(D) NA"
419,MathVista_MINI,113,1,51,164,"[{'original_size': (203, 204), 'target_size': (196, 196), 'patches_h': 7, 'patches_w': 7, 'total_patches': 49, 'image_tokens': 49, 'total_image_tokens': 51, 'patch_size': 28}]","[151644, 8948, 198, 2610, 525, 264, 10950, 17847, 13, 151645, 198, 151644, 872, 198, 151652, 151655, 151653, 26987, 25, 5209, 4226, 279, 3405, 323, 3410, 279, 4396, 2999, 6524, 11, 384, 1302, 2572, 362, 11, 425, 11, 356, 11, 422, 11, 518, 279, 835, 624, 14582, 25, 3555, 882, 374]","Hint: Please answer the question and provide the correct option letter, e.g., A, B, C, D, at the end.
Question: What time is shown? Answer by typing a time word, not a number. It is (_) after nine.
Choices:
(A) half
(B) quarter
(C) o'clock
(D) quarter to
(E) quarter past"
420,MathVista_MINI,91,1,1242,1333,"[{'original_size': (2256, 1763), 'target_size': (1120, 868), 'patches_h': 31, 'patches_w': 40, 'total_patches': 1240, 'image_tokens': 1240, 'total_image_tokens': 1242, 'patch_size': 28}]","[151644, 8948, 198, 2610, 525, 264, 10950, 17847, 13, 151645, 198, 151644, 872, 198, 151652, 151655, 151653, 26987, 25, 5209, 4226, 279, 3405, 22703, 264, 19057, 16574, 1372, 448, 825, 12122, 1992, 323, 3410, 279, 1590, 897, 11, 384, 1302, 2572, 220, 16, 13, 17, 11, 220, 16, 13, 18]","Hint: Please answer the question requiring a floating-point number with one decimal place and provide the final value, e.g., 1.2, 1.3, 1.4, at the end.
Question: What is the lowest value on the Y axis?"
421,MathVista_MINI,177,1,842,1019,"[{'original_size': (550, 1190), 'target_size': (560, 1176), 'patches_h': 42, 'patches_w': 20, 'total_patches': 840, 'image_tokens': 840, 'total_image_tokens': 842, 'patch_size': 28}]","[151644, 8948, 198, 2610, 525, 264, 10950, 17847, 13, 151645, 198, 151644, 872, 198, 151652, 151655, 151653, 26987, 25, 5209, 4226, 279, 3405, 22703, 458, 7546, 4226, 323, 3410, 279, 1590, 897, 11, 384, 1302, 2572, 220, 16, 11, 220, 17, 11, 220, 18, 11, 518, 279, 835, 624, 14582]","Hint: Please answer the question requiring an integer answer and provide the final value, e.g., 1, 2, 3, at the end.
Question: An elevator cab of mass $m=500 \mathrm{~kg}$ is descending with speed $v_i=4.0 \mathrm{~m} / \mathrm{s}$ when its supporting cable begins to slip, allowing it to fall with constant acceleration $\vec{a}=\vec{g} / 5$.
During the $12 \mathrm{~m}$ fall, what is the work $W_T$ done on the cab by the upward pull $\vec{T}$ of the elevator cable?"
422,MathVista_MINI,79,1,258,337,"[{'original_size': (448, 448), 'target_size': (448, 448), 'patches_h': 16, 'patches_w': 16, 'total_patches': 256, 'image_tokens': 256, 'total_image_tokens': 258, 'patch_size': 28}]","[151644, 8948, 198, 2610, 525, 264, 10950, 17847, 13, 151645, 198, 151644, 872, 198, 151652, 151655, 151653, 26987, 25, 5209, 4226, 279, 3405, 22703, 458, 7546, 4226, 323, 3410, 279, 1590, 897, 11, 384, 1302, 2572, 220, 16, 11, 220, 17, 11, 220, 18, 11, 518, 279, 835, 624, 14582]","Hint: Please answer the question requiring an integer answer and provide the final value, e.g., 1, 2, 3, at the end.
Question: What is the value of the smallest bar?"
423,MathVista_MINI,84,1,296,380,"[{'original_size': (577, 400), 'target_size': (588, 392), 'patches_h': 14, 'patches_w': 21, 'total_patches': 294, 'image_tokens': 294, 'total_image_tokens': 296, 'patch_size': 28}]","[151644, 8948, 198, 2610, 525, 264, 10950, 17847, 13, 151645, 198, 151644, 872, 198, 151652, 151655, 151653, 26987, 25, 5209, 4226, 279, 3405, 323, 3410, 279, 4396, 2999, 6524, 11, 384, 1302, 2572, 362, 11, 425, 11, 356, 11, 422, 11, 518, 279, 835, 624, 14582, 25, 2160, 18183, 26119]","Hint: Please answer the question and provide the correct option letter, e.g., A, B, C, D, at the end.
Question: Is Deep Pink less than Dark Gray?
Choices:
(A) yes
(B) no"
424,MathVista_MINI,82,1,347,429,"[{'original_size': (640, 428), 'target_size': (644, 420), 'patches_h': 15, 'patches_w': 23, 'total_patches': 345, 'image_tokens': 345, 'total_image_tokens': 347, 'patch_size': 28}]","[151644, 8948, 198, 2610, 525, 264, 10950, 17847, 13, 151645, 198, 151644, 872, 198, 151652, 151655, 151653, 26987, 25, 5209, 4226, 279, 3405, 323, 3410, 279, 4396, 2999, 6524, 11, 384, 1302, 2572, 362, 11, 425, 11, 356, 11, 422, 11, 518, 279, 835, 624, 14582, 25, 2160, 279, 3607]","Hint: Please answer the question and provide the correct option letter, e.g., A, B, C, D, at the end.
Question: Is the food half eaten?
Choices:
(A) Yes
(B) No"
425,MathVista_MINI,129,1,26,155,"[{'original_size': (171, 120), 'target_size': (168, 112), 'patches_h': 4, 'patches_w': 6, 'total_patches': 24, 'image_tokens': 24, 'total_image_tokens': 26, 'patch_size': 28}]","[151644, 8948, 198, 2610, 525, 264, 10950, 17847, 13, 151645, 198, 151644, 872, 198, 151652, 151655, 151653, 26987, 25, 5209, 4226, 279, 3405, 323, 3410, 279, 4396, 2999, 6524, 11, 384, 1302, 2572, 362, 11, 425, 11, 356, 11, 422, 11, 518, 279, 835, 624, 14582, 25, 73562, 49, 83]","Hint: Please answer the question and provide the correct option letter, e.g., A, B, C, D, at the end.
Question: 在Rt△ABC中，∠C＝90°，若AC＝6，BC＝8，则cosA的值为（）
Choices:
(A) 0.6
(B) 0.8
(C) 0.75
(D) \frac{4}{3}"
426,MathVista_MINI,117,1,26,143,"[{'original_size': (154, 111), 'target_size': (168, 112), 'patches_h': 4, 'patches_w': 6, 'total_patches': 24, 'image_tokens': 24, 'total_image_tokens': 26, 'patch_size': 28}]","[151644, 8948, 198, 2610, 525, 264, 10950, 17847, 13, 151645, 198, 151644, 872, 198, 151652, 151655, 151653, 26987, 25, 5209, 4226, 279, 3405, 323, 3410, 279, 4396, 2999, 6524, 11, 384, 1302, 2572, 362, 11, 425, 11, 356, 11, 422, 11, 518, 279, 835, 624, 14582, 25, 69372, 28029, 3837]","Hint: Please answer the question and provide the correct option letter, e.g., A, B, C, D, at the end.
Question: 如图，若DE是△ABC的中位线，△ADE的周长为1，则△ABC的周长为（）
Choices:
(A) 1
(B) 2
(C) 3
(D) 4"
427,MathVista_MINI,79,1,258,337,"[{'original_size': (448, 448), 'target_size': (448, 448), 'patches_h': 16, 'patches_w': 16, 'total_patches': 256, 'image_tokens': 256, 'total_image_tokens': 258, 'patch_size': 28}]","[151644, 8948, 198, 2610, 525, 264, 10950, 17847, 13, 151645, 198, 151644, 872, 198, 151652, 151655, 151653, 26987, 25, 5209, 4226, 279, 3405, 22703, 458, 7546, 4226, 323, 3410, 279, 1590, 897, 11, 384, 1302, 2572, 220, 16, 11, 220, 17, 11, 220, 18, 11, 518, 279, 835, 624, 14582]","Hint: Please answer the question requiring an integer answer and provide the final value, e.g., 1, 2, 3, at the end.
Question: How many people prefer the most preferred object?"
428,MathVista_MINI,87,1,1242,1329,"[{'original_size': (1259, 968), 'target_size': (1120, 868), 'patches_h': 31, 'patches_w': 40, 'total_patches': 1240, 'image_tokens': 1240, 'total_image_tokens': 1242, 'patch_size': 28}]","[151644, 8948, 198, 2610, 525, 264, 10950, 17847, 13, 151645, 198, 151644, 872, 198, 151652, 151655, 151653, 26987, 25, 5209, 4226, 279, 3405, 22703, 458, 7546, 4226, 323, 3410, 279, 1590, 897, 11, 384, 1302, 2572, 220, 16, 11, 220, 17, 11, 220, 18, 11, 518, 279, 835, 624, 14582]","Hint: Please answer the question requiring an integer answer and provide the final value, e.g., 1, 2, 3, at the end.
Question: What is the age gap between these two people in image? (Unit: years)"
429,MathVista_MINI,80,1,258,338,"[{'original_size': (448, 448), 'target_size': (448, 448), 'patches_h': 16, 'patches_w': 16, 'total_patches': 256, 'image_tokens': 256, 'total_image_tokens': 258, 'patch_size': 28}]","[151644, 8948, 198, 2610, 525, 264, 10950, 17847, 13, 151645, 198, 151644, 872, 198, 151652, 151655, 151653, 26987, 25, 5209, 4226, 279, 3405, 22703, 458, 7546, 4226, 323, 3410, 279, 1590, 897, 11, 384, 1302, 2572, 220, 16, 11, 220, 17, 11, 220, 18, 11, 518, 279, 835, 624, 14582]","Hint: Please answer the question requiring an integer answer and provide the final value, e.g., 1, 2, 3, at the end.
Question: What percentage of people prefer the least preferred object?"
430,MathVista_MINI,101,1,282,383,"[{'original_size': (552, 393), 'target_size': (560, 392), 'patches_h': 14, 'patches_w': 20, 'total_patches': 280, 'image_tokens': 280, 'total_image_tokens': 282, 'patch_size': 28}]","[151644, 8948, 198, 2610, 525, 264, 10950, 17847, 13, 151645, 198, 151644, 872, 198, 151652, 151655, 151653, 26987, 25, 5209, 4226, 279, 3405, 323, 3410, 279, 4396, 2999, 6524, 11, 384, 1302, 2572, 362, 11, 425, 11, 356, 11, 422, 11, 518, 279, 835, 624, 14582, 25, 576, 31805, 315]","Hint: Please answer the question and provide the correct option letter, e.g., A, B, C, D, at the end.
Question: The derivative of f(x) at x=0 is ____ that at x=5
Choices:
(A) larger than
(B) equal to
(C) smaller than"
431,MathVista_MINI,105,1,189,294,"[{'original_size': (464, 297), 'target_size': (476, 308), 'patches_h': 11, 'patches_w': 17, 'total_patches': 187, 'image_tokens': 187, 'total_image_tokens': 189, 'patch_size': 28}]","[151644, 8948, 198, 2610, 525, 264, 10950, 17847, 13, 151645, 198, 151644, 872, 198, 151652, 151655, 151653, 26987, 25, 5209, 4226, 279, 3405, 323, 3410, 279, 4396, 2999, 6524, 11, 384, 1302, 2572, 362, 11, 425, 11, 356, 11, 422, 11, 518, 279, 835, 624, 14582, 25, 5542, 279, 3403]","Hint: Please answer the question and provide the correct option letter, e.g., A, B, C, D, at the end.
Question: From the above food web diagram, what would happen to dragonfly if all mayfly dies
Choices:
(A) remains the same
(B) increase
(C) decrease
(D) NA"
432,MathVista_MINI,93,1,899,992,"[{'original_size': (1085, 650), 'target_size': (1092, 644), 'patches_h': 23, 'patches_w': 39, 'total_patches': 897, 'image_tokens': 897, 'total_image_tokens': 899, 'patch_size': 28}]","[151644, 8948, 198, 2610, 525, 264, 10950, 17847, 13, 151645, 198, 151644, 872, 198, 151652, 151655, 151653, 26987, 25, 5209, 4226, 279, 3405, 22703, 458, 7546, 4226, 323, 3410, 279, 1590, 897, 11, 384, 1302, 2572, 220, 16, 11, 220, 17, 11, 220, 18, 11, 518, 279, 835, 624, 14582]","Hint: Please answer the question requiring an integer answer and provide the final value, e.g., 1, 2, 3, at the end.
Question: In how many years, is the percentage of undernourished male children greater than 0.4 %?"
433,MathVista_MINI,87,1,182,269,"[{'original_size': (425, 350), 'target_size': (420, 336), 'patches_h': 12, 'patches_w': 15, 'total_patches': 180, 'image_tokens': 180, 'total_image_tokens': 182, 'patch_size': 28}]","[151644, 8948, 198, 2610, 525, 264, 10950, 17847, 13, 151645, 198, 151644, 872, 198, 151652, 151655, 151653, 26987, 25, 5209, 4226, 279, 3405, 22703, 458, 7546, 4226, 323, 3410, 279, 1590, 897, 11, 384, 1302, 2572, 220, 16, 11, 220, 17, 11, 220, 18, 11, 518, 279, 835, 624, 14582]","Hint: Please answer the question requiring an integer answer and provide the final value, e.g., 1, 2, 3, at the end.
Question: What is the age gap between these two people in image? (Unit: years)"
434,MathVista_MINI,127,1,50,177,"[{'original_size': (215, 157), 'target_size': (224, 168), 'patches_h': 6, 'patches_w': 8, 'total_patches': 48, 'image_tokens': 48, 'total_image_tokens': 50, 'patch_size': 28}]","[151644, 8948, 198, 2610, 525, 264, 10950, 17847, 13, 151645, 198, 151644, 872, 198, 151652, 151655, 151653, 26987, 25, 5209, 4226, 279, 3405, 323, 3410, 279, 4396, 2999, 6524, 11, 384, 1302, 2572, 362, 11, 425, 11, 356, 11, 422, 11, 518, 279, 835, 624, 14582, 25, 758, 279, 7071]","Hint: Please answer the question and provide the correct option letter, e.g., A, B, C, D, at the end.
Question: In the figure above, side AC of triangle ABC is on line l. What is x in terms of k?
Choices:
(A) 60-k
(B) k
(C) 60+k
(D) 120-k
(E) 120-2*k"
435,MathVista_MINI,104,1,784,888,"[{'original_size': (955, 650), 'target_size': (952, 644), 'patches_h': 23, 'patches_w': 34, 'total_patches': 782, 'image_tokens': 782, 'total_image_tokens': 784, 'patch_size': 28}]","[151644, 8948, 198, 2610, 525, 264, 10950, 17847, 13, 151645, 198, 151644, 872, 198, 151652, 151655, 151653, 26987, 25, 5209, 4226, 279, 3405, 22703, 458, 7546, 4226, 323, 3410, 279, 1590, 897, 11, 384, 1302, 2572, 220, 16, 11, 220, 17, 11, 220, 18, 11, 518, 279, 835, 624, 14582]","Hint: Please answer the question requiring an integer answer and provide the final value, e.g., 1, 2, 3, at the end.
Question: In how many years, is the percentage of employed females who are not attending school greater than the average percentage of employed females who are not attending school taken over all years ?"
436,MathVista_MINI,85,1,258,343,"[{'original_size': (448, 448), 'target_size': (448, 448), 'patches_h': 16, 'patches_w': 16, 'total_patches': 256, 'image_tokens': 256, 'total_image_tokens': 258, 'patch_size': 28}]","[151644, 8948, 198, 2610, 525, 264, 10950, 17847, 13, 151645, 198, 151644, 872, 198, 151652, 151655, 151653, 26987, 25, 5209, 4226, 279, 3405, 22703, 458, 7546, 4226, 323, 3410, 279, 1590, 897, 11, 384, 1302, 2572, 220, 16, 11, 220, 17, 11, 220, 18, 11, 518, 279, 835, 624, 14582]","Hint: Please answer the question requiring an integer answer and provide the final value, e.g., 1, 2, 3, at the end.
Question: How many algorithms have accuracy lower than 8 in at least one dataset?"
437,MathVista_MINI,108,1,669,777,"[{'original_size': (638, 814), 'target_size': (644, 812), 'patches_h': 29, 'patches_w': 23, 'total_patches': 667, 'image_tokens': 667, 'total_image_tokens': 669, 'patch_size': 28}]","[151644, 8948, 198, 2610, 525, 264, 10950, 17847, 13, 151645, 198, 151644, 872, 198, 151652, 151655, 151653, 26987, 25, 5209, 4226, 279, 3405, 22703, 458, 7546, 4226, 323, 3410, 279, 1590, 897, 11, 384, 1302, 2572, 220, 16, 11, 220, 17, 11, 220, 18, 11, 518, 279, 835, 624, 14582]","Hint: Please answer the question requiring an integer answer and provide the final value, e.g., 1, 2, 3, at the end.
Question: Fig.Q3 shows an excerpt of the transmission phase of a TCP connection. Assume the length of the IP header is 20 bytes. What is the ACK number at message 6?"
438,MathVista_MINI,87,1,158,245,"[{'original_size': (329, 367), 'target_size': (336, 364), 'patches_h': 13, 'patches_w': 12, 'total_patches': 156, 'image_tokens': 156, 'total_image_tokens': 158, 'patch_size': 28}]","[151644, 8948, 198, 2610, 525, 264, 10950, 17847, 13, 151645, 198, 151644, 872, 198, 151652, 151655, 151653, 26987, 25, 5209, 4226, 279, 3405, 22703, 458, 7546, 4226, 323, 3410, 279, 1590, 897, 11, 384, 1302, 2572, 220, 16, 11, 220, 17, 11, 220, 18, 11, 518, 279, 835, 624, 14582]","Hint: Please answer the question requiring an integer answer and provide the final value, e.g., 1, 2, 3, at the end.
Question: What is the age gap between these two people in image? (Unit: years)"
439,MathVista_MINI,81,1,173,254,"[{'original_size': (539, 256), 'target_size': (532, 252), 'patches_h': 9, 'patches_w': 19, 'total_patches': 171, 'image_tokens': 171, 'total_image_tokens': 173, 'patch_size': 28}]","[151644, 8948, 198, 2610, 525, 264, 10950, 17847, 13, 151645, 198, 151644, 872, 198, 151652, 151655, 151653, 26987, 25, 5209, 4226, 279, 3405, 323, 3410, 279, 4396, 2999, 6524, 11, 384, 1302, 2572, 362, 11, 425, 11, 356, 11, 422, 11, 518, 279, 835, 624, 14582, 25, 374, 419, 729]","Hint: Please answer the question and provide the correct option letter, e.g., A, B, C, D, at the end.
Question: is this function convex?
Choices:
(A) Yes
(B) No"
440,MathVista_MINI,83,1,393,476,"[{'original_size': (480, 640), 'target_size': (476, 644), 'patches_h': 23, 'patches_w': 17, 'total_patches': 391, 'image_tokens': 391, 'total_image_tokens': 393, 'patch_size': 28}]","[151644, 8948, 198, 2610, 525, 264, 10950, 17847, 13, 151645, 198, 151644, 872, 198, 151652, 151655, 151653, 26987, 25, 5209, 4226, 279, 3405, 323, 3410, 279, 4396, 2999, 6524, 11, 384, 1302, 2572, 362, 11, 425, 11, 356, 11, 422, 11, 518, 279, 835, 624, 14582, 25, 2160, 279, 4158]","Hint: Please answer the question and provide the correct option letter, e.g., A, B, C, D, at the end.
Question: Is the white plate half full?
Choices:
(A) Yes
(B) No"
441,MathVista_MINI,78,1,83,161,"[{'original_size': (258, 241), 'target_size': (252, 252), 'patches_h': 9, 'patches_w': 9, 'total_patches': 81, 'image_tokens': 81, 'total_image_tokens': 83, 'patch_size': 28}]","[151644, 8948, 198, 2610, 525, 264, 10950, 17847, 13, 151645, 198, 151644, 872, 198, 151652, 151655, 151653, 26987, 25, 5209, 4226, 279, 3405, 22703, 458, 7546, 4226, 323, 3410, 279, 1590, 897, 11, 384, 1302, 2572, 220, 16, 11, 220, 17, 11, 220, 18, 11, 518, 279, 835, 624, 14582]","Hint: Please answer the question requiring an integer answer and provide the final value, e.g., 1, 2, 3, at the end.
Question: What is the perimeter of the shape?"
442,MathVista_MINI,87,1,258,345,"[{'original_size': (448, 448), 'target_size': (448, 448), 'patches_h': 16, 'patches_w': 16, 'total_patches': 256, 'image_tokens': 256, 'total_image_tokens': 258, 'patch_size': 28}]","[151644, 8948, 198, 2610, 525, 264, 10950, 17847, 13, 151645, 198, 151644, 872, 198, 151652, 151655, 151653, 26987, 25, 5209, 4226, 279, 3405, 22703, 458, 7546, 4226, 323, 3410, 279, 1590, 897, 11, 384, 1302, 2572, 220, 16, 11, 220, 17, 11, 220, 18, 11, 518, 279, 835, 624, 14582]","Hint: Please answer the question requiring an integer answer and provide the final value, e.g., 1, 2, 3, at the end.
Question: How many objects are preferred by more than 7 people in at least one category?"
443,MathVista_MINI,150,1,20,170,"[{'original_size': (169, 80), 'target_size': (168, 84), 'patches_h': 3, 'patches_w': 6, 'total_patches': 18, 'image_tokens': 18, 'total_image_tokens': 20, 'patch_size': 28}]","[151644, 8948, 198, 2610, 525, 264, 10950, 17847, 13, 151645, 198, 151644, 872, 198, 151652, 151655, 151653, 26987, 25, 5209, 4226, 279, 3405, 323, 3410, 279, 4396, 2999, 6524, 11, 384, 1302, 2572, 362, 11, 425, 11, 356, 11, 422, 11, 518, 279, 835, 624, 14582, 25, 1634, 6839, 304]","Hint: Please answer the question and provide the correct option letter, e.g., A, B, C, D, at the end.
Question: As shown in the figure: In Rt△ABC, ∠C = 90.0, AC = 8.0, AB = 10.0, then the value of sinB is equal to ()
Choices:
(A) \frac{3}{5}
(B) \frac{4}{5}
(C) \frac{3}{4}
(D) \frac{4}{3}"
444,MathVista_MINI,79,1,582,661,"[{'original_size': (800, 557), 'target_size': (812, 560), 'patches_h': 20, 'patches_w': 29, 'total_patches': 580, 'image_tokens': 580, 'total_image_tokens': 582, 'patch_size': 28}]","[151644, 8948, 198, 2610, 525, 264, 10950, 17847, 13, 151645, 198, 151644, 872, 198, 151652, 151655, 151653, 26987, 25, 5209, 4226, 279, 3405, 22703, 458, 7546, 4226, 323, 3410, 279, 1590, 897, 11, 384, 1302, 2572, 220, 16, 11, 220, 17, 11, 220, 18, 11, 518, 279, 835, 624, 14582]","Hint: Please answer the question requiring an integer answer and provide the final value, e.g., 1, 2, 3, at the end.
Question: What is the difference between the two genders?"
445,MathVista_MINI,85,1,226,311,"[{'original_size': (436, 400), 'target_size': (448, 392), 'patches_h': 14, 'patches_w': 16, 'total_patches': 224, 'image_tokens': 224, 'total_image_tokens': 226, 'patch_size': 28}]","[151644, 8948, 198, 2610, 525, 264, 10950, 17847, 13, 151645, 198, 151644, 872, 198, 151652, 151655, 151653, 26987, 25, 5209, 4226, 279, 3405, 323, 3410, 279, 4396, 2999, 6524, 11, 384, 1302, 2572, 362, 11, 425, 11, 356, 11, 422, 11, 518, 279, 835, 624, 14582, 25, 2160, 8658, 68319]","Hint: Please answer the question and provide the correct option letter, e.g., A, B, C, D, at the end.
Question: Is Light Slate less than Saddle Brown?
Choices:
(A) yes
(B) no"
446,MathVista_MINI,140,1,22,162,"[{'original_size': (144, 105), 'target_size': (140, 112), 'patches_h': 4, 'patches_w': 5, 'total_patches': 20, 'image_tokens': 20, 'total_image_tokens': 22, 'patch_size': 28}]","[151644, 8948, 198, 2610, 525, 264, 10950, 17847, 13, 151645, 198, 151644, 872, 198, 151652, 151655, 151653, 26987, 25, 5209, 4226, 279, 3405, 323, 3410, 279, 4396, 2999, 6524, 11, 384, 1302, 2572, 362, 11, 425, 11, 356, 11, 422, 11, 518, 279, 835, 624, 14582, 25, 69372, 28029, 96050]","Hint: Please answer the question and provide the correct option letter, e.g., A, B, C, D, at the end.
Question: 如图，在△ABC中，点D是△ABC的内心，连接DB，DC，过点D作EF∥BC分别交AB、AC于点E、F，若BE+CF＝8，则EF的长度为（）
Choices:
(A) 4
(B) 5
(C) 8
(D) 16"
447,MathVista_MINI,82,1,338,420,"[{'original_size': (685, 400), 'target_size': (672, 392), 'patches_h': 14, 'patches_w': 24, 'total_patches': 336, 'image_tokens': 336, 'total_image_tokens': 338, 'patch_size': 28}]","[151644, 8948, 198, 2610, 525, 264, 10950, 17847, 13, 151645, 198, 151644, 872, 198, 151652, 151655, 151653, 26987, 25, 5209, 4226, 279, 3405, 323, 3410, 279, 4396, 2999, 6524, 11, 384, 1302, 2572, 362, 11, 425, 11, 356, 11, 422, 11, 518, 279, 835, 624, 14582, 25, 12553, 63580, 8697]","Hint: Please answer the question and provide the correct option letter, e.g., A, B, C, D, at the end.
Question: Does Midnight Blue intersect Purple?
Choices:
(A) yes
(B) no"
448,MathVista_MINI,87,1,632,719,"[{'original_size': (850, 600), 'target_size': (840, 588), 'patches_h': 21, 'patches_w': 30, 'total_patches': 630, 'image_tokens': 630, 'total_image_tokens': 632, 'patch_size': 28}]","[151644, 8948, 198, 2610, 525, 264, 10950, 17847, 13, 151645, 198, 151644, 872, 198, 151652, 151655, 151653, 26987, 25, 5209, 4226, 279, 3405, 22703, 458, 7546, 4226, 323, 3410, 279, 1590, 897, 11, 384, 1302, 2572, 220, 16, 11, 220, 17, 11, 220, 18, 11, 518, 279, 835, 624, 14582]","Hint: Please answer the question requiring an integer answer and provide the final value, e.g., 1, 2, 3, at the end.
Question: Which year recorded the highest share of Urban secondary schools with access to electricity in India?"
449,MathVista_MINI,84,1,393,477,"[{'original_size': (640, 480), 'target_size': (644, 476), 'patches_h': 17, 'patches_w': 23, 'total_patches': 391, 'image_tokens': 391, 'total_image_tokens': 393, 'patch_size': 28}]","[151644, 8948, 198, 2610, 525, 264, 10950, 17847, 13, 151645, 198, 151644, 872, 198, 151652, 151655, 151653, 26987, 25, 5209, 4226, 279, 3405, 22703, 458, 7546, 4226, 323, 3410, 279, 1590, 897, 11, 384, 1302, 2572, 220, 16, 11, 220, 17, 11, 220, 18, 11, 518, 279, 835, 624, 14582]","Hint: Please answer the question requiring an integer answer and provide the final value, e.g., 1, 2, 3, at the end.
Question: How many miles per gallon do the average motorcycle get on the highway?"
450,MathVista_MINI,104,1,275,379,"[{'original_size': (600, 375), 'target_size': (588, 364), 'patches_h': 13, 'patches_w': 21, 'total_patches': 273, 'image_tokens': 273, 'total_image_tokens': 275, 'patch_size': 28}]","[151644, 8948, 198, 2610, 525, 264, 10950, 17847, 13, 151645, 198, 151644, 872, 198, 151652, 151655, 151653, 26987, 25, 5209, 4226, 279, 3405, 323, 3410, 279, 4396, 2999, 6524, 11, 384, 1302, 2572, 362, 11, 425, 11, 356, 11, 422, 11, 518, 279, 835, 624, 14582, 25, 1416, 678, 279]","Hint: Please answer the question and provide the correct option letter, e.g., A, B, C, D, at the end.
Question: If all the grass died, what would be most affected?
Choices:
(A) garter snakes
(B) hognose snakes
(C) hawks
(D) grasshoppers"
451,MathVista_MINI,111,1,393,504,"[{'original_size': (640, 480), 'target_size': (644, 476), 'patches_h': 17, 'patches_w': 23, 'total_patches': 391, 'image_tokens': 391, 'total_image_tokens': 393, 'patch_size': 28}]","[151644, 8948, 198, 2610, 525, 264, 10950, 17847, 13, 151645, 198, 151644, 872, 198, 151652, 151655, 151653, 26987, 25, 5209, 4226, 279, 3405, 323, 3410, 279, 4396, 2999, 6524, 11, 384, 1302, 2572, 362, 11, 425, 11, 356, 11, 422, 11, 518, 279, 835, 624, 14582, 25, 2160, 279, 1372]","Hint: Please answer the question and provide the correct option letter, e.g., A, B, C, D, at the end.
Question: Is the number of small yellow metallic choppers that are behind the large cyan thing less than the number of brown metal double buss that are behind the small yellow shiny thing?
Choices:
(A) Yes
(B) No"
452,MathVista_MINI,107,1,210,317,"[{'original_size': (441, 366), 'target_size': (448, 364), 'patches_h': 13, 'patches_w': 16, 'total_patches': 208, 'image_tokens': 208, 'total_image_tokens': 210, 'patch_size': 28}]","[151644, 8948, 198, 2610, 525, 264, 10950, 17847, 13, 151645, 198, 151644, 872, 198, 151652, 151655, 151653, 26987, 25, 5209, 4226, 279, 3405, 323, 3410, 279, 4396, 2999, 6524, 11, 384, 1302, 2572, 362, 11, 425, 11, 356, 11, 422, 11, 518, 279, 835, 624, 14582, 25, 20205, 389, 279]","Hint: Please answer the question and provide the correct option letter, e.g., A, B, C, D, at the end.
Question: Based on the image, what is the most likely equilibrium population count?
Choices:
(A) 40
(B) 60
(C) 80
(D) 100"
453,MathVista_MINI,95,1,50,145,"[{'original_size': (342, 116), 'target_size': (336, 112), 'patches_h': 4, 'patches_w': 12, 'total_patches': 48, 'image_tokens': 48, 'total_image_tokens': 50, 'patch_size': 28}]","[151644, 8948, 198, 2610, 525, 264, 10950, 17847, 13, 151645, 198, 151644, 872, 198, 151652, 151655, 151653, 26987, 25, 5209, 4226, 279, 3405, 22703, 458, 7546, 4226, 323, 3410, 279, 1590, 897, 11, 384, 1302, 2572, 220, 16, 11, 220, 17, 11, 220, 18, 11, 518, 279, 835, 624, 14582]","Hint: Please answer the question requiring an integer answer and provide the final value, e.g., 1, 2, 3, at the end.
Question: Move the ruler to measure the length of the line to the nearest centimeter. The line is about (_) centimeters long."
454,MathVista_MINI,84,1,258,342,"[{'original_size': (448, 448), 'target_size': (448, 448), 'patches_h': 16, 'patches_w': 16, 'total_patches': 256, 'image_tokens': 256, 'total_image_tokens': 258, 'patch_size': 28}]","[151644, 8948, 198, 2610, 525, 264, 10950, 17847, 13, 151645, 198, 151644, 872, 198, 151652, 151655, 151653, 26987, 25, 5209, 4226, 279, 3405, 22703, 458, 7546, 4226, 323, 3410, 279, 1590, 897, 11, 384, 1302, 2572, 220, 16, 11, 220, 17, 11, 220, 18, 11, 518, 279, 835, 624, 14582]","Hint: Please answer the question requiring an integer answer and provide the final value, e.g., 1, 2, 3, at the end.
Question: What is the value of the smallest individual bar in the whole chart?"
455,MathVista_MINI,142,1,275,417,"[{'original_size': (575, 353), 'target_size': (588, 364), 'patches_h': 13, 'patches_w': 21, 'total_patches': 273, 'image_tokens': 273, 'total_image_tokens': 275, 'patch_size': 28}]","[151644, 8948, 198, 2610, 525, 264, 10950, 17847, 13, 151645, 198, 151644, 872, 198, 151652, 151655, 151653, 26987, 25, 5209, 4226, 279, 3405, 323, 3410, 279, 4396, 2999, 6524, 11, 384, 1302, 2572, 362, 11, 425, 11, 356, 11, 422, 11, 518, 279, 835, 624, 14582, 25, 1416, 856, 284]","Hint: Please answer the question and provide the correct option letter, e.g., A, B, C, D, at the end.
Question: If x = 32 and r = 18, what is the length of the arc shown in the figure above?
Choices:
(A) 16*\pi/5
(B) 32*\pi/5
(C) 36*\pi
(D) 288*\pi/5
(E) 576*\pi"
456,MathVista_MINI,83,1,268,351,"[{'original_size': (532, 400), 'target_size': (532, 392), 'patches_h': 14, 'patches_w': 19, 'total_patches': 266, 'image_tokens': 266, 'total_image_tokens': 268, 'patch_size': 28}]","[151644, 8948, 198, 2610, 525, 264, 10950, 17847, 13, 151645, 198, 151644, 872, 198, 151652, 151655, 151653, 26987, 25, 5209, 4226, 279, 3405, 323, 3410, 279, 4396, 2999, 6524, 11, 384, 1302, 2572, 362, 11, 425, 11, 356, 11, 422, 11, 518, 279, 835, 624, 14582, 25, 2160, 3616, 37081]","Hint: Please answer the question and provide the correct option letter, e.g., A, B, C, D, at the end.
Question: Is Periwinkle the minimum?
Choices:
(A) yes
(B) no"
457,MathVista_MINI,75,1,68,143,"[{'original_size': (605, 97), 'target_size': (616, 84), 'patches_h': 3, 'patches_w': 22, 'total_patches': 66, 'image_tokens': 66, 'total_image_tokens': 68, 'patch_size': 28}]","[151644, 8948, 198, 2610, 525, 264, 10950, 17847, 13, 151645, 198, 151644, 872, 198, 151652, 151655, 151653, 26987, 25, 5209, 4226, 279, 3405, 22703, 458, 7546, 4226, 323, 3410, 279, 1590, 897, 11, 384, 1302, 2572, 220, 16, 11, 220, 17, 11, 220, 18, 11, 518, 279, 835, 624, 14582]","Hint: Please answer the question requiring an integer answer and provide the final value, e.g., 1, 2, 3, at the end.
Question: What number is shown?"
458,MathVista_MINI,88,1,347,435,"[{'original_size': (640, 427), 'target_size': (644, 420), 'patches_h': 15, 'patches_w': 23, 'total_patches': 345, 'image_tokens': 345, 'total_image_tokens': 347, 'patch_size': 28}]","[151644, 8948, 198, 2610, 525, 264, 10950, 17847, 13, 151645, 198, 151644, 872, 198, 151652, 151655, 151653, 26987, 25, 5209, 4226, 279, 3405, 22703, 458, 7546, 4226, 323, 3410, 279, 1590, 897, 11, 384, 1302, 2572, 220, 16, 11, 220, 17, 11, 220, 18, 11, 518, 279, 835, 624, 14582]","Hint: Please answer the question requiring an integer answer and provide the final value, e.g., 1, 2, 3, at the end.
Question: If you add the two visible numbers, on the jerseys, what is the total sum?"
459,MathVista_MINI,89,1,101,190,"[{'original_size': (320, 240), 'target_size': (308, 252), 'patches_h': 9, 'patches_w': 11, 'total_patches': 99, 'image_tokens': 99, 'total_image_tokens': 101, 'patch_size': 28}]","[151644, 8948, 198, 2610, 525, 264, 10950, 17847, 13, 151645, 198, 151644, 872, 198, 151652, 151655, 151653, 26987, 25, 5209, 4226, 279, 3405, 22703, 458, 7546, 4226, 323, 3410, 279, 1590, 897, 11, 384, 1302, 2572, 220, 16, 11, 220, 17, 11, 220, 18, 11, 518, 279, 835, 624, 14582]","Hint: Please answer the question requiring an integer answer and provide the final value, e.g., 1, 2, 3, at the end.
Question: Subtract all large cyan matte balls. Subtract all tiny shiny objects. How many objects are left?"
460,MathVista_MINI,108,1,886,994,"[{'original_size': (960, 720), 'target_size': (952, 728), 'patches_h': 26, 'patches_w': 34, 'total_patches': 884, 'image_tokens': 884, 'total_image_tokens': 886, 'patch_size': 28}]","[151644, 8948, 198, 2610, 525, 264, 10950, 17847, 13, 151645, 198, 151644, 872, 198, 151652, 151655, 151653, 26987, 25, 5209, 4226, 279, 3405, 323, 3410, 279, 4396, 2999, 6524, 11, 384, 1302, 2572, 362, 11, 425, 11, 356, 11, 422, 11, 518, 279, 835, 624, 14582, 25, 1416, 1052, 1033]","Hint: Please answer the question and provide the correct option letter, e.g., A, B, C, D, at the end.
Question: If there were fewer leaves in this ecosystem, the first organism to experience change as a result would be:
Choices:
(A) Frogs
(B) Crickets
(C) Snakes
(D) Hawks"
461,MathVista_MINI,231,1,546,777,"[{'original_size': (908, 488), 'target_size': (896, 476), 'patches_h': 17, 'patches_w': 32, 'total_patches': 544, 'image_tokens': 544, 'total_image_tokens': 546, 'patch_size': 28}]","[151644, 8948, 198, 2610, 525, 264, 10950, 17847, 13, 151645, 198, 151644, 872, 198, 151652, 151655, 151653, 26987, 25, 5209, 4226, 279, 3405, 22703, 458, 7546, 4226, 323, 3410, 279, 1590, 897, 11, 384, 1302, 2572, 220, 16, 11, 220, 17, 11, 220, 18, 11, 518, 279, 835, 624, 14582]","Hint: Please answer the question requiring an integer answer and provide the final value, e.g., 1, 2, 3, at the end.
Question: A perceptual audio codec is used to compress an audio signal. The codec groups every 4 barks into a subband and then allocates bits to different subbands according to the result of a spectrum analysis based on a psychoacoustic model. All samples in the same subband are quantized with the same quantizer, and the bit resolution of which is allocated by the codec. (The Bark scale is a psychoacoustical scale proposed by Eberhard Zwicker in 1961.) Fig. Q1a shows the frequency spectrum of a windowed segment of audio signal. The psychoacoustic model shown in Fig. Q1b is used in the audio codec to derive the masking threshold for the audio segment. How many potential maskers in Fig. Q1a?"
462,MathVista_MINI,82,1,258,340,"[{'original_size': (448, 448), 'target_size': (448, 448), 'patches_h': 16, 'patches_w': 16, 'total_patches': 256, 'image_tokens': 256, 'total_image_tokens': 258, 'patch_size': 28}]","[151644, 8948, 198, 2610, 525, 264, 10950, 17847, 13, 151645, 198, 151644, 872, 198, 151652, 151655, 151653, 26987, 25, 5209, 4226, 279, 3405, 22703, 458, 7546, 4226, 323, 3410, 279, 1590, 897, 11, 384, 1302, 2572, 220, 16, 11, 220, 17, 11, 220, 18, 11, 518, 279, 835, 624, 14582]","Hint: Please answer the question requiring an integer answer and provide the final value, e.g., 1, 2, 3, at the end.
Question: How many bars have values larger than 100?"
463,MathVista_MINI,89,1,101,190,"[{'original_size': (320, 240), 'target_size': (308, 252), 'patches_h': 9, 'patches_w': 11, 'total_patches': 99, 'image_tokens': 99, 'total_image_tokens': 101, 'patch_size': 28}]","[151644, 8948, 198, 2610, 525, 264, 10950, 17847, 13, 151645, 198, 151644, 872, 198, 151652, 151655, 151653, 26987, 25, 5209, 4226, 279, 3405, 22703, 458, 7546, 4226, 323, 3410, 279, 1590, 897, 11, 384, 1302, 2572, 220, 16, 11, 220, 17, 11, 220, 18, 11, 518, 279, 835, 624, 14582]","Hint: Please answer the question requiring an integer answer and provide the final value, e.g., 1, 2, 3, at the end.
Question: Subtract all large gray things. Subtract all small brown metallic balls. How many objects are left?"
464,MathVista_MINI,106,1,1273,1379,"[{'original_size': (1000, 1316), 'target_size': (868, 1148), 'patches_h': 41, 'patches_w': 31, 'total_patches': 1271, 'image_tokens': 1271, 'total_image_tokens': 1273, 'patch_size': 28}]","[151644, 8948, 198, 2610, 525, 264, 10950, 17847, 13, 151645, 198, 151644, 872, 198, 151652, 151655, 151653, 26987, 25, 5209, 4226, 279, 3405, 323, 3410, 279, 4396, 2999, 6524, 11, 384, 1302, 2572, 362, 11, 425, 11, 356, 11, 422, 11, 518, 279, 835, 624, 14582, 25, 22201, 279, 4226]","Hint: Please answer the question and provide the correct option letter, e.g., A, B, C, D, at the end.
Question: Choose the answer for the missing picture.
Choices:
(A) 1
(B) 2
(C) 3
(D) 4
(E) 5
(F) 6"
465,MathVista_MINI,83,1,310,393,"[{'original_size': (628, 400), 'target_size': (616, 392), 'patches_h': 14, 'patches_w': 22, 'total_patches': 308, 'image_tokens': 308, 'total_image_tokens': 310, 'patch_size': 28}]","[151644, 8948, 198, 2610, 525, 264, 10950, 17847, 13, 151645, 198, 151644, 872, 198, 151652, 151655, 151653, 26987, 25, 5209, 4226, 279, 3405, 323, 3410, 279, 4396, 2999, 6524, 11, 384, 1302, 2572, 362, 11, 425, 11, 356, 11, 422, 11, 518, 279, 835, 624, 14582, 25, 2160, 8658, 7840]","Hint: Please answer the question and provide the correct option letter, e.g., A, B, C, D, at the end.
Question: Is Light Green the low median?
Choices:
(A) yes
(B) no"
466,MathVista_MINI,85,1,240,325,"[{'original_size': (487, 400), 'target_size': (476, 392), 'patches_h': 14, 'patches_w': 17, 'total_patches': 238, 'image_tokens': 238, 'total_image_tokens': 240, 'patch_size': 28}]","[151644, 8948, 198, 2610, 525, 264, 10950, 17847, 13, 151645, 198, 151644, 872, 198, 151652, 151655, 151653, 26987, 25, 5209, 4226, 279, 3405, 323, 3410, 279, 4396, 2999, 6524, 11, 384, 1302, 2572, 362, 11, 425, 11, 356, 11, 422, 11, 518, 279, 835, 624, 14582, 25, 12553, 12258, 3616]","Hint: Please answer the question and provide the correct option letter, e.g., A, B, C, D, at the end.
Question: Does Dark Periwinkle intersect Yellow Green?
Choices:
(A) yes
(B) no"
467,MathVista_MINI,145,1,146,291,"[{'original_size': (499, 235), 'target_size': (504, 224), 'patches_h': 8, 'patches_w': 18, 'total_patches': 144, 'image_tokens': 144, 'total_image_tokens': 146, 'patch_size': 28}]","[151644, 8948, 198, 2610, 525, 264, 10950, 17847, 13, 151645, 198, 151644, 872, 198, 151652, 151655, 151653, 26987, 25, 5209, 4226, 279, 3405, 323, 3410, 279, 4396, 2999, 6524, 11, 384, 1302, 2572, 362, 11, 425, 11, 356, 11, 422, 11, 518, 279, 835, 624, 14582, 25, 576, 8381, 10953]","Hint: Please answer the question and provide the correct option letter, e.g., A, B, C, D, at the end.
Question: The degree measures of minor arc $\widehat{A C}$ and major arc $\widehat{A D C}$ are $x$ and $y$ respectively. If $m∠ABC = 70°$, find $x$.
Choices:
(A) 90
(B) 100
(C) 110
(D) 120"
468,MathVista_MINI,79,1,258,337,"[{'original_size': (448, 448), 'target_size': (448, 448), 'patches_h': 16, 'patches_w': 16, 'total_patches': 256, 'image_tokens': 256, 'total_image_tokens': 258, 'patch_size': 28}]","[151644, 8948, 198, 2610, 525, 264, 10950, 17847, 13, 151645, 198, 151644, 872, 198, 151652, 151655, 151653, 26987, 25, 5209, 4226, 279, 3405, 22703, 458, 7546, 4226, 323, 3410, 279, 1590, 897, 11, 384, 1302, 2572, 220, 16, 11, 220, 17, 11, 220, 18, 11, 518, 279, 835, 624, 14582]","Hint: Please answer the question requiring an integer answer and provide the final value, e.g., 1, 2, 3, at the end.
Question: How many people prefer the most preferred object?"
469,MathVista_MINI,84,1,268,352,"[{'original_size': (532, 400), 'target_size': (532, 392), 'patches_h': 14, 'patches_w': 19, 'total_patches': 266, 'image_tokens': 266, 'total_image_tokens': 268, 'patch_size': 28}]","[151644, 8948, 198, 2610, 525, 264, 10950, 17847, 13, 151645, 198, 151644, 872, 198, 151652, 151655, 151653, 26987, 25, 5209, 4226, 279, 3405, 323, 3410, 279, 4396, 2999, 6524, 11, 384, 1302, 2572, 362, 11, 425, 11, 356, 11, 422, 11, 518, 279, 835, 624, 14582, 25, 2160, 14722, 8697]","Hint: Please answer the question and provide the correct option letter, e.g., A, B, C, D, at the end.
Question: Is Sky Blue less than Chartreuse?
Choices:
(A) yes
(B) no"
470,MathVista_MINI,105,1,1244,1349,"[{'original_size': (1422, 854), 'target_size': (1288, 756), 'patches_h': 27, 'patches_w': 46, 'total_patches': 1242, 'image_tokens': 1242, 'total_image_tokens': 1244, 'patch_size': 28}]","[151644, 8948, 198, 2610, 525, 264, 10950, 17847, 13, 151645, 198, 151644, 872, 198, 151652, 151655, 151653, 26987, 25, 5209, 4226, 279, 3405, 323, 3410, 279, 4396, 2999, 6524, 11, 384, 1302, 2572, 362, 11, 425, 11, 356, 11, 422, 11, 518, 279, 835, 624, 14582, 25, 15920, 315, 279]","Hint: Please answer the question and provide the correct option letter, e.g., A, B, C, D, at the end.
Question: Which of the following models has the lowest KS Rollout Loss overall?
Choices:
(A) Baseline
(B) Diffusion
(C) PDE-Refiner
(D) Pushforward"
471,MathVista_MINI,94,1,93,187,"[{'original_size': (351, 190), 'target_size': (364, 196), 'patches_h': 7, 'patches_w': 13, 'total_patches': 91, 'image_tokens': 91, 'total_image_tokens': 93, 'patch_size': 28}]","[151644, 8948, 198, 2610, 525, 264, 10950, 17847, 13, 151645, 198, 151644, 872, 198, 151652, 151655, 151653, 26987, 25, 5209, 4226, 279, 3405, 22703, 458, 7546, 4226, 323, 3410, 279, 1590, 897, 11, 384, 1302, 2572, 220, 16, 11, 220, 17, 11, 220, 18, 11, 518, 279, 835, 624, 14582]","Hint: Please answer the question requiring an integer answer and provide the final value, e.g., 1, 2, 3, at the end.
Question: Lily and her friends recorded their scores while playing a board game. Which score did the greatest number of people receive?'"
472,MathVista_MINI,100,1,163,263,"[{'original_size': (633, 204), 'target_size': (644, 196), 'patches_h': 7, 'patches_w': 23, 'total_patches': 161, 'image_tokens': 161, 'total_image_tokens': 163, 'patch_size': 28}]","[151644, 8948, 198, 2610, 525, 264, 10950, 17847, 13, 151645, 198, 151644, 872, 198, 151652, 151655, 151653, 26987, 25, 5209, 4226, 279, 3405, 22703, 458, 7546, 4226, 323, 3410, 279, 1590, 897, 11, 384, 1302, 2572, 220, 16, 11, 220, 17, 11, 220, 18, 11, 518, 279, 835, 624, 14582]","Hint: Please answer the question requiring an integer answer and provide the final value, e.g., 1, 2, 3, at the end.
Question: Fill in the blank to describe the model. The model has 9 dots divided into 3 equal groups. There are (_) dots in each group."
473,MathVista_MINI,87,1,1262,1349,"[{'original_size': (2500, 2604), 'target_size': (980, 1008), 'patches_h': 36, 'patches_w': 35, 'total_patches': 1260, 'image_tokens': 1260, 'total_image_tokens': 1262, 'patch_size': 28}]","[151644, 8948, 198, 2610, 525, 264, 10950, 17847, 13, 151645, 198, 151644, 872, 198, 151652, 151655, 151653, 26987, 25, 5209, 4226, 279, 3405, 22703, 458, 7546, 4226, 323, 3410, 279, 1590, 897, 11, 384, 1302, 2572, 220, 16, 11, 220, 17, 11, 220, 18, 11, 518, 279, 835, 624, 14582]","Hint: Please answer the question requiring an integer answer and provide the final value, e.g., 1, 2, 3, at the end.
Question: What is the age gap between these two people in image? (Unit: years)"
474,MathVista_MINI,82,1,218,300,"[{'original_size': (500, 333), 'target_size': (504, 336), 'patches_h': 12, 'patches_w': 18, 'total_patches': 216, 'image_tokens': 216, 'total_image_tokens': 218, 'patch_size': 28}]","[151644, 8948, 198, 2610, 525, 264, 10950, 17847, 13, 151645, 198, 151644, 872, 198, 151652, 151655, 151653, 26987, 25, 5209, 4226, 279, 3405, 22703, 458, 7546, 4226, 323, 3410, 279, 1590, 897, 11, 384, 1302, 2572, 220, 16, 11, 220, 17, 11, 220, 18, 11, 518, 279, 835, 624, 14582]","Hint: Please answer the question requiring an integer answer and provide the final value, e.g., 1, 2, 3, at the end.
Question: How many miles per gallon do an average city bus get?"
475,MathVista_MINI,95,1,38,133,"[{'original_size': (342, 71), 'target_size': (336, 84), 'patches_h': 3, 'patches_w': 12, 'total_patches': 36, 'image_tokens': 36, 'total_image_tokens': 38, 'patch_size': 28}]","[151644, 8948, 198, 2610, 525, 264, 10950, 17847, 13, 151645, 198, 151644, 872, 198, 151652, 151655, 151653, 26987, 25, 5209, 4226, 279, 3405, 22703, 458, 7546, 4226, 323, 3410, 279, 1590, 897, 11, 384, 1302, 2572, 220, 16, 11, 220, 17, 11, 220, 18, 11, 518, 279, 835, 624, 14582]","Hint: Please answer the question requiring an integer answer and provide the final value, e.g., 1, 2, 3, at the end.
Question: Move the ruler to measure the length of the line to the nearest centimeter. The line is about (_) centimeters long."
476,MathVista_MINI,104,1,254,358,"[{'original_size': (518, 405), 'target_size': (504, 392), 'patches_h': 14, 'patches_w': 18, 'total_patches': 252, 'image_tokens': 252, 'total_image_tokens': 254, 'patch_size': 28}]","[151644, 8948, 198, 2610, 525, 264, 10950, 17847, 13, 151645, 198, 151644, 872, 198, 151652, 151655, 151653, 26987, 25, 5209, 4226, 279, 3405, 323, 3410, 279, 4396, 2999, 6524, 11, 384, 1302, 2572, 362, 11, 425, 11, 356, 11, 422, 11, 518, 279, 835, 624, 14582, 25, 1416, 89446, 1033]","Hint: Please answer the question and provide the correct option letter, e.g., A, B, C, D, at the end.
Question: If frogs were removed from this environment what animal would potentially see an increase in its population?
Choices:
(A) crickets
(B) deer
(C) snakes
(D) hawks"
477,MathVista_MINI,113,1,51,164,"[{'original_size': (203, 204), 'target_size': (196, 196), 'patches_h': 7, 'patches_w': 7, 'total_patches': 49, 'image_tokens': 49, 'total_image_tokens': 51, 'patch_size': 28}]","[151644, 8948, 198, 2610, 525, 264, 10950, 17847, 13, 151645, 198, 151644, 872, 198, 151652, 151655, 151653, 26987, 25, 5209, 4226, 279, 3405, 323, 3410, 279, 4396, 2999, 6524, 11, 384, 1302, 2572, 362, 11, 425, 11, 356, 11, 422, 11, 518, 279, 835, 624, 14582, 25, 3555, 882, 374]","Hint: Please answer the question and provide the correct option letter, e.g., A, B, C, D, at the end.
Question: What time is shown? Answer by typing a time word, not a number. It is (_) past three.
Choices:
(A) half
(B) quarter
(C) o'clock
(D) quarter to
(E) quarter past"
478,MathVista_MINI,129,1,14,143,"[{'original_size': (125, 97), 'target_size': (112, 84), 'patches_h': 3, 'patches_w': 4, 'total_patches': 12, 'image_tokens': 12, 'total_image_tokens': 14, 'patch_size': 28}]","[151644, 8948, 198, 2610, 525, 264, 10950, 17847, 13, 151645, 198, 151644, 872, 198, 151652, 151655, 151653, 26987, 25, 5209, 4226, 279, 3405, 323, 3410, 279, 4396, 2999, 6524, 11, 384, 1302, 2572, 362, 11, 425, 11, 356, 11, 422, 11, 518, 279, 835, 624, 14582, 25, 1634, 6839, 304]","Hint: Please answer the question and provide the correct option letter, e.g., A, B, C, D, at the end.
Question: As shown in the figure, in the diamond ABCD, two diagonal lines AC = 12.0, BD = 16.0, then the edge length of this diamond is ()
Choices:
(A) 10
(B) 8
(C) 6
(D) 5"
479,MathVista_MINI,94,1,632,726,"[{'original_size': (850, 600), 'target_size': (840, 588), 'patches_h': 21, 'patches_w': 30, 'total_patches': 630, 'image_tokens': 630, 'total_image_tokens': 632, 'patch_size': 28}]","[151644, 8948, 198, 2610, 525, 264, 10950, 17847, 13, 151645, 198, 151644, 872, 198, 151652, 151655, 151653, 26987, 25, 5209, 4226, 279, 3405, 22703, 264, 19057, 16574, 1372, 448, 1378, 12122, 7482, 323, 3410, 279, 1590, 897, 11, 384, 1302, 2572, 220, 16, 13, 17, 18, 11, 220, 16, 13]","Hint: Please answer the question requiring a floating-point number with two decimal places and provide the final value, e.g., 1.23, 1.34, 1.45, at the end.
Question: How many times Norway data bigger than Italy data ?"
480,MathVista_MINI,96,1,393,489,"[{'original_size': (640, 480), 'target_size': (644, 476), 'patches_h': 17, 'patches_w': 23, 'total_patches': 391, 'image_tokens': 391, 'total_image_tokens': 393, 'patch_size': 28}]","[151644, 8948, 198, 2610, 525, 264, 10950, 17847, 13, 151645, 198, 151644, 872, 198, 151652, 151655, 151653, 26987, 25, 5209, 4226, 279, 3405, 323, 3410, 279, 4396, 2999, 6524, 11, 384, 1302, 2572, 362, 11, 425, 11, 356, 11, 422, 11, 518, 279, 835, 624, 14582, 25, 2160, 279, 1372]","Hint: Please answer the question and provide the correct option letter, e.g., A, B, C, D, at the end.
Question: Is the number of tiny blue metal bicycles behind the small sedan less than the number of purple fighters?
Choices:
(A) Yes
(B) No"
481,MathVista_MINI,87,1,296,383,"[{'original_size': (592, 404), 'target_size': (588, 392), 'patches_h': 14, 'patches_w': 21, 'total_patches': 294, 'image_tokens': 294, 'total_image_tokens': 296, 'patch_size': 28}]","[151644, 8948, 198, 2610, 525, 264, 10950, 17847, 13, 151645, 198, 151644, 872, 198, 151652, 151655, 151653, 26987, 25, 5209, 4226, 279, 3405, 22703, 458, 7546, 4226, 323, 3410, 279, 1590, 897, 11, 384, 1302, 2572, 220, 16, 11, 220, 17, 11, 220, 18, 11, 518, 279, 835, 624, 14582]","Hint: Please answer the question requiring an integer answer and provide the final value, e.g., 1, 2, 3, at the end.
Question: What is the age gap between these two people in image? (Unit: years)"
482,MathVista_MINI,143,1,27,170,"[{'original_size': (143, 134), 'target_size': (140, 140), 'patches_h': 5, 'patches_w': 5, 'total_patches': 25, 'image_tokens': 25, 'total_image_tokens': 27, 'patch_size': 28}]","[151644, 8948, 198, 2610, 525, 264, 10950, 17847, 13, 151645, 198, 151644, 872, 198, 151652, 151655, 151653, 26987, 25, 5209, 4226, 279, 3405, 323, 3410, 279, 4396, 2999, 6524, 11, 384, 1302, 2572, 362, 11, 425, 11, 356, 11, 422, 11, 518, 279, 835, 624, 14582, 25, 758, 279, 7071]","Hint: Please answer the question and provide the correct option letter, e.g., A, B, C, D, at the end.
Question: In the figure above, triangle ABC is inscribed in the circle with center O and diameter AC. If AB = AO, what is the degree measure of angle ABO?
Choices:
(A) 15*\degree
(B) 30*\degree
(C) 45*\degree
(D) 60*\degree
(E) 90*\degree"
483,MathVista_MINI,166,1,32,198,"[{'original_size': (165, 129), 'target_size': (168, 140), 'patches_h': 5, 'patches_w': 6, 'total_patches': 30, 'image_tokens': 30, 'total_image_tokens': 32, 'patch_size': 28}]","[151644, 8948, 198, 2610, 525, 264, 10950, 17847, 13, 151645, 198, 151644, 872, 198, 151652, 151655, 151653, 26987, 25, 5209, 4226, 279, 3405, 323, 3410, 279, 4396, 2999, 6524, 11, 384, 1302, 2572, 362, 11, 425, 11, 356, 11, 422, 11, 518, 279, 835, 624, 14582, 25, 1634, 6839, 304]","Hint: Please answer the question and provide the correct option letter, e.g., A, B, C, D, at the end.
Question: As shown in the figure, AB is the diameter of ⊙O, point C is on ⊙O, AE is the tangent of ⊙O, A is the tangent point, connect BC and extend to intersect AE at point D. If ∠AOC = 80.0, then the degree of ∠ADB is ()
Choices:
(A) 40°
(B) 50°
(C) 60°
(D) 20°"
484,MathVista_MINI,100,1,163,263,"[{'original_size': (633, 204), 'target_size': (644, 196), 'patches_h': 7, 'patches_w': 23, 'total_patches': 161, 'image_tokens': 161, 'total_image_tokens': 163, 'patch_size': 28}]","[151644, 8948, 198, 2610, 525, 264, 10950, 17847, 13, 151645, 198, 151644, 872, 198, 151652, 151655, 151653, 26987, 25, 5209, 4226, 279, 3405, 22703, 458, 7546, 4226, 323, 3410, 279, 1590, 897, 11, 384, 1302, 2572, 220, 16, 11, 220, 17, 11, 220, 18, 11, 518, 279, 835, 624, 14582]","Hint: Please answer the question requiring an integer answer and provide the final value, e.g., 1, 2, 3, at the end.
Question: Fill in the blank to describe the model. The model has 9 dots divided into 3 equal groups. There are (_) dots in each group."
485,MathVista_MINI,148,1,34,182,"[{'original_size': (235, 110), 'target_size': (224, 112), 'patches_h': 4, 'patches_w': 8, 'total_patches': 32, 'image_tokens': 32, 'total_image_tokens': 34, 'patch_size': 28}]","[151644, 8948, 198, 2610, 525, 264, 10950, 17847, 13, 151645, 198, 151644, 872, 198, 151652, 151655, 151653, 26987, 25, 5209, 4226, 279, 3405, 323, 3410, 279, 4396, 2999, 6524, 11, 384, 1302, 2572, 362, 11, 425, 11, 356, 11, 422, 11, 518, 279, 835, 624, 14582, 25, 69372, 28029, 3837]","Hint: Please answer the question and provide the correct option letter, e.g., A, B, C, D, at the end.
Question: 如图，点D在等边△ABC的边CB的延长线上，点E在线段BC上，连接AD，AE，若DA＝DE，且∠DAB＝20°，那么∠EAC的度数为（）
Choices:
(A) 20°
(B) 15°
(C) 10°
(D) 5°"
486,MathVista_MINI,115,1,20,135,"[{'original_size': (156, 79), 'target_size': (168, 84), 'patches_h': 3, 'patches_w': 6, 'total_patches': 18, 'image_tokens': 18, 'total_image_tokens': 20, 'patch_size': 28}]","[151644, 8948, 198, 2610, 525, 264, 10950, 17847, 13, 151645, 198, 151644, 872, 198, 151652, 151655, 151653, 26987, 25, 5209, 4226, 279, 3405, 323, 3410, 279, 4396, 2999, 6524, 11, 384, 1302, 2572, 362, 11, 425, 11, 356, 11, 422, 11, 518, 279, 835, 624, 14582, 25, 69372, 28029, 96050]","Hint: Please answer the question and provide the correct option letter, e.g., A, B, C, D, at the end.
Question: 如图，在ABCD中，AB＝5，AD＝7，则ABCD的周长为（）
Choices:
(A) 12
(B) 14
(C) 35
(D) 24"
487,MathVista_MINI,99,1,393,492,"[{'original_size': (640, 480), 'target_size': (644, 476), 'patches_h': 17, 'patches_w': 23, 'total_patches': 391, 'image_tokens': 391, 'total_image_tokens': 393, 'patch_size': 28}]","[151644, 8948, 198, 2610, 525, 264, 10950, 17847, 13, 151645, 198, 151644, 872, 198, 151652, 151655, 151653, 26987, 25, 5209, 4226, 279, 3405, 323, 3410, 279, 4396, 2999, 6524, 11, 384, 1302, 2572, 362, 11, 425, 11, 356, 11, 422, 11, 518, 279, 835, 624, 14582, 25, 8713, 1052, 16745]","Hint: Please answer the question and provide the correct option letter, e.g., A, B, C, D, at the end.
Question: Are there fewer big cars behind the small brown shiny mountain bike than tiny objects on the right side of the bus?
Choices:
(A) Yes
(B) No"
488,MathVista_MINI,88,1,101,189,"[{'original_size': (320, 240), 'target_size': (308, 252), 'patches_h': 9, 'patches_w': 11, 'total_patches': 99, 'image_tokens': 99, 'total_image_tokens': 101, 'patch_size': 28}]","[151644, 8948, 198, 2610, 525, 264, 10950, 17847, 13, 151645, 198, 151644, 872, 198, 151652, 151655, 151653, 26987, 25, 5209, 4226, 279, 3405, 22703, 458, 7546, 4226, 323, 3410, 279, 1590, 897, 11, 384, 1302, 2572, 220, 16, 11, 220, 17, 11, 220, 18, 11, 518, 279, 835, 624, 14582]","Hint: Please answer the question requiring an integer answer and provide the final value, e.g., 1, 2, 3, at the end.
Question: Subtract all brown things. Subtract all tiny blue metallic objects. How many objects are left?"
489,MathVista_MINI,107,1,167,274,"[{'original_size': (426, 297), 'target_size': (420, 308), 'patches_h': 11, 'patches_w': 15, 'total_patches': 165, 'image_tokens': 165, 'total_image_tokens': 167, 'patch_size': 28}]","[151644, 8948, 198, 2610, 525, 264, 10950, 17847, 13, 151645, 198, 151644, 872, 198, 151652, 151655, 151653, 26987, 25, 5209, 4226, 279, 3405, 22703, 458, 7546, 4226, 323, 3410, 279, 1590, 897, 11, 384, 1302, 2572, 220, 16, 11, 220, 17, 11, 220, 18, 11, 518, 279, 835, 624, 14582]","Hint: Please answer the question requiring an integer answer and provide the final value, e.g., 1, 2, 3, at the end.
Question: For trapezoid ABCD shown above, AB = 24, AD = 23, and BC = 16. What is the length of segment CD?"
490,MathVista_MINI,132,1,20,152,"[{'original_size': (155, 88), 'target_size': (168, 84), 'patches_h': 3, 'patches_w': 6, 'total_patches': 18, 'image_tokens': 18, 'total_image_tokens': 20, 'patch_size': 28}]","[151644, 8948, 198, 2610, 525, 264, 10950, 17847, 13, 151645, 198, 151644, 872, 198, 151652, 151655, 151653, 26987, 25, 5209, 4226, 279, 3405, 323, 3410, 279, 4396, 2999, 6524, 11, 384, 1302, 2572, 362, 11, 425, 11, 356, 11, 422, 11, 518, 279, 835, 624, 14582, 25, 69372, 28029, 3837]","Hint: Please answer the question and provide the correct option letter, e.g., A, B, C, D, at the end.
Question: 如图，点A、C、B在同一直线上，DC⊥EC，若∠BCD＝40°，则∠ACE的度数是（）
Choices:
(A) 30°
(B) 40°
(C) 50°
(D) 60°"
491,MathVista_MINI,83,1,268,351,"[{'original_size': (540, 400), 'target_size': (532, 392), 'patches_h': 14, 'patches_w': 19, 'total_patches': 266, 'image_tokens': 266, 'total_image_tokens': 268, 'patch_size': 28}]","[151644, 8948, 198, 2610, 525, 264, 10950, 17847, 13, 151645, 198, 151644, 872, 198, 151652, 151655, 151653, 26987, 25, 5209, 4226, 279, 3405, 323, 3410, 279, 4396, 2999, 6524, 11, 384, 1302, 2572, 362, 11, 425, 11, 356, 11, 422, 11, 518, 279, 835, 624, 14582, 25, 2160, 12258, 8697]","Hint: Please answer the question and provide the correct option letter, e.g., A, B, C, D, at the end.
Question: Is Dark Blue the high median?
Choices:
(A) yes
(B) no"
492,MathVista_MINI,160,1,44,204,"[{'original_size': (203, 158), 'target_size': (196, 168), 'patches_h': 6, 'patches_w': 7, 'total_patches': 42, 'image_tokens': 42, 'total_image_tokens': 44, 'patch_size': 28}]","[151644, 8948, 198, 2610, 525, 264, 10950, 17847, 13, 151645, 198, 151644, 872, 198, 151652, 151655, 151653, 26987, 25, 5209, 4226, 279, 3405, 323, 3410, 279, 4396, 2999, 6524, 11, 384, 1302, 2572, 362, 11, 425, 11, 356, 11, 422, 11, 518, 279, 835, 624, 14582, 25, 1634, 6839, 304]","Hint: Please answer the question and provide the correct option letter, e.g., A, B, C, D, at the end.
Question: As shown in the figure, in the ⊙O with a radius of 2.0, C is a point on the extended line of the diameter AB, CD is tangent to the circle at point D. Connect AD, given that ∠DAC = 30.0, the length of the line segment CD is ()
Choices:
(A) 1
(B) √{3}
(C) 2
(D) 2√{3}"
493,MathVista_MINI,85,1,872,957,"[{'original_size': (800, 847), 'target_size': (812, 840), 'patches_h': 30, 'patches_w': 29, 'total_patches': 870, 'image_tokens': 870, 'total_image_tokens': 872, 'patch_size': 28}]","[151644, 8948, 198, 2610, 525, 264, 10950, 17847, 13, 151645, 198, 151644, 872, 198, 151652, 151655, 151653, 26987, 25, 5209, 4226, 279, 3405, 323, 3410, 279, 4396, 2999, 6524, 11, 384, 1302, 2572, 362, 11, 425, 11, 356, 11, 422, 11, 518, 279, 835, 624, 14582, 25, 2160, 279, 729]","Hint: Please answer the question and provide the correct option letter, e.g., A, B, C, D, at the end.
Question: Is the function differentiable at every point?
Choices:
(A) Yes
(B) No"
494,MathVista_MINI,95,1,38,133,"[{'original_size': (342, 97), 'target_size': (336, 84), 'patches_h': 3, 'patches_w': 12, 'total_patches': 36, 'image_tokens': 36, 'total_image_tokens': 38, 'patch_size': 28}]","[151644, 8948, 198, 2610, 525, 264, 10950, 17847, 13, 151645, 198, 151644, 872, 198, 151652, 151655, 151653, 26987, 25, 5209, 4226, 279, 3405, 22703, 458, 7546, 4226, 323, 3410, 279, 1590, 897, 11, 384, 1302, 2572, 220, 16, 11, 220, 17, 11, 220, 18, 11, 518, 279, 835, 624, 14582]","Hint: Please answer the question requiring an integer answer and provide the final value, e.g., 1, 2, 3, at the end.
Question: Move the ruler to measure the length of the line to the nearest centimeter. The line is about (_) centimeters long."
495,MathVista_MINI,97,1,393,490,"[{'original_size': (640, 480), 'target_size': (644, 476), 'patches_h': 17, 'patches_w': 23, 'total_patches': 391, 'image_tokens': 391, 'total_image_tokens': 393, 'patch_size': 28}]","[151644, 8948, 198, 2610, 525, 264, 10950, 17847, 13, 151645, 198, 151644, 872, 198, 151652, 151655, 151653, 26987, 25, 5209, 4226, 279, 3405, 323, 3410, 279, 4396, 2999, 6524, 11, 384, 1302, 2572, 362, 11, 425, 11, 356, 11, 422, 11, 518, 279, 835, 624, 14582, 25, 8713, 1052, 16745]","Hint: Please answer the question and provide the correct option letter, e.g., A, B, C, D, at the end.
Question: Are there fewer green things in front of the blue metallic car than choppers right of the chopper?
Choices:
(A) Yes
(B) No"
496,MathVista_MINI,84,1,258,342,"[{'original_size': (448, 448), 'target_size': (448, 448), 'patches_h': 16, 'patches_w': 16, 'total_patches': 256, 'image_tokens': 256, 'total_image_tokens': 258, 'patch_size': 28}]","[151644, 8948, 198, 2610, 525, 264, 10950, 17847, 13, 151645, 198, 151644, 872, 198, 151652, 151655, 151653, 26987, 25, 5209, 4226, 279, 3405, 22703, 458, 7546, 4226, 323, 3410, 279, 1590, 897, 11, 384, 1302, 2572, 220, 16, 11, 220, 17, 11, 220, 18, 11, 518, 279, 835, 624, 14582]","Hint: Please answer the question requiring an integer answer and provide the final value, e.g., 1, 2, 3, at the end.
Question: What is the value of the smallest individual bar in the whole chart?"
497,MathVista_MINI,79,1,258,337,"[{'original_size': (448, 448), 'target_size': (448, 448), 'patches_h': 16, 'patches_w': 16, 'total_patches': 256, 'image_tokens': 256, 'total_image_tokens': 258, 'patch_size': 28}]","[151644, 8948, 198, 2610, 525, 264, 10950, 17847, 13, 151645, 198, 151644, 872, 198, 151652, 151655, 151653, 26987, 25, 5209, 4226, 279, 3405, 22703, 458, 7546, 4226, 323, 3410, 279, 1590, 897, 11, 384, 1302, 2572, 220, 16, 11, 220, 17, 11, 220, 18, 11, 518, 279, 835, 624, 14582]","Hint: Please answer the question requiring an integer answer and provide the final value, e.g., 1, 2, 3, at the end.
Question: What is the value of the largest bar?"
498,MathVista_MINI,82,1,393,475,"[{'original_size': (640, 478), 'target_size': (644, 476), 'patches_h': 17, 'patches_w': 23, 'total_patches': 391, 'image_tokens': 391, 'total_image_tokens': 393, 'patch_size': 28}]","[151644, 8948, 198, 2610, 525, 264, 10950, 17847, 13, 151645, 198, 151644, 872, 198, 151652, 151655, 151653, 26987, 25, 5209, 4226, 279, 3405, 323, 3410, 279, 4396, 2999, 6524, 11, 384, 1302, 2572, 362, 11, 425, 11, 356, 11, 422, 11, 518, 279, 835, 624, 14582, 25, 2160, 279, 3015]","Hint: Please answer the question and provide the correct option letter, e.g., A, B, C, D, at the end.
Question: Is the water half full?
Choices:
(A) Yes
(B) No"
499,MathVista_MINI,121,1,242,363,"[{'original_size': (559, 323), 'target_size': (560, 336), 'patches_h': 12, 'patches_w': 20, 'total_patches': 240, 'image_tokens': 240, 'total_image_tokens': 242, 'patch_size': 28}]","[151644, 8948, 198, 2610, 525, 264, 10950, 17847, 13, 151645, 198, 151644, 872, 198, 151652, 151655, 151653, 26987, 25, 5209, 4226, 279, 3405, 323, 3410, 279, 4396, 2999, 6524, 11, 384, 1302, 2572, 362, 11, 425, 11, 356, 11, 422, 11, 518, 279, 835, 624, 14582, 25, 63948, 42939, 400]","Hint: Please answer the question and provide the correct option letter, e.g., A, B, C, D, at the end.
Question: Quadrilateral $ABDC$ is a rectangle. If $m\angle1 = 38$, find $m \angle 2$
Choices:
(A) 33
(B) 38
(C) 52
(D) 87"
500,MathVista_MINI,87,1,1242,1329,"[{'original_size': (987, 1236), 'target_size': (868, 1120), 'patches_h': 40, 'patches_w': 31, 'total_patches': 1240, 'image_tokens': 1240, 'total_image_tokens': 1242, 'patch_size': 28}]","[151644, 8948, 198, 2610, 525, 264, 10950, 17847, 13, 151645, 198, 151644, 872, 198, 151652, 151655, 151653, 26987, 25, 5209, 4226, 279, 3405, 22703, 458, 7546, 4226, 323, 3410, 279, 1590, 897, 11, 384, 1302, 2572, 220, 16, 11, 220, 17, 11, 220, 18, 11, 518, 279, 835, 624, 14582]","Hint: Please answer the question requiring an integer answer and provide the final value, e.g., 1, 2, 3, at the end.
Question: What is the age gap between these two people in image? (Unit: years)"
501,MathVista_MINI,88,1,101,189,"[{'original_size': (320, 240), 'target_size': (308, 252), 'patches_h': 9, 'patches_w': 11, 'total_patches': 99, 'image_tokens': 99, 'total_image_tokens': 101, 'patch_size': 28}]","[151644, 8948, 198, 2610, 525, 264, 10950, 17847, 13, 151645, 198, 151644, 872, 198, 151652, 151655, 151653, 26987, 25, 5209, 4226, 279, 3405, 22703, 458, 7546, 4226, 323, 3410, 279, 1590, 897, 11, 384, 1302, 2572, 220, 16, 11, 220, 17, 11, 220, 18, 11, 518, 279, 835, 624, 14582]","Hint: Please answer the question requiring an integer answer and provide the final value, e.g., 1, 2, 3, at the end.
Question: Subtract all big red rubber cylinders. Subtract all blue objects. How many objects are left?"
502,MathVista_MINI,100,1,393,493,"[{'original_size': (640, 480), 'target_size': (644, 476), 'patches_h': 17, 'patches_w': 23, 'total_patches': 391, 'image_tokens': 391, 'total_image_tokens': 393, 'patch_size': 28}]","[151644, 8948, 198, 2610, 525, 264, 10950, 17847, 13, 151645, 198, 151644, 872, 198, 151652, 151655, 151653, 26987, 25, 5209, 4226, 279, 3405, 323, 3410, 279, 4396, 2999, 6524, 11, 384, 1302, 2572, 362, 11, 425, 11, 356, 11, 422, 11, 518, 279, 835, 624, 14582, 25, 8713, 1052, 16745]","Hint: Please answer the question and provide the correct option letter, e.g., A, B, C, D, at the end.
Question: Are there fewer tandem bikes that are behind the brown metal bicycle than matte trucks on the left side of the green object?
Choices:
(A) Yes
(B) No"
503,MathVista_MINI,89,1,98,187,"[{'original_size': (338, 225), 'target_size': (336, 224), 'patches_h': 8, 'patches_w': 12, 'total_patches': 96, 'image_tokens': 96, 'total_image_tokens': 98, 'patch_size': 28}]","[151644, 8948, 198, 2610, 525, 264, 10950, 17847, 13, 151645, 198, 151644, 872, 198, 151652, 151655, 151653, 26987, 25, 5209, 4226, 279, 3405, 22703, 458, 7546, 4226, 323, 3410, 279, 1590, 897, 11, 384, 1302, 2572, 220, 16, 11, 220, 17, 11, 220, 18, 11, 518, 279, 835, 624, 14582]","Hint: Please answer the question requiring an integer answer and provide the final value, e.g., 1, 2, 3, at the end.
Question: What is the age gap between the leftmost and the center person? (Unit: years)"
504,MathVista_MINI,144,1,14,158,"[{'original_size': (117, 86), 'target_size': (112, 84), 'patches_h': 3, 'patches_w': 4, 'total_patches': 12, 'image_tokens': 12, 'total_image_tokens': 14, 'patch_size': 28}]","[151644, 8948, 198, 2610, 525, 264, 10950, 17847, 13, 151645, 198, 151644, 872, 198, 151652, 151655, 151653, 26987, 25, 5209, 4226, 279, 3405, 323, 3410, 279, 4396, 2999, 6524, 11, 384, 1302, 2572, 362, 11, 425, 11, 356, 11, 422, 11, 518, 279, 835, 624, 14582, 25, 1634, 6839, 304]","Hint: Please answer the question and provide the correct option letter, e.g., A, B, C, D, at the end.
Question: As shown in the figure, D and E are the points on the edges AB and AC of △ABC, DE ∥ BC, if AD:DB=1.0:3.0, AE = 2.0, then the length of AC is ()
Choices:
(A) 10
(B) 8
(C) 6
(D) 4"
505,MathVista_MINI,132,1,14,146,"[{'original_size': (100, 92), 'target_size': (112, 84), 'patches_h': 3, 'patches_w': 4, 'total_patches': 12, 'image_tokens': 12, 'total_image_tokens': 14, 'patch_size': 28}]","[151644, 8948, 198, 2610, 525, 264, 10950, 17847, 13, 151645, 198, 151644, 872, 198, 151652, 151655, 151653, 26987, 25, 5209, 4226, 279, 3405, 323, 3410, 279, 4396, 2999, 6524, 11, 384, 1302, 2572, 362, 11, 425, 11, 356, 11, 422, 11, 518, 279, 835, 624, 14582, 25, 1634, 6839, 304]","Hint: Please answer the question and provide the correct option letter, e.g., A, B, C, D, at the end.
Question: As shown in the figure, in the circle O with a radius of 5.0, the length of the chord AB is 8.0, then the distance from the center O to the chord AB is ()
Choices:
(A) 3
(B) 4
(C) 5
(D) 6"
506,MathVista_MINI,102,1,632,734,"[{'original_size': (850, 600), 'target_size': (840, 588), 'patches_h': 21, 'patches_w': 30, 'total_patches': 630, 'image_tokens': 630, 'total_image_tokens': 632, 'patch_size': 28}]","[151644, 8948, 198, 2610, 525, 264, 10950, 17847, 13, 151645, 198, 151644, 872, 198, 151652, 151655, 151653, 26987, 25, 5209, 4226, 279, 3405, 22703, 264, 13027, 1140, 438, 458, 4226, 323, 3410, 279, 1590, 1140, 11, 384, 1302, 2572, 508, 16, 11, 220, 17, 11, 220, 18, 1125, 508, 16]","Hint: Please answer the question requiring a Python list as an answer and provide the final list, e.g., [1, 2, 3], [1.2, 1.3, 1.4], at the end.
Question: Between which two years does the line  graph saw its maximum peak?"
507,MathVista_MINI,102,1,275,377,"[{'original_size': (600, 375), 'target_size': (588, 364), 'patches_h': 13, 'patches_w': 21, 'total_patches': 273, 'image_tokens': 273, 'total_image_tokens': 275, 'patch_size': 28}]","[151644, 8948, 198, 2610, 525, 264, 10950, 17847, 13, 151645, 198, 151644, 872, 198, 151652, 151655, 151653, 26987, 25, 5209, 4226, 279, 3405, 323, 3410, 279, 4396, 2999, 6524, 11, 384, 1302, 2572, 362, 11, 425, 11, 356, 11, 422, 11, 518, 279, 835, 624, 14582, 25, 3555, 1035, 3537]","Hint: Please answer the question and provide the correct option letter, e.g., A, B, C, D, at the end.
Question: What would happen if the hawk population increased?
Choices:
(A) mice would increase
(B) sparrows increased
(C) garter snakes would decrease
(D) grass decreased"
508,MathVista_MINI,98,1,74,172,"[{'original_size': (241, 218), 'target_size': (252, 224), 'patches_h': 8, 'patches_w': 9, 'total_patches': 72, 'image_tokens': 72, 'total_image_tokens': 74, 'patch_size': 28}]","[151644, 8948, 198, 2610, 525, 264, 10950, 17847, 13, 151645, 198, 151644, 872, 198, 151652, 151655, 151653, 26987, 25, 5209, 4226, 279, 3405, 22703, 458, 7546, 4226, 323, 3410, 279, 1590, 897, 11, 384, 1302, 2572, 220, 16, 11, 220, 17, 11, 220, 18, 11, 518, 279, 835, 624, 14582]","Hint: Please answer the question requiring an integer answer and provide the final value, e.g., 1, 2, 3, at the end.
Question: The owner of a bed and breakfast inn recalled how many guests the inn had hosted each day. What is the median of the numbers?'"
509,MathVista_MINI,84,1,198,282,"[{'original_size': (400, 400), 'target_size': (392, 392), 'patches_h': 14, 'patches_w': 14, 'total_patches': 196, 'image_tokens': 196, 'total_image_tokens': 198, 'patch_size': 28}]","[151644, 8948, 198, 2610, 525, 264, 10950, 17847, 13, 151645, 198, 151644, 872, 198, 151652, 151655, 151653, 26987, 25, 5209, 4226, 279, 3405, 323, 3410, 279, 4396, 2999, 6524, 11, 384, 1302, 2572, 362, 11, 425, 11, 356, 11, 422, 11, 518, 279, 835, 624, 14582, 25, 2160, 32060, 295]","Hint: Please answer the question and provide the correct option letter, e.g., A, B, C, D, at the end.
Question: Is Cadet Blue the high median?
Choices:
(A) yes
(B) no"
510,MathVista_MINI,147,1,30,177,"[{'original_size': (119, 186), 'target_size': (112, 196), 'patches_h': 7, 'patches_w': 4, 'total_patches': 28, 'image_tokens': 28, 'total_image_tokens': 30, 'patch_size': 28}]","[151644, 8948, 198, 2610, 525, 264, 10950, 17847, 13, 151645, 198, 151644, 872, 198, 151652, 151655, 151653, 26987, 25, 5209, 4226, 279, 3405, 323, 3410, 279, 4396, 2999, 6524, 11, 384, 1302, 2572, 362, 11, 425, 11, 356, 11, 422, 11, 518, 279, 835, 624, 14582, 25, 1634, 6839, 304]","Hint: Please answer the question and provide the correct option letter, e.g., A, B, C, D, at the end.
Question: As shown in the figure, in Rt△ABC, ∠C = 90.0, AC = 4.0, AB = 5.0, then the value of sinB is ()
Choices:
(A) \frac{2}{3}
(B) \frac{3}{5}
(C) \frac{3}{4}
(D) \frac{4}{5}"
511,MathVista_MINI,83,1,258,341,"[{'original_size': (448, 448), 'target_size': (448, 448), 'patches_h': 16, 'patches_w': 16, 'total_patches': 256, 'image_tokens': 256, 'total_image_tokens': 258, 'patch_size': 28}]","[151644, 8948, 198, 2610, 525, 264, 10950, 17847, 13, 151645, 198, 151644, 872, 198, 151652, 151655, 151653, 26987, 25, 5209, 4226, 279, 3405, 22703, 458, 7546, 4226, 323, 3410, 279, 1590, 897, 11, 384, 1302, 2572, 220, 16, 11, 220, 17, 11, 220, 18, 11, 518, 279, 835, 624, 14582]","Hint: Please answer the question requiring an integer answer and provide the final value, e.g., 1, 2, 3, at the end.
Question: How many people like the most preferred object in the whole chart?"
512,MathVista_MINI,114,1,236,350,"[{'original_size': (497, 356), 'target_size': (504, 364), 'patches_h': 13, 'patches_w': 18, 'total_patches': 234, 'image_tokens': 234, 'total_image_tokens': 236, 'patch_size': 28}]","[151644, 8948, 198, 2610, 525, 264, 10950, 17847, 13, 151645, 198, 151644, 872, 198, 151652, 151655, 151653, 26987, 25, 5209, 4226, 279, 3405, 22703, 264, 19057, 16574, 1372, 448, 1378, 12122, 7482, 323, 3410, 279, 1590, 897, 11, 384, 1302, 2572, 220, 16, 13, 17, 18, 11, 220, 16, 13]","Hint: Please answer the question requiring a floating-point number with two decimal places and provide the final value, e.g., 1.23, 1.34, 1.45, at the end.
Question: What is the y coordinate of the center of mass of the isosceles right triangle of uniform areal density shown in Figure 9-C?"
513,MathVista_MINI,145,1,452,597,"[{'original_size': (700, 500), 'target_size': (700, 504), 'patches_h': 18, 'patches_w': 25, 'total_patches': 450, 'image_tokens': 450, 'total_image_tokens': 452, 'patch_size': 28}]","[151644, 8948, 198, 2610, 525, 264, 10950, 17847, 13, 151645, 198, 151644, 872, 198, 151652, 151655, 151653, 26987, 25, 5209, 4226, 279, 3405, 323, 3410, 279, 4396, 2999, 6524, 11, 384, 1302, 2572, 362, 11, 425, 11, 356, 11, 422, 11, 518, 279, 835, 624, 14582, 25, 3555, 374, 279]","Hint: Please answer the question and provide the correct option letter, e.g., A, B, C, D, at the end.
Question: What is the highest value in states that border West Virginia ?
Choices:
(A) 43.2%-63.6%
(B) 45.2%-65.6%
(C) 42.2%-62.6%
(D) 41.2%-61.6%
(E) 44.2%-64.6%"
514,MathVista_MINI,108,1,162,270,"[{'original_size': (559, 236), 'target_size': (560, 224), 'patches_h': 8, 'patches_w': 20, 'total_patches': 160, 'image_tokens': 160, 'total_image_tokens': 162, 'patch_size': 28}]","[151644, 8948, 198, 2610, 525, 264, 10950, 17847, 13, 151645, 198, 151644, 872, 198, 151652, 151655, 151653, 26987, 25, 5209, 4226, 279, 3405, 323, 3410, 279, 4396, 2999, 6524, 11, 384, 1302, 2572, 362, 11, 425, 11, 356, 11, 422, 11, 518, 279, 835, 624, 14582, 25, 1416, 498, 4829]","Hint: Please answer the question and provide the correct option letter, e.g., A, B, C, D, at the end.
Question: If you wanted the leaf with the least main veins, which would you choose?
Choices:
(A) 3 main veins
(B) pinnate
(C) reticulate
(D) palmate"
515,MathVista_MINI,104,1,282,386,"[{'original_size': (398, 549), 'target_size': (392, 560), 'patches_h': 20, 'patches_w': 14, 'total_patches': 280, 'image_tokens': 280, 'total_image_tokens': 282, 'patch_size': 28}]","[151644, 8948, 198, 2610, 525, 264, 10950, 17847, 13, 151645, 198, 151644, 872, 198, 151652, 151655, 151653, 26987, 25, 5209, 4226, 279, 3405, 323, 3410, 279, 4396, 2999, 6524, 11, 384, 1302, 2572, 362, 11, 425, 11, 356, 11, 422, 11, 518, 279, 835, 624, 14582, 25, 1446, 1035, 13581]","Hint: Please answer the question and provide the correct option letter, e.g., A, B, C, D, at the end.
Question: You would potentially see a decrease in which organism if gulls disappeared?
Choices:
(A) herring
(B) kril
(C) anchovy
(D) phytoplankton"
516,MathVista_MINI,83,1,218,301,"[{'original_size': (339, 500), 'target_size': (336, 504), 'patches_h': 18, 'patches_w': 12, 'total_patches': 216, 'image_tokens': 216, 'total_image_tokens': 218, 'patch_size': 28}]","[151644, 8948, 198, 2610, 525, 264, 10950, 17847, 13, 151645, 198, 151644, 872, 198, 151652, 151655, 151653, 26987, 25, 5209, 4226, 279, 3405, 323, 3410, 279, 4396, 2999, 6524, 11, 384, 1302, 2572, 362, 11, 425, 11, 356, 11, 422, 11, 518, 279, 835, 624, 14582, 25, 8713, 1429, 279]","Hint: Please answer the question and provide the correct option letter, e.g., A, B, C, D, at the end.
Question: Are most the stepping stones square?
Choices:
(A) Yes
(B) No"
517,MathVista_MINI,128,1,82,210,"[{'original_size': (275, 218), 'target_size': (280, 224), 'patches_h': 8, 'patches_w': 10, 'total_patches': 80, 'image_tokens': 80, 'total_image_tokens': 82, 'patch_size': 28}]","[151644, 8948, 198, 2610, 525, 264, 10950, 17847, 13, 151645, 198, 151644, 872, 198, 151652, 151655, 151653, 26987, 25, 5209, 4226, 279, 3405, 22703, 458, 7546, 4226, 323, 3410, 279, 1590, 897, 11, 384, 1302, 2572, 220, 16, 11, 220, 17, 11, 220, 18, 11, 518, 279, 835, 624, 14582]","Hint: Please answer the question requiring an integer answer and provide the final value, e.g., 1, 2, 3, at the end.
Question: At Bloomington Consulting, the head of human resources examined how the number of employees with health care benefits varied in response to policy changes. According to the table, what was the rate of change between 2014 and 2015? (Unit: employees per year)"
518,MathVista_MINI,87,1,1242,1329,"[{'original_size': (2838, 2211), 'target_size': (1120, 868), 'patches_h': 31, 'patches_w': 40, 'total_patches': 1240, 'image_tokens': 1240, 'total_image_tokens': 1242, 'patch_size': 28}]","[151644, 8948, 198, 2610, 525, 264, 10950, 17847, 13, 151645, 198, 151644, 872, 198, 151652, 151655, 151653, 26987, 25, 5209, 4226, 279, 3405, 22703, 458, 7546, 4226, 323, 3410, 279, 1590, 897, 11, 384, 1302, 2572, 220, 16, 11, 220, 17, 11, 220, 18, 11, 518, 279, 835, 624, 14582]","Hint: Please answer the question requiring an integer answer and provide the final value, e.g., 1, 2, 3, at the end.
Question: What is the age gap between these two people in image? (Unit: years)"
519,MathVista_MINI,81,1,1022,1103,"[{'original_size': (948, 852), 'target_size': (952, 840), 'patches_h': 30, 'patches_w': 34, 'total_patches': 1020, 'image_tokens': 1020, 'total_image_tokens': 1022, 'patch_size': 28}]","[151644, 8948, 198, 2610, 525, 264, 10950, 17847, 13, 151645, 198, 151644, 872, 198, 151652, 151655, 151653, 26987, 25, 5209, 4226, 279, 3405, 22703, 458, 7546, 4226, 323, 3410, 279, 1590, 897, 11, 384, 1302, 2572, 220, 16, 11, 220, 17, 11, 220, 18, 11, 518, 279, 835, 624, 14582]","Hint: Please answer the question requiring an integer answer and provide the final value, e.g., 1, 2, 3, at the end.
Question: How many Triangles do you see in the picture?"
520,MathVista_MINI,88,1,366,454,"[{'original_size': (741, 400), 'target_size': (728, 392), 'patches_h': 14, 'patches_w': 26, 'total_patches': 364, 'image_tokens': 364, 'total_image_tokens': 366, 'patch_size': 28}]","[151644, 8948, 198, 2610, 525, 264, 10950, 17847, 13, 151645, 198, 151644, 872, 198, 151652, 151655, 151653, 26987, 25, 5209, 4226, 279, 3405, 323, 3410, 279, 4396, 2999, 6524, 11, 384, 1302, 2572, 362, 11, 425, 11, 356, 11, 422, 11, 518, 279, 835, 624, 14582, 25, 12553, 12258, 6879]","Hint: Please answer the question and provide the correct option letter, e.g., A, B, C, D, at the end.
Question: Does Dark Magenta have the maximum area under the curve?
Choices:
(A) yes
(B) no"
521,MathVista_MINI,141,1,18,159,"[{'original_size': (120, 100), 'target_size': (112, 112), 'patches_h': 4, 'patches_w': 4, 'total_patches': 16, 'image_tokens': 16, 'total_image_tokens': 18, 'patch_size': 28}]","[151644, 8948, 198, 2610, 525, 264, 10950, 17847, 13, 151645, 198, 151644, 872, 198, 151652, 151655, 151653, 26987, 25, 5209, 4226, 279, 3405, 323, 3410, 279, 4396, 2999, 6524, 11, 384, 1302, 2572, 362, 11, 425, 11, 356, 11, 422, 11, 518, 279, 835, 624, 14582, 25, 1634, 6839, 304]","Hint: Please answer the question and provide the correct option letter, e.g., A, B, C, D, at the end.
Question: As shown in the figure, AB is the diameter of ⊙O, point C is a point on ⊙O, ∠C = 20.0, then the degree of ∠BOC is ()
Choices:
(A) 20°
(B) 30°
(C) 40°
(D) 60°"
522,MathVista_MINI,95,1,38,133,"[{'original_size': (342, 86), 'target_size': (336, 84), 'patches_h': 3, 'patches_w': 12, 'total_patches': 36, 'image_tokens': 36, 'total_image_tokens': 38, 'patch_size': 28}]","[151644, 8948, 198, 2610, 525, 264, 10950, 17847, 13, 151645, 198, 151644, 872, 198, 151652, 151655, 151653, 26987, 25, 5209, 4226, 279, 3405, 22703, 458, 7546, 4226, 323, 3410, 279, 1590, 897, 11, 384, 1302, 2572, 220, 16, 11, 220, 17, 11, 220, 18, 11, 518, 279, 835, 624, 14582]","Hint: Please answer the question requiring an integer answer and provide the final value, e.g., 1, 2, 3, at the end.
Question: Move the ruler to measure the length of the line to the nearest centimeter. The line is about (_) centimeters long."
523,MathVista_MINI,204,1,62,266,"[{'original_size': (285, 179), 'target_size': (280, 168), 'patches_h': 6, 'patches_w': 10, 'total_patches': 60, 'image_tokens': 60, 'total_image_tokens': 62, 'patch_size': 28}]","[151644, 8948, 198, 2610, 525, 264, 10950, 17847, 13, 151645, 198, 151644, 872, 198, 151652, 151655, 151653, 26987, 25, 5209, 4226, 279, 3405, 323, 3410, 279, 4396, 2999, 6524, 11, 384, 1302, 2572, 362, 11, 425, 11, 356, 11, 422, 11, 518, 279, 835, 624, 14582, 25, 1634, 6839, 304]","Hint: Please answer the question and provide the correct option letter, e.g., A, B, C, D, at the end.
Question: As shown in the figure, a teaching interest group wants to measure the height of a tree CD. They firstly measured the elevation angle of the tree top C at point A as 30.0, and then proceeded 10.0 along the direction of AD to point B, and the elevation angle of tree top C measured at B is 60.0  (the three points A, B, and D are on the same straight line), then the height of the tree CD is ()
Choices:
(A) 10m
(B) 5m
(C) 5√{3}m
(D) 10√{3}m"
524,MathVista_MINI,103,1,80,183,"[{'original_size': (351, 163), 'target_size': (364, 168), 'patches_h': 6, 'patches_w': 13, 'total_patches': 78, 'image_tokens': 78, 'total_image_tokens': 80, 'patch_size': 28}]","[151644, 8948, 198, 2610, 525, 264, 10950, 17847, 13, 151645, 198, 151644, 872, 198, 151652, 151655, 151653, 26987, 25, 5209, 4226, 279, 3405, 22703, 458, 7546, 4226, 323, 3410, 279, 1590, 897, 11, 384, 1302, 2572, 220, 16, 11, 220, 17, 11, 220, 18, 11, 518, 279, 835, 624, 14582]","Hint: Please answer the question requiring an integer answer and provide the final value, e.g., 1, 2, 3, at the end.
Question: The Kingwood Ski Resort asked its guests how many times they went sledding last winter. How many guests went sledding more than 2 times?'"
525,MathVista_MINI,84,1,1242,1326,"[{'original_size': (1711, 2209), 'target_size': (868, 1120), 'patches_h': 40, 'patches_w': 31, 'total_patches': 1240, 'image_tokens': 1240, 'total_image_tokens': 1242, 'patch_size': 28}]","[151644, 8948, 198, 2610, 525, 264, 10950, 17847, 13, 151645, 198, 151644, 872, 198, 151652, 151655, 151653, 26987, 25, 5209, 4226, 279, 3405, 22703, 458, 7546, 4226, 323, 3410, 279, 1590, 897, 11, 384, 1302, 2572, 220, 16, 11, 220, 17, 11, 220, 18, 11, 518, 279, 835, 624, 14582]","Hint: Please answer the question requiring an integer answer and provide the final value, e.g., 1, 2, 3, at the end.
Question: What is the lowest value shown on the X axis of first plot?"
526,MathVista_MINI,88,1,38,126,"[{'original_size': (253, 104), 'target_size': (252, 112), 'patches_h': 4, 'patches_w': 9, 'total_patches': 36, 'image_tokens': 36, 'total_image_tokens': 38, 'patch_size': 28}]","[151644, 8948, 198, 2610, 525, 264, 10950, 17847, 13, 151645, 198, 151644, 872, 198, 151652, 151655, 151653, 26987, 25, 5209, 4226, 279, 3405, 323, 3410, 279, 4396, 2999, 6524, 11, 384, 1302, 2572, 362, 11, 425, 11, 356, 11, 422, 11, 518, 279, 835, 624, 14582, 25, 3555, 702, 1012]","Hint: Please answer the question and provide the correct option letter, e.g., A, B, C, D, at the end.
Question: What has been done to this letter?
Choices:
(A) slide
(B) flip
(C) turn"
527,MathVista_MINI,100,1,393,493,"[{'original_size': (640, 480), 'target_size': (644, 476), 'patches_h': 17, 'patches_w': 23, 'total_patches': 391, 'image_tokens': 391, 'total_image_tokens': 393, 'patch_size': 28}]","[151644, 8948, 198, 2610, 525, 264, 10950, 17847, 13, 151645, 198, 151644, 872, 198, 151652, 151655, 151653, 26987, 25, 5209, 4226, 279, 3405, 323, 3410, 279, 4396, 2999, 6524, 11, 384, 1302, 2572, 362, 11, 425, 11, 356, 11, 422, 11, 518, 279, 835, 624, 14582, 25, 2160, 279, 1372]","Hint: Please answer the question and provide the correct option letter, e.g., A, B, C, D, at the end.
Question: Is the number of big shiny cars in front of the red airliner greater than the number of big purple road bikes?
Choices:
(A) Yes
(B) No"
528,MathVista_MINI,130,1,37,167,"[{'original_size': (194, 135), 'target_size': (196, 140), 'patches_h': 5, 'patches_w': 7, 'total_patches': 35, 'image_tokens': 35, 'total_image_tokens': 37, 'patch_size': 28}]","[151644, 8948, 198, 2610, 525, 264, 10950, 17847, 13, 151645, 198, 151644, 872, 198, 151652, 151655, 151653, 26987, 25, 5209, 4226, 279, 3405, 323, 3410, 279, 4396, 2999, 6524, 11, 384, 1302, 2572, 362, 11, 425, 11, 356, 11, 422, 11, 518, 279, 835, 624, 14582, 25, 69372, 28029, 3837]","Hint: Please answer the question and provide the correct option letter, e.g., A, B, C, D, at the end.
Question: 如图，AB∥CD，BD⊥CF，垂足为B，∠ABF＝35°，则∠BDC的度数为（）
Choices:
(A) 25°
(B) 35°
(C) 45°
(D) 55°"
529,MathVista_MINI,79,1,1001,1080,"[{'original_size': (1024, 768), 'target_size': (1036, 756), 'patches_h': 27, 'patches_w': 37, 'total_patches': 999, 'image_tokens': 999, 'total_image_tokens': 1001, 'patch_size': 28}]","[151644, 8948, 198, 2610, 525, 264, 10950, 17847, 13, 151645, 198, 151644, 872, 198, 151652, 151655, 151653, 26987, 25, 5209, 4226, 279, 3405, 22703, 458, 7546, 4226, 323, 3410, 279, 1590, 897, 11, 384, 1302, 2572, 220, 16, 11, 220, 17, 11, 220, 18, 11, 518, 279, 835, 624, 14582]","Hint: Please answer the question requiring an integer answer and provide the final value, e.g., 1, 2, 3, at the end.
Question: what number does the smaller arrow point to?"
530,MathVista_MINI,103,1,32,135,"[{'original_size': (140, 180), 'target_size': (140, 168), 'patches_h': 6, 'patches_w': 5, 'total_patches': 30, 'image_tokens': 30, 'total_image_tokens': 32, 'patch_size': 28}]","[151644, 8948, 198, 2610, 525, 264, 10950, 17847, 13, 151645, 198, 151644, 872, 198, 151652, 151655, 151653, 26987, 25, 5209, 4226, 279, 3405, 22703, 458, 7546, 4226, 323, 3410, 279, 1590, 897, 11, 384, 1302, 2572, 220, 16, 11, 220, 17, 11, 220, 18, 11, 518, 279, 835, 624, 14582]","Hint: Please answer the question requiring an integer answer and provide the final value, e.g., 1, 2, 3, at the end.
Question: The advertising agency counted the number of billboards in each city in the state. How many cities have fewer than 70 billboards? (Unit: cities)"
531,MathVista_MINI,113,1,51,164,"[{'original_size': (203, 204), 'target_size': (196, 196), 'patches_h': 7, 'patches_w': 7, 'total_patches': 49, 'image_tokens': 49, 'total_image_tokens': 51, 'patch_size': 28}]","[151644, 8948, 198, 2610, 525, 264, 10950, 17847, 13, 151645, 198, 151644, 872, 198, 151652, 151655, 151653, 26987, 25, 5209, 4226, 279, 3405, 323, 3410, 279, 4396, 2999, 6524, 11, 384, 1302, 2572, 362, 11, 425, 11, 356, 11, 422, 11, 518, 279, 835, 624, 14582, 25, 3555, 882, 374]","Hint: Please answer the question and provide the correct option letter, e.g., A, B, C, D, at the end.
Question: What time is shown? Answer by typing a time word, not a number. It is (_) to five.
Choices:
(A) half
(B) quarter
(C) o'clock
(D) quarter to
(E) quarter past"
532,MathVista_MINI,103,1,393,496,"[{'original_size': (640, 480), 'target_size': (644, 476), 'patches_h': 17, 'patches_w': 23, 'total_patches': 391, 'image_tokens': 391, 'total_image_tokens': 393, 'patch_size': 28}]","[151644, 8948, 198, 2610, 525, 264, 10950, 17847, 13, 151645, 198, 151644, 872, 198, 151652, 151655, 151653, 26987, 25, 5209, 4226, 279, 3405, 323, 3410, 279, 4396, 2999, 6524, 11, 384, 1302, 2572, 362, 11, 425, 11, 356, 11, 422, 11, 518, 279, 835, 624, 14582, 25, 8713, 1052, 16745]","Hint: Please answer the question and provide the correct option letter, e.g., A, B, C, D, at the end.
Question: Are there fewer gray trucks that are in front of the large aeroplane than big yellow metal objects in front of the purple object?
Choices:
(A) Yes
(B) No"
533,MathVista_MINI,89,1,101,190,"[{'original_size': (320, 240), 'target_size': (308, 252), 'patches_h': 9, 'patches_w': 11, 'total_patches': 99, 'image_tokens': 99, 'total_image_tokens': 101, 'patch_size': 28}]","[151644, 8948, 198, 2610, 525, 264, 10950, 17847, 13, 151645, 198, 151644, 872, 198, 151652, 151655, 151653, 26987, 25, 5209, 4226, 279, 3405, 22703, 458, 7546, 4226, 323, 3410, 279, 1590, 897, 11, 384, 1302, 2572, 220, 16, 11, 220, 17, 11, 220, 18, 11, 518, 279, 835, 624, 14582]","Hint: Please answer the question requiring an integer answer and provide the final value, e.g., 1, 2, 3, at the end.
Question: Subtract all small cyan cubes. Subtract all large yellow rubber cubes. How many objects are left?"
534,MathVista_MINI,98,1,738,836,"[{'original_size': (883, 650), 'target_size': (896, 644), 'patches_h': 23, 'patches_w': 32, 'total_patches': 736, 'image_tokens': 736, 'total_image_tokens': 738, 'patch_size': 28}]","[151644, 8948, 198, 2610, 525, 264, 10950, 17847, 13, 151645, 198, 151644, 872, 198, 151652, 151655, 151653, 26987, 25, 5209, 4226, 279, 3405, 22703, 458, 7546, 4226, 323, 3410, 279, 1590, 897, 11, 384, 1302, 2572, 220, 16, 11, 220, 17, 11, 220, 18, 11, 518, 279, 835, 624, 14582]","Hint: Please answer the question requiring an integer answer and provide the final value, e.g., 1, 2, 3, at the end.
Question: In how many years, is the percentage of stunted female children greater than the average percentage of stunted female children taken over all years ?"
535,MathVista_MINI,84,1,258,342,"[{'original_size': (448, 448), 'target_size': (448, 448), 'patches_h': 16, 'patches_w': 16, 'total_patches': 256, 'image_tokens': 256, 'total_image_tokens': 258, 'patch_size': 28}]","[151644, 8948, 198, 2610, 525, 264, 10950, 17847, 13, 151645, 198, 151644, 872, 198, 151652, 151655, 151653, 26987, 25, 5209, 4226, 279, 3405, 22703, 458, 7546, 4226, 323, 3410, 279, 1590, 897, 11, 384, 1302, 2572, 220, 16, 11, 220, 17, 11, 220, 18, 11, 518, 279, 835, 624, 14582]","Hint: Please answer the question requiring an integer answer and provide the final value, e.g., 1, 2, 3, at the end.
Question: What is the value of the smallest individual bar in the whole chart?"
536,MathVista_MINI,135,1,18,153,"[{'original_size': (115, 105), 'target_size': (112, 112), 'patches_h': 4, 'patches_w': 4, 'total_patches': 16, 'image_tokens': 16, 'total_image_tokens': 18, 'patch_size': 28}]","[151644, 8948, 198, 2610, 525, 264, 10950, 17847, 13, 151645, 198, 151644, 872, 198, 151652, 151655, 151653, 26987, 25, 5209, 4226, 279, 3405, 323, 3410, 279, 4396, 2999, 6524, 11, 384, 1302, 2572, 362, 11, 425, 11, 356, 11, 422, 11, 518, 279, 835, 624, 14582, 25, 1634, 6839, 304]","Hint: Please answer the question and provide the correct option letter, e.g., A, B, C, D, at the end.
Question: As shown in the figure, points A, B, and C are on ⊙O, if ∠C = 35.0, then ∠AOB = ()
Choices:
(A) 17.5°
(B) 35°
(C) 60°
(D) 70°"
537,MathVista_MINI,94,1,393,487,"[{'original_size': (640, 480), 'target_size': (644, 476), 'patches_h': 17, 'patches_w': 23, 'total_patches': 391, 'image_tokens': 391, 'total_image_tokens': 393, 'patch_size': 28}]","[151644, 8948, 198, 2610, 525, 264, 10950, 17847, 13, 151645, 198, 151644, 872, 198, 151652, 151655, 151653, 26987, 25, 5209, 4226, 279, 3405, 323, 3410, 279, 4396, 2999, 6524, 11, 384, 1302, 2572, 362, 11, 425, 11, 356, 11, 422, 11, 518, 279, 835, 624, 14582, 25, 2160, 279, 1372]","Hint: Please answer the question and provide the correct option letter, e.g., A, B, C, D, at the end.
Question: Is the number of red rubber bicycles less than the number of cyan metal school buss?
Choices:
(A) Yes
(B) No"
538,MathVista_MINI,136,1,18,154,"[{'original_size': (115, 111), 'target_size': (112, 112), 'patches_h': 4, 'patches_w': 4, 'total_patches': 16, 'image_tokens': 16, 'total_image_tokens': 18, 'patch_size': 28}]","[151644, 8948, 198, 2610, 525, 264, 10950, 17847, 13, 151645, 198, 151644, 872, 198, 151652, 151655, 151653, 26987, 25, 5209, 4226, 279, 3405, 323, 3410, 279, 4396, 2999, 6524, 11, 384, 1302, 2572, 362, 11, 425, 11, 356, 11, 422, 11, 518, 279, 835, 624, 14582, 25, 1634, 6839, 304]","Hint: Please answer the question and provide the correct option letter, e.g., A, B, C, D, at the end.
Question: As shown in the figure, in the two concentric circles, the chord AB of the great circle is tangent to the small circle at point C. If AB = 6.0, the area of ​​the ring is ()
Choices:
(A) 9π
(B) 6π
(C) 3π
(D) π"
539,MathVista_MINI,129,1,17,146,"[{'original_size': (149, 71), 'target_size': (140, 84), 'patches_h': 3, 'patches_w': 5, 'total_patches': 15, 'image_tokens': 15, 'total_image_tokens': 17, 'patch_size': 28}]","[151644, 8948, 198, 2610, 525, 264, 10950, 17847, 13, 151645, 198, 151644, 872, 198, 151652, 151655, 151653, 26987, 25, 5209, 4226, 279, 3405, 323, 3410, 279, 4396, 2999, 6524, 11, 384, 1302, 2572, 362, 11, 425, 11, 356, 11, 422, 11, 518, 279, 835, 624, 14582, 25, 69372, 28029, 96050]","Hint: Please answer the question and provide the correct option letter, e.g., A, B, C, D, at the end.
Question: 如图，在△ABC中，点D、E分别是边AB、BC的中点，若△BDE的周长是6，则△ABC的周长是（）
Choices:
(A) 8
(B) 10
(C) 12
(D) 14"
540,MathVista_MINI,107,1,18,125,"[{'original_size': (102, 103), 'target_size': (112, 112), 'patches_h': 4, 'patches_w': 4, 'total_patches': 16, 'image_tokens': 16, 'total_image_tokens': 18, 'patch_size': 28}]","[151644, 8948, 198, 2610, 525, 264, 10950, 17847, 13, 151645, 198, 151644, 872, 198, 151652, 151655, 151653, 26987, 25, 5209, 4226, 279, 3405, 323, 3410, 279, 4396, 2999, 6524, 11, 384, 1302, 2572, 362, 11, 425, 11, 356, 11, 422, 11, 518, 279, 835, 624, 14582, 25, 3555, 19419, 315]","Hint: Please answer the question and provide the correct option letter, e.g., A, B, C, D, at the end.
Question: What fraction of the shape is blue?
Choices:
(A) 3/11
(B) 8/11
(C) 6/11
(D) 3/5"
541,MathVista_MINI,100,1,202,302,"[{'original_size': (280, 560), 'target_size': (280, 560), 'patches_h': 20, 'patches_w': 10, 'total_patches': 200, 'image_tokens': 200, 'total_image_tokens': 202, 'patch_size': 28}]","[151644, 8948, 198, 2610, 525, 264, 10950, 17847, 13, 151645, 198, 151644, 872, 198, 151652, 151655, 151653, 26987, 25, 5209, 4226, 279, 3405, 323, 3410, 279, 4396, 2999, 6524, 11, 384, 1302, 2572, 362, 11, 425, 11, 356, 11, 422, 11, 518, 279, 835, 624, 14582, 25, 15920, 315, 279]","Hint: Please answer the question and provide the correct option letter, e.g., A, B, C, D, at the end.
Question: Which of the cubes is not identical to the unfolded net?
Choices:
(A) A
(B) B
(C) C
(D) D
(E) E"
542,MathVista_MINI,86,1,1250,1336,"[{'original_size': (1690, 1358), 'target_size': (1092, 896), 'patches_h': 32, 'patches_w': 39, 'total_patches': 1248, 'image_tokens': 1248, 'total_image_tokens': 1250, 'patch_size': 28}]","[151644, 8948, 198, 2610, 525, 264, 10950, 17847, 13, 151645, 198, 151644, 872, 198, 151652, 151655, 151653, 26987, 25, 5209, 4226, 279, 3405, 22703, 458, 7546, 4226, 323, 3410, 279, 1590, 897, 11, 384, 1302, 2572, 220, 16, 11, 220, 17, 11, 220, 18, 11, 518, 279, 835, 624, 14582]","Hint: Please answer the question requiring an integer answer and provide the final value, e.g., 1, 2, 3, at the end.
Question: How many models in the figure achieve an Acc score greater than 60?"
543,MathVista_MINI,88,1,393,481,"[{'original_size': (640, 480), 'target_size': (644, 476), 'patches_h': 17, 'patches_w': 23, 'total_patches': 391, 'image_tokens': 391, 'total_image_tokens': 393, 'patch_size': 28}]","[151644, 8948, 198, 2610, 525, 264, 10950, 17847, 13, 151645, 198, 151644, 872, 198, 151652, 151655, 151653, 26987, 25, 5209, 4226, 279, 3405, 323, 3410, 279, 4396, 2999, 6524, 11, 384, 1302, 2572, 362, 11, 425, 11, 356, 11, 422, 11, 518, 279, 835, 624, 14582, 25, 8713, 1052, 16745]","Hint: Please answer the question and provide the correct option letter, e.g., A, B, C, D, at the end.
Question: Are there fewer small purple matte cars than brown matte things?
Choices:
(A) Yes
(B) No"
544,MathVista_MINI,111,1,582,693,"[{'original_size': (800, 557), 'target_size': (812, 560), 'patches_h': 20, 'patches_w': 29, 'total_patches': 580, 'image_tokens': 580, 'total_image_tokens': 582, 'patch_size': 28}]","[151644, 8948, 198, 2610, 525, 264, 10950, 17847, 13, 151645, 198, 151644, 872, 198, 151652, 151655, 151653, 26987, 25, 5209, 4226, 279, 3405, 22703, 458, 7546, 4226, 323, 3410, 279, 1590, 897, 11, 384, 1302, 2572, 220, 16, 11, 220, 17, 11, 220, 18, 11, 518, 279, 835, 624, 14582]","Hint: Please answer the question requiring an integer answer and provide the final value, e.g., 1, 2, 3, at the end.
Question: What is the total percentage of people  who say that they do either less or more often than the usual amount of exercise during the coronavirus pandemic in the United States as of April 2020?"
545,MathVista_MINI,83,1,380,463,"[{'original_size': (764, 400), 'target_size': (756, 392), 'patches_h': 14, 'patches_w': 27, 'total_patches': 378, 'image_tokens': 378, 'total_image_tokens': 380, 'patch_size': 28}]","[151644, 8948, 198, 2610, 525, 264, 10950, 17847, 13, 151645, 198, 151644, 872, 198, 151652, 151655, 151653, 26987, 25, 5209, 4226, 279, 3405, 323, 3410, 279, 4396, 2999, 6524, 11, 384, 1302, 2572, 362, 11, 425, 11, 356, 11, 422, 11, 518, 279, 835, 624, 14582, 25, 2160, 73474, 3731]","Hint: Please answer the question and provide the correct option letter, e.g., A, B, C, D, at the end.
Question: Is Violet Red less than Crimson?
Choices:
(A) yes
(B) no"
546,MathVista_MINI,80,1,582,662,"[{'original_size': (800, 557), 'target_size': (812, 560), 'patches_h': 20, 'patches_w': 29, 'total_patches': 580, 'image_tokens': 580, 'total_image_tokens': 582, 'patch_size': 28}]","[151644, 8948, 198, 2610, 525, 264, 10950, 17847, 13, 151645, 198, 151644, 872, 198, 151652, 151655, 151653, 26987, 25, 5209, 4226, 279, 3405, 22703, 458, 7546, 4226, 323, 3410, 279, 1590, 897, 11, 384, 1302, 2572, 220, 16, 11, 220, 17, 11, 220, 18, 11, 518, 279, 835, 624, 14582]","Hint: Please answer the question requiring an integer answer and provide the final value, e.g., 1, 2, 3, at the end.
Question: What is the overall ratio of male to female?"
547,MathVista_MINI,114,1,288,402,"[{'original_size': (630, 377), 'target_size': (616, 364), 'patches_h': 13, 'patches_w': 22, 'total_patches': 286, 'image_tokens': 286, 'total_image_tokens': 288, 'patch_size': 28}]","[151644, 8948, 198, 2610, 525, 264, 10950, 17847, 13, 151645, 198, 151644, 872, 198, 151652, 151655, 151653, 26987, 25, 5209, 4226, 279, 3405, 323, 3410, 279, 4396, 2999, 6524, 11, 384, 1302, 2572, 362, 11, 425, 11, 356, 11, 422, 11, 518, 279, 835, 624, 14582, 25, 20205, 389, 279]","Hint: Please answer the question and provide the correct option letter, e.g., A, B, C, D, at the end.
Question: Based on the diagram below, which organisms will be most directly affected by a decrease in the amount of grass?
Choices:
(A) Insects
(B) Hawk and snake
(C) Snake and raccoon
(D) Mouse and cricket"
548,MathVista_MINI,86,1,393,479,"[{'original_size': (640, 480), 'target_size': (644, 476), 'patches_h': 17, 'patches_w': 23, 'total_patches': 391, 'image_tokens': 391, 'total_image_tokens': 393, 'patch_size': 28}]","[151644, 8948, 198, 2610, 525, 264, 10950, 17847, 13, 151645, 198, 151644, 872, 198, 151652, 151655, 151653, 26987, 25, 5209, 4226, 279, 3405, 323, 3410, 279, 4396, 2999, 6524, 11, 384, 1302, 2572, 362, 11, 425, 11, 356, 11, 422, 11, 518, 279, 835, 624, 14582, 25, 8713, 1052, 16745]","Hint: Please answer the question and provide the correct option letter, e.g., A, B, C, D, at the end.
Question: Are there fewer cyan jets than big buss?
Choices:
(A) Yes
(B) No"
549,MathVista_MINI,154,1,30,184,"[{'original_size': (192, 111), 'target_size': (196, 112), 'patches_h': 4, 'patches_w': 7, 'total_patches': 28, 'image_tokens': 28, 'total_image_tokens': 30, 'patch_size': 28}]","[151644, 8948, 198, 2610, 525, 264, 10950, 17847, 13, 151645, 198, 151644, 872, 198, 151652, 151655, 151653, 26987, 25, 5209, 4226, 279, 3405, 323, 3410, 279, 4396, 2999, 6524, 11, 384, 1302, 2572, 362, 11, 425, 11, 356, 11, 422, 11, 518, 279, 835, 624, 14582, 25, 1634, 6839, 304]","Hint: Please answer the question and provide the correct option letter, e.g., A, B, C, D, at the end.
Question: As shown in the figure, PA and PB are tangent to ⊙O to A and B respectively. Point C and point D are the moving points on line segments PA and PB, and CD always remains tangent to circle O. If PA = 8.0, then perimeter of △PCD is ()
Choices:
(A) 8
(B) 12
(C) 16
(D) 不能确定"
550,MathVista_MINI,81,1,258,339,"[{'original_size': (448, 448), 'target_size': (448, 448), 'patches_h': 16, 'patches_w': 16, 'total_patches': 256, 'image_tokens': 256, 'total_image_tokens': 258, 'patch_size': 28}]","[151644, 8948, 198, 2610, 525, 264, 10950, 17847, 13, 151645, 198, 151644, 872, 198, 151652, 151655, 151653, 26987, 25, 5209, 4226, 279, 3405, 22703, 458, 7546, 4226, 323, 3410, 279, 1590, 897, 11, 384, 1302, 2572, 220, 16, 11, 220, 17, 11, 220, 18, 11, 518, 279, 835, 624, 14582]","Hint: Please answer the question requiring an integer answer and provide the final value, e.g., 1, 2, 3, at the end.
Question: What is the accuracy of the algorithm with highest accuracy?"
551,MathVista_MINI,86,1,582,668,"[{'original_size': (800, 557), 'target_size': (812, 560), 'patches_h': 20, 'patches_w': 29, 'total_patches': 580, 'image_tokens': 580, 'total_image_tokens': 582, 'patch_size': 28}]","[151644, 8948, 198, 2610, 525, 264, 10950, 17847, 13, 151645, 198, 151644, 872, 198, 151652, 151655, 151653, 26987, 25, 5209, 4226, 279, 3405, 22703, 458, 7546, 4226, 323, 3410, 279, 1590, 897, 11, 384, 1302, 2572, 220, 16, 11, 220, 17, 11, 220, 18, 11, 518, 279, 835, 624, 14582]","Hint: Please answer the question requiring an integer answer and provide the final value, e.g., 1, 2, 3, at the end.
Question: What is the difference between the highest tattoos in male and the least in female?"
552,MathVista_MINI,85,1,746,831,"[{'original_size': (1726, 330), 'target_size': (1736, 336), 'patches_h': 12, 'patches_w': 62, 'total_patches': 744, 'image_tokens': 744, 'total_image_tokens': 746, 'patch_size': 28}]","[151644, 8948, 198, 2610, 525, 264, 10950, 17847, 13, 151645, 198, 151644, 872, 198, 151652, 151655, 151653, 26987, 25, 5209, 4226, 279, 3405, 22703, 458, 7546, 4226, 323, 3410, 279, 1590, 897, 11, 384, 1302, 2572, 220, 16, 11, 220, 17, 11, 220, 18, 11, 518, 279, 835, 624, 14582]","Hint: Please answer the question requiring an integer answer and provide the final value, e.g., 1, 2, 3, at the end.
Question: How many queries have a p-value lower than 0.50?"
553,MathVista_MINI,83,1,268,351,"[{'original_size': (532, 400), 'target_size': (532, 392), 'patches_h': 14, 'patches_w': 19, 'total_patches': 266, 'image_tokens': 266, 'total_image_tokens': 268, 'patch_size': 28}]","[151644, 8948, 198, 2610, 525, 264, 10950, 17847, 13, 151645, 198, 151644, 872, 198, 151652, 151655, 151653, 26987, 25, 5209, 4226, 279, 3405, 323, 3410, 279, 4396, 2999, 6524, 11, 384, 1302, 2572, 362, 11, 425, 11, 356, 11, 422, 11, 518, 279, 835, 624, 14582, 25, 2160, 12258, 73474]","Hint: Please answer the question and provide the correct option letter, e.g., A, B, C, D, at the end.
Question: Is Dark Violet less than Chocolate?
Choices:
(A) yes
(B) no"
554,MathVista_MINI,83,1,240,323,"[{'original_size': (488, 400), 'target_size': (476, 392), 'patches_h': 14, 'patches_w': 17, 'total_patches': 238, 'image_tokens': 238, 'total_image_tokens': 240, 'patch_size': 28}]","[151644, 8948, 198, 2610, 525, 264, 10950, 17847, 13, 151645, 198, 151644, 872, 198, 151652, 151655, 151653, 26987, 25, 5209, 4226, 279, 3405, 323, 3410, 279, 4396, 2999, 6524, 11, 384, 1302, 2572, 362, 11, 425, 11, 356, 11, 422, 11, 518, 279, 835, 624, 14582, 25, 2160, 12369, 398]","Hint: Please answer the question and provide the correct option letter, e.g., A, B, C, D, at the end.
Question: Is Burlywood the minimum?
Choices:
(A) yes
(B) no"
555,MathVista_MINI,84,1,531,615,"[{'original_size': (640, 640), 'target_size': (644, 644), 'patches_h': 23, 'patches_w': 23, 'total_patches': 529, 'image_tokens': 529, 'total_image_tokens': 531, 'patch_size': 28}]","[151644, 8948, 198, 2610, 525, 264, 10950, 17847, 13, 151645, 198, 151644, 872, 198, 151652, 151655, 151653, 26987, 25, 5209, 4226, 279, 3405, 323, 3410, 279, 4396, 2999, 6524, 11, 384, 1302, 2572, 362, 11, 425, 11, 356, 11, 422, 11, 518, 279, 835, 624, 14582, 25, 2160, 419, 22791]","Hint: Please answer the question and provide the correct option letter, e.g., A, B, C, D, at the end.
Question: Is this nest larger than a fist?
Choices:
(A) Yes
(B) No"
556,MathVista_MINI,105,1,393,498,"[{'original_size': (640, 480), 'target_size': (644, 476), 'patches_h': 17, 'patches_w': 23, 'total_patches': 391, 'image_tokens': 391, 'total_image_tokens': 393, 'patch_size': 28}]","[151644, 8948, 198, 2610, 525, 264, 10950, 17847, 13, 151645, 198, 151644, 872, 198, 151652, 151655, 151653, 26987, 25, 5209, 4226, 279, 3405, 323, 3410, 279, 4396, 2999, 6524, 11, 384, 1302, 2572, 362, 11, 425, 11, 356, 11, 422, 11, 518, 279, 835, 624, 14582, 25, 8713, 1052, 16745]","Hint: Please answer the question and provide the correct option letter, e.g., A, B, C, D, at the end.
Question: Are there fewer large red metallic things that are on the left side of the cyan shiny scooter than things that are in front of the small jet?
Choices:
(A) Yes
(B) No"
557,MathVista_MINI,160,1,32,192,"[{'original_size': (155, 130), 'target_size': (168, 140), 'patches_h': 5, 'patches_w': 6, 'total_patches': 30, 'image_tokens': 30, 'total_image_tokens': 32, 'patch_size': 28}]","[151644, 8948, 198, 2610, 525, 264, 10950, 17847, 13, 151645, 198, 151644, 872, 198, 151652, 151655, 151653, 26987, 25, 5209, 4226, 279, 3405, 323, 3410, 279, 4396, 2999, 6524, 11, 384, 1302, 2572, 362, 11, 425, 11, 356, 11, 422, 11, 518, 279, 835, 624, 14582, 25, 69372, 28029, 96050]","Hint: Please answer the question and provide the correct option letter, e.g., A, B, C, D, at the end.
Question: 如图，在Rt△ABC中，∠BAC＝90°，以Rt△ABC的三边为边分别向外作等边三角形△A'BC，△AB'C，△ABC'，若△A'BC，△AB'C的面积分别是10和4，则△ABC'的面积是（）
Choices:
(A) 4
(B) 6
(C) 8
(D) 9"
558,MathVista_MINI,79,1,258,337,"[{'original_size': (448, 448), 'target_size': (448, 448), 'patches_h': 16, 'patches_w': 16, 'total_patches': 256, 'image_tokens': 256, 'total_image_tokens': 258, 'patch_size': 28}]","[151644, 8948, 198, 2610, 525, 264, 10950, 17847, 13, 151645, 198, 151644, 872, 198, 151652, 151655, 151653, 26987, 25, 5209, 4226, 279, 3405, 22703, 458, 7546, 4226, 323, 3410, 279, 1590, 897, 11, 384, 1302, 2572, 220, 16, 11, 220, 17, 11, 220, 18, 11, 518, 279, 835, 624, 14582]","Hint: Please answer the question requiring an integer answer and provide the final value, e.g., 1, 2, 3, at the end.
Question: What is the value of the largest bar?"
559,MathVista_MINI,85,1,1001,1086,"[{'original_size': (1024, 768), 'target_size': (1036, 756), 'patches_h': 27, 'patches_w': 37, 'total_patches': 999, 'image_tokens': 999, 'total_image_tokens': 1001, 'patch_size': 28}]","[151644, 8948, 198, 2610, 525, 264, 10950, 17847, 13, 151645, 198, 151644, 872, 198, 151652, 151655, 151653, 26987, 25, 5209, 4226, 279, 3405, 22703, 458, 7546, 4226, 323, 3410, 279, 1590, 897, 11, 384, 1302, 2572, 220, 16, 11, 220, 17, 11, 220, 18, 11, 518, 279, 835, 624, 14582]","Hint: Please answer the question requiring an integer answer and provide the final value, e.g., 1, 2, 3, at the end.
Question: what is the highest number shown on the black outer part of the watch?"
560,MathVista_MINI,83,1,254,337,"[{'original_size': (514, 400), 'target_size': (504, 392), 'patches_h': 14, 'patches_w': 18, 'total_patches': 252, 'image_tokens': 252, 'total_image_tokens': 254, 'patch_size': 28}]","[151644, 8948, 198, 2610, 525, 264, 10950, 17847, 13, 151645, 198, 151644, 872, 198, 151652, 151655, 151653, 26987, 25, 5209, 4226, 279, 3405, 323, 3410, 279, 4396, 2999, 6524, 11, 384, 1302, 2572, 362, 11, 425, 11, 356, 11, 422, 11, 518, 279, 835, 624, 14582, 25, 2160, 8658, 61726]","Hint: Please answer the question and provide the correct option letter, e.g., A, B, C, D, at the end.
Question: Is Light Salmon the roughest?
Choices:
(A) yes
(B) no"
561,MathVista_MINI,111,1,393,504,"[{'original_size': (640, 480), 'target_size': (644, 476), 'patches_h': 17, 'patches_w': 23, 'total_patches': 391, 'image_tokens': 391, 'total_image_tokens': 393, 'patch_size': 28}]","[151644, 8948, 198, 2610, 525, 264, 10950, 17847, 13, 151645, 198, 151644, 872, 198, 151652, 151655, 151653, 26987, 25, 5209, 4226, 279, 3405, 323, 3410, 279, 4396, 2999, 6524, 11, 384, 1302, 2572, 362, 11, 425, 11, 356, 11, 422, 11, 518, 279, 835, 624, 14582, 25, 2160, 279, 1372]","Hint: Please answer the question and provide the correct option letter, e.g., A, B, C, D, at the end.
Question: Is the number of gray rubber double buss right of the small red aeroplane the same as the number of small objects that are left of the tiny gray matte bicycle?
Choices:
(A) Yes
(B) No"
562,MathVista_MINI,87,1,101,188,"[{'original_size': (320, 240), 'target_size': (308, 252), 'patches_h': 9, 'patches_w': 11, 'total_patches': 99, 'image_tokens': 99, 'total_image_tokens': 101, 'patch_size': 28}]","[151644, 8948, 198, 2610, 525, 264, 10950, 17847, 13, 151645, 198, 151644, 872, 198, 151652, 151655, 151653, 26987, 25, 5209, 4226, 279, 3405, 22703, 458, 7546, 4226, 323, 3410, 279, 1590, 897, 11, 384, 1302, 2572, 220, 16, 11, 220, 17, 11, 220, 18, 11, 518, 279, 835, 624, 14582]","Hint: Please answer the question requiring an integer answer and provide the final value, e.g., 1, 2, 3, at the end.
Question: Subtract all small green cubes. Subtract all large cylinders. How many objects are left?"
563,MathVista_MINI,92,1,347,439,"[{'original_size': (640, 427), 'target_size': (644, 420), 'patches_h': 15, 'patches_w': 23, 'total_patches': 345, 'image_tokens': 345, 'total_image_tokens': 347, 'patch_size': 28}]","[151644, 8948, 198, 2610, 525, 264, 10950, 17847, 13, 151645, 198, 151644, 872, 198, 151652, 151655, 151653, 26987, 25, 5209, 4226, 279, 3405, 323, 3410, 279, 4396, 2999, 6524, 11, 384, 1302, 2572, 362, 11, 425, 11, 356, 11, 422, 11, 518, 279, 835, 624, 14582, 25, 15920, 1372, 389]","Hint: Please answer the question and provide the correct option letter, e.g., A, B, C, D, at the end.
Question: Which number on the monitor is higher?
Choices:
(A) top
(B) bottom
(C) left
(D) right"
564,MathVista_MINI,85,1,876,961,"[{'original_size': (1056, 650), 'target_size': (1064, 644), 'patches_h': 23, 'patches_w': 38, 'total_patches': 874, 'image_tokens': 874, 'total_image_tokens': 876, 'patch_size': 28}]","[151644, 8948, 198, 2610, 525, 264, 10950, 17847, 13, 151645, 198, 151644, 872, 198, 151652, 151655, 151653, 26987, 25, 5209, 4226, 279, 3405, 22703, 458, 7546, 4226, 323, 3410, 279, 1590, 897, 11, 384, 1302, 2572, 220, 16, 11, 220, 17, 11, 220, 18, 11, 518, 279, 835, 624, 14582]","Hint: Please answer the question requiring an integer answer and provide the final value, e.g., 1, 2, 3, at the end.
Question: What is the difference between the highest and the lowest time required to import ?"
565,MathVista_MINI,103,1,1252,1355,"[{'original_size': (1966, 978), 'target_size': (1400, 700), 'patches_h': 25, 'patches_w': 50, 'total_patches': 1250, 'image_tokens': 1250, 'total_image_tokens': 1252, 'patch_size': 28}]","[151644, 8948, 198, 2610, 525, 264, 10950, 17847, 13, 151645, 198, 151644, 872, 198, 151652, 151655, 151653, 26987, 25, 5209, 4226, 279, 3405, 323, 3410, 279, 4396, 2999, 6524, 11, 384, 1302, 2572, 362, 11, 425, 11, 356, 11, 422, 11, 518, 279, 835, 624, 14582, 25, 15920, 1614, 646]","Hint: Please answer the question and provide the correct option letter, e.g., A, B, C, D, at the end.
Question: Which model can achieve the best ImageNet 10-shot Accuracy score?
Choices:
(A) Soft MoE
(B) Experts Choice
(C) Tokens Choice
(D) Dense"
566,MathVista_MINI,139,1,11,150,"[{'original_size': (89, 89), 'target_size': (84, 84), 'patches_h': 3, 'patches_w': 3, 'total_patches': 9, 'image_tokens': 9, 'total_image_tokens': 11, 'patch_size': 28}]","[151644, 8948, 198, 2610, 525, 264, 10950, 17847, 13, 151645, 198, 151644, 872, 198, 151652, 151655, 151653, 26987, 25, 5209, 4226, 279, 3405, 323, 3410, 279, 4396, 2999, 6524, 11, 384, 1302, 2572, 362, 11, 425, 11, 356, 11, 422, 11, 518, 279, 835, 624, 14582, 25, 69372, 28029, 3837]","Hint: Please answer the question and provide the correct option letter, e.g., A, B, C, D, at the end.
Question: 如图，已知△ABC≌△DEF，CD平分∠BCA，若∠A＝22°，∠CGF＝88°，则∠E的度数是（）
Choices:
(A) 26°
(B) 28°
(C) 30°
(D) 34°"
567,MathVista_MINI,93,1,146,239,"[{'original_size': (438, 252), 'target_size': (448, 252), 'patches_h': 9, 'patches_w': 16, 'total_patches': 144, 'image_tokens': 144, 'total_image_tokens': 146, 'patch_size': 28}]","[151644, 8948, 198, 2610, 525, 264, 10950, 17847, 13, 151645, 198, 151644, 872, 198, 151652, 151655, 151653, 26987, 25, 5209, 4226, 279, 3405, 22703, 458, 7546, 4226, 323, 3410, 279, 1590, 897, 11, 384, 1302, 2572, 220, 16, 11, 220, 17, 11, 220, 18, 11, 518, 279, 835, 624, 14582]","Hint: Please answer the question requiring an integer answer and provide the final value, e.g., 1, 2, 3, at the end.
Question: Move the ruler to measure the length of the slug to the nearest inch. The slug is about (_) inches long."
568,MathVista_MINI,121,1,86,207,"[{'original_size': (349, 187), 'target_size': (336, 196), 'patches_h': 7, 'patches_w': 12, 'total_patches': 84, 'image_tokens': 84, 'total_image_tokens': 86, 'patch_size': 28}]","[151644, 8948, 198, 2610, 525, 264, 10950, 17847, 13, 151645, 198, 151644, 872, 198, 151652, 151655, 151653, 26987, 25, 5209, 4226, 279, 3405, 22703, 458, 7546, 4226, 323, 3410, 279, 1590, 897, 11, 384, 1302, 2572, 220, 16, 11, 220, 17, 11, 220, 18, 11, 518, 279, 835, 624, 14582]","Hint: Please answer the question requiring an integer answer and provide the final value, e.g., 1, 2, 3, at the end.
Question: For an economics project, Colleen determined the cost of ferry rides for bicycles and cars. How much higher is the fare for a car on the Mukilteu-Clinton ferry than on the Southport-Fort Fisher ferry? (Unit: $)"
569,MathVista_MINI,81,1,1242,1323,"[{'original_size': (1786, 2284), 'target_size': (868, 1120), 'patches_h': 40, 'patches_w': 31, 'total_patches': 1240, 'image_tokens': 1240, 'total_image_tokens': 1242, 'patch_size': 28}]","[151644, 8948, 198, 2610, 525, 264, 10950, 17847, 13, 151645, 198, 151644, 872, 198, 151652, 151655, 151653, 26987, 25, 5209, 4226, 279, 3405, 22703, 458, 7546, 4226, 323, 3410, 279, 1590, 897, 11, 384, 1302, 2572, 220, 16, 11, 220, 17, 11, 220, 18, 11, 518, 279, 835, 624, 14582]","Hint: Please answer the question requiring an integer answer and provide the final value, e.g., 1, 2, 3, at the end.
Question: Which subject had the highest pulse rate in baseline period?"
570,MathVista_MINI,87,1,101,188,"[{'original_size': (320, 240), 'target_size': (308, 252), 'patches_h': 9, 'patches_w': 11, 'total_patches': 99, 'image_tokens': 99, 'total_image_tokens': 101, 'patch_size': 28}]","[151644, 8948, 198, 2610, 525, 264, 10950, 17847, 13, 151645, 198, 151644, 872, 198, 151652, 151655, 151653, 26987, 25, 5209, 4226, 279, 3405, 22703, 458, 7546, 4226, 323, 3410, 279, 1590, 897, 11, 384, 1302, 2572, 220, 16, 11, 220, 17, 11, 220, 18, 11, 518, 279, 835, 624, 14582]","Hint: Please answer the question requiring an integer answer and provide the final value, e.g., 1, 2, 3, at the end.
Question: Subtract all purple matte blocks. Subtract all brown things. How many objects are left?"
571,MathVista_MINI,84,1,310,394,"[{'original_size': (613, 400), 'target_size': (616, 392), 'patches_h': 14, 'patches_w': 22, 'total_patches': 308, 'image_tokens': 308, 'total_image_tokens': 310, 'patch_size': 28}]","[151644, 8948, 198, 2610, 525, 264, 10950, 17847, 13, 151645, 198, 151644, 872, 198, 151652, 151655, 151653, 26987, 25, 5209, 4226, 279, 3405, 323, 3410, 279, 4396, 2999, 6524, 11, 384, 1302, 2572, 362, 11, 425, 11, 356, 11, 422, 11, 518, 279, 835, 624, 14582, 25, 2160, 53324, 70]","Hint: Please answer the question and provide the correct option letter, e.g., A, B, C, D, at the end.
Question: Is Bubblegum the roughest?
Choices:
(A) yes
(B) no"
572,MathVista_MINI,77,1,156,233,"[{'original_size': (400, 316), 'target_size': (392, 308), 'patches_h': 11, 'patches_w': 14, 'total_patches': 154, 'image_tokens': 154, 'total_image_tokens': 156, 'patch_size': 28}]","[151644, 8948, 198, 2610, 525, 264, 10950, 17847, 13, 151645, 198, 151644, 872, 198, 151652, 151655, 151653, 26987, 25, 5209, 4226, 279, 3405, 22703, 458, 7546, 4226, 323, 3410, 279, 1590, 897, 11, 384, 1302, 2572, 220, 16, 11, 220, 17, 11, 220, 18, 11, 518, 279, 835, 624, 14582]","Hint: Please answer the question requiring an integer answer and provide the final value, e.g., 1, 2, 3, at the end.
Question: When does the function start decreasing?"
573,MathVista_MINI,98,1,58,156,"[{'original_size': (203, 218), 'target_size': (196, 224), 'patches_h': 8, 'patches_w': 7, 'total_patches': 56, 'image_tokens': 56, 'total_image_tokens': 58, 'patch_size': 28}]","[151644, 8948, 198, 2610, 525, 264, 10950, 17847, 13, 151645, 198, 151644, 872, 198, 151652, 151655, 151653, 26987, 25, 5209, 4226, 279, 3405, 22703, 458, 7546, 4226, 323, 3410, 279, 1590, 897, 11, 384, 1302, 2572, 220, 16, 11, 220, 17, 11, 220, 18, 11, 518, 279, 835, 624, 14582]","Hint: Please answer the question requiring an integer answer and provide the final value, e.g., 1, 2, 3, at the end.
Question: A race car driver kept track of how many laps he drove in the past 5 days. What is the mode of the numbers?'"
574,MathVista_MINI,120,1,436,556,"[{'original_size': (868, 378), 'target_size': (868, 392), 'patches_h': 14, 'patches_w': 31, 'total_patches': 434, 'image_tokens': 434, 'total_image_tokens': 436, 'patch_size': 28}]","[151644, 8948, 198, 2610, 525, 264, 10950, 17847, 13, 151645, 198, 151644, 872, 198, 151652, 151655, 151653, 26987, 25, 5209, 4226, 279, 3405, 323, 3410, 279, 4396, 2999, 6524, 11, 384, 1302, 2572, 362, 11, 425, 11, 356, 11, 422, 11, 518, 279, 835, 624, 14582, 25, 3155, 498, 1490]","Hint: Please answer the question and provide the correct option letter, e.g., A, B, C, D, at the end.
Question: Do you see the figures inside these boxes? They form a pattern. Choose the figure in the answer row below that continues the pattern.
Choices:
(A) 1
(B) 2
(C) 3
(D) 4
(E) 5"
575,MathVista_MINI,146,1,182,328,"[{'original_size': (509, 287), 'target_size': (504, 280), 'patches_h': 10, 'patches_w': 18, 'total_patches': 180, 'image_tokens': 180, 'total_image_tokens': 182, 'patch_size': 28}]","[151644, 8948, 198, 2610, 525, 264, 10950, 17847, 13, 151645, 198, 151644, 872, 198, 151652, 151655, 151653, 26987, 25, 5209, 4226, 279, 3405, 323, 3410, 279, 4396, 2999, 6524, 11, 384, 1302, 2572, 362, 11, 425, 11, 356, 11, 422, 11, 518, 279, 835, 624, 14582, 25, 38233, 400, 75]","Hint: Please answer the question and provide the correct option letter, e.g., A, B, C, D, at the end.
Question: Lines $l$, $m$, and $n$ are perpendicular bisectors of $\triangle PQR$ and meet at $T$. If $TQ = 2x$, $PT = 3y - 1$, and $TR = 8$, find $z$.
Choices:
(A) 3
(B) 4
(C) 5
(D) 6"
576,MathVista_MINI,111,1,596,707,"[{'original_size': (768, 625), 'target_size': (756, 616), 'patches_h': 22, 'patches_w': 27, 'total_patches': 594, 'image_tokens': 594, 'total_image_tokens': 596, 'patch_size': 28}]","[151644, 8948, 198, 2610, 525, 264, 10950, 17847, 13, 151645, 198, 151644, 872, 198, 151652, 151655, 151653, 26987, 25, 5209, 4226, 279, 3405, 323, 3410, 279, 4396, 2999, 6524, 11, 384, 1302, 2572, 362, 11, 425, 11, 356, 11, 422, 11, 518, 279, 835, 624, 14582, 25, 15920, 949, 315]","Hint: Please answer the question and provide the correct option letter, e.g., A, B, C, D, at the end.
Question: Which part of the human brain is the largest and most anterior part of each cerebral hemisphere?
Choices:
(A) motor cortex
(B) occipital lobe
(C) temporal lobe
(D) frontal lobe"
577,MathVista_MINI,231,1,97,328,"[{'original_size': (533, 142), 'target_size': (532, 140), 'patches_h': 5, 'patches_w': 19, 'total_patches': 95, 'image_tokens': 95, 'total_image_tokens': 97, 'patch_size': 28}]","[151644, 8948, 198, 2610, 525, 264, 10950, 17847, 13, 151645, 198, 151644, 872, 198, 151652, 151655, 151653, 26987, 25, 5209, 4226, 279, 3405, 22703, 458, 7546, 4226, 323, 3410, 279, 1590, 897, 11, 384, 1302, 2572, 220, 16, 11, 220, 17, 11, 220, 18, 11, 518, 279, 835, 624, 14582]","Hint: Please answer the question requiring an integer answer and provide the final value, e.g., 1, 2, 3, at the end.
Question: Consider the following matrices:
$$
\mathbf{A}=\left(\begin{array}{rrr}
1 & 2 & -1 \\
0 & 3 & 1 \\
2 & 0 & 1
\end{array}\right), \quad \mathbf{B}=\left(\begin{array}{rrr}
2 & 1 & 0 \\
0 & -1 & 2 \\
1 & 1 & 3
\end{array}\right), \quad \mathbf{C}=\left(\begin{array}{ll}
2 & 1 \\
4 & 3 \\
1 & 0
\end{array}\right)
$$
Find $|\mathbf{A B}|$."
578,MathVista_MINI,75,1,232,307,"[{'original_size': (637, 285), 'target_size': (644, 280), 'patches_h': 10, 'patches_w': 23, 'total_patches': 230, 'image_tokens': 230, 'total_image_tokens': 232, 'patch_size': 28}]","[151644, 8948, 198, 2610, 525, 264, 10950, 17847, 13, 151645, 198, 151644, 872, 198, 151652, 151655, 151653, 26987, 25, 5209, 4226, 279, 3405, 22703, 458, 7546, 4226, 323, 3410, 279, 1590, 897, 11, 384, 1302, 2572, 220, 16, 11, 220, 17, 11, 220, 18, 11, 518, 279, 835, 624, 14582]","Hint: Please answer the question requiring an integer answer and provide the final value, e.g., 1, 2, 3, at the end.
Question: What number is shown?"
579,MathVista_MINI,88,1,1102,1190,"[{'original_size': (1228, 700), 'target_size': (1232, 700), 'patches_h': 25, 'patches_w': 44, 'total_patches': 1100, 'image_tokens': 1100, 'total_image_tokens': 1102, 'patch_size': 28}]","[151644, 8948, 198, 2610, 525, 264, 10950, 17847, 13, 151645, 198, 151644, 872, 198, 151652, 151655, 151653, 26987, 25, 5209, 4226, 279, 3405, 22703, 458, 7546, 4226, 323, 3410, 279, 1590, 897, 11, 384, 1302, 2572, 220, 16, 11, 220, 17, 11, 220, 18, 11, 518, 279, 835, 624, 14582]","Hint: Please answer the question requiring an integer answer and provide the final value, e.g., 1, 2, 3, at the end.
Question: What is the average number of documents required per shipment to export goods in Uganda per year?"
580,MathVista_MINI,82,1,324,406,"[{'original_size': (650, 400), 'target_size': (644, 392), 'patches_h': 14, 'patches_w': 23, 'total_patches': 322, 'image_tokens': 322, 'total_image_tokens': 324, 'patch_size': 28}]","[151644, 8948, 198, 2610, 525, 264, 10950, 17847, 13, 151645, 198, 151644, 872, 198, 151652, 151655, 151653, 26987, 25, 5209, 4226, 279, 3405, 323, 3410, 279, 4396, 2999, 6524, 11, 384, 1302, 2572, 362, 11, 425, 11, 356, 11, 422, 11, 518, 279, 835, 624, 14582, 25, 2160, 68319, 279]","Hint: Please answer the question and provide the correct option letter, e.g., A, B, C, D, at the end.
Question: Is Slate the high median?
Choices:
(A) yes
(B) no"
581,MathVista_MINI,87,1,101,188,"[{'original_size': (320, 240), 'target_size': (308, 252), 'patches_h': 9, 'patches_w': 11, 'total_patches': 99, 'image_tokens': 99, 'total_image_tokens': 101, 'patch_size': 28}]","[151644, 8948, 198, 2610, 525, 264, 10950, 17847, 13, 151645, 198, 151644, 872, 198, 151652, 151655, 151653, 26987, 25, 5209, 4226, 279, 3405, 22703, 458, 7546, 4226, 323, 3410, 279, 1590, 897, 11, 384, 1302, 2572, 220, 16, 11, 220, 17, 11, 220, 18, 11, 518, 279, 835, 624, 14582]","Hint: Please answer the question requiring an integer answer and provide the final value, e.g., 1, 2, 3, at the end.
Question: Subtract all large matte cubes. Subtract all matte blocks. How many objects are left?"
582,MathVista_MINI,84,1,296,380,"[{'original_size': (582, 400), 'target_size': (588, 392), 'patches_h': 14, 'patches_w': 21, 'total_patches': 294, 'image_tokens': 294, 'total_image_tokens': 296, 'patch_size': 28}]","[151644, 8948, 198, 2610, 525, 264, 10950, 17847, 13, 151645, 198, 151644, 872, 198, 151652, 151655, 151653, 26987, 25, 5209, 4226, 279, 3405, 323, 3410, 279, 4396, 2999, 6524, 11, 384, 1302, 2572, 362, 11, 425, 11, 356, 11, 422, 11, 518, 279, 835, 624, 14582, 25, 2160, 4895, 7840]","Hint: Please answer the question and provide the correct option letter, e.g., A, B, C, D, at the end.
Question: Is Web Green greater than Rebecca Purple?
Choices:
(A) yes
(B) no"
583,MathVista_MINI,108,1,189,297,"[{'original_size': (319, 465), 'target_size': (308, 476), 'patches_h': 17, 'patches_w': 11, 'total_patches': 187, 'image_tokens': 187, 'total_image_tokens': 189, 'patch_size': 28}]","[151644, 8948, 198, 2610, 525, 264, 10950, 17847, 13, 151645, 198, 151644, 872, 198, 151652, 151655, 151653, 26987, 25, 5209, 4226, 279, 3405, 323, 3410, 279, 4396, 2999, 6524, 11, 384, 1302, 2572, 362, 11, 425, 11, 356, 11, 422, 11, 518, 279, 835, 624, 14582, 25, 7379, 856, 13]","Hint: Please answer the question and provide the correct option letter, e.g., A, B, C, D, at the end.
Question: Find x. Round to the nearest tenth.

Choices:
(A) 5.8
(B) 6.5
(C) 14.2
(D) 44.3"
584,MathVista_MINI,108,1,100,208,"[{'original_size': (391, 187), 'target_size': (392, 196), 'patches_h': 7, 'patches_w': 14, 'total_patches': 98, 'image_tokens': 98, 'total_image_tokens': 100, 'patch_size': 28}]","[151644, 8948, 198, 2610, 525, 264, 10950, 17847, 13, 151645, 198, 151644, 872, 198, 151652, 151655, 151653, 26987, 25, 5209, 4226, 279, 3405, 323, 3410, 279, 4396, 2999, 6524, 11, 384, 1302, 2572, 362, 11, 425, 11, 356, 11, 422, 11, 518, 279, 835, 624, 14582, 25, 362, 57638, 43936]","Hint: Please answer the question and provide the correct option letter, e.g., A, B, C, D, at the end.
Question: A philanthropic organization compared the amounts of money that its members donated to certain causes. Who donated more money to arts education, Aubrey or Connor?'
Choices:
(A) Connor
(B) Aubrey"
585,MathVista_MINI,119,1,17,136,"[{'original_size': (148, 92), 'target_size': (140, 84), 'patches_h': 3, 'patches_w': 5, 'total_patches': 15, 'image_tokens': 15, 'total_image_tokens': 17, 'patch_size': 28}]","[151644, 8948, 198, 2610, 525, 264, 10950, 17847, 13, 151645, 198, 151644, 872, 198, 151652, 151655, 151653, 26987, 25, 5209, 4226, 279, 3405, 323, 3410, 279, 4396, 2999, 6524, 11, 384, 1302, 2572, 362, 11, 425, 11, 356, 11, 422, 11, 518, 279, 835, 624, 14582, 25, 69372, 28029, 96050]","Hint: Please answer the question and provide the correct option letter, e.g., A, B, C, D, at the end.
Question: 如图，在矩形ABCD中，AB＝2，∠AOB＝60°，则BD的长为（）
Choices:
(A) 4
(B) 3
(C) 2
(D) 2√{3}"
586,MathVista_MINI,195,1,11,206,"[{'original_size': (80, 75), 'target_size': (84, 84), 'patches_h': 3, 'patches_w': 3, 'total_patches': 9, 'image_tokens': 9, 'total_image_tokens': 11, 'patch_size': 28}]","[151644, 8948, 198, 2610, 525, 264, 10950, 17847, 13, 151645, 198, 151644, 872, 198, 151652, 151655, 151653, 26987, 25, 5209, 4226, 279, 3405, 323, 3410, 279, 4396, 2999, 6524, 11, 384, 1302, 2572, 362, 11, 425, 11, 356, 11, 422, 11, 518, 279, 835, 624, 14582, 25, 1634, 6839, 304]","Hint: Please answer the question and provide the correct option letter, e.g., A, B, C, D, at the end.
Question: As shown in the figure, in Rt△ABC, ∠BAC = 90.0, rotate △ABC clockwise around point A by 90.0 to obtain △AB′C′ (the corresponding point of point B is point B′, and the corresponding point of point C is point C ′), connect CC′. If ∠CC′B′ = 32.0, then the size of ∠AC′B′ is ()
Choices:
(A) 32°
(B) 45°
(C) 13°
(D) 30°"
587,MathVista_MINI,208,1,22,230,"[{'original_size': (144, 124), 'target_size': (140, 112), 'patches_h': 4, 'patches_w': 5, 'total_patches': 20, 'image_tokens': 20, 'total_image_tokens': 22, 'patch_size': 28}]","[151644, 8948, 198, 2610, 525, 264, 10950, 17847, 13, 151645, 198, 151644, 872, 198, 151652, 151655, 151653, 26987, 25, 5209, 4226, 279, 3405, 323, 3410, 279, 4396, 2999, 6524, 11, 384, 1302, 2572, 362, 11, 425, 11, 356, 11, 422, 11, 518, 279, 835, 624, 14582, 25, 2411, 220, 24]","Hint: Please answer the question and provide the correct option letter, e.g., A, B, C, D, at the end.
Question: At 9.0 in the morning, a ship departs from point A and sails in the direction due east at a speed of 40.0 nautical miles per hour, and arrives at point B at 9.0 and 30.0 minutes. As shown in the figure, the island M is measured from A and B. In the direction of 45.0 north by east and 15.0 north by east, then the distance between B and island M is ()
Choices:
(A) 20海里
(B) 20√{2}海里
(C) 15海里
(D) 20海里"
588,MathVista_MINI,78,1,1242,1320,"[{'original_size': (1785, 2281), 'target_size': (868, 1120), 'patches_h': 40, 'patches_w': 31, 'total_patches': 1240, 'image_tokens': 1240, 'total_image_tokens': 1242, 'patch_size': 28}]","[151644, 8948, 198, 2610, 525, 264, 10950, 17847, 13, 151645, 198, 151644, 872, 198, 151652, 151655, 151653, 26987, 25, 5209, 4226, 279, 3405, 22703, 458, 7546, 4226, 323, 3410, 279, 1590, 897, 11, 384, 1302, 2572, 220, 16, 11, 220, 17, 11, 220, 18, 11, 518, 279, 835, 624, 14582]","Hint: Please answer the question requiring an integer answer and provide the final value, e.g., 1, 2, 3, at the end.
Question: Which year has more actual total income?"
589,MathVista_MINI,89,1,393,482,"[{'original_size': (640, 480), 'target_size': (644, 476), 'patches_h': 17, 'patches_w': 23, 'total_patches': 391, 'image_tokens': 391, 'total_image_tokens': 393, 'patch_size': 28}]","[151644, 8948, 198, 2610, 525, 264, 10950, 17847, 13, 151645, 198, 151644, 872, 198, 151652, 151655, 151653, 26987, 25, 5209, 4226, 279, 3405, 22703, 458, 7546, 4226, 323, 3410, 279, 1590, 897, 11, 384, 1302, 2572, 220, 16, 11, 220, 17, 11, 220, 18, 11, 518, 279, 835, 624, 14582]","Hint: Please answer the question requiring an integer answer and provide the final value, e.g., 1, 2, 3, at the end.
Question: What number of things are either large objects behind the shiny double bus or tiny gray metal objects?"
590,MathVista_MINI,87,1,119,206,"[{'original_size': (376, 264), 'target_size': (364, 252), 'patches_h': 9, 'patches_w': 13, 'total_patches': 117, 'image_tokens': 117, 'total_image_tokens': 119, 'patch_size': 28}]","[151644, 8948, 198, 2610, 525, 264, 10950, 17847, 13, 151645, 198, 151644, 872, 198, 151652, 151655, 151653, 26987, 25, 5209, 4226, 279, 3405, 22703, 458, 7546, 4226, 323, 3410, 279, 1590, 897, 11, 384, 1302, 2572, 220, 16, 11, 220, 17, 11, 220, 18, 11, 518, 279, 835, 624, 14582]","Hint: Please answer the question requiring an integer answer and provide the final value, e.g., 1, 2, 3, at the end.
Question: What is the age gap between these two people in image? (Unit: years)"
591,MathVista_MINI,86,1,674,760,"[{'original_size': (900, 600), 'target_size': (896, 588), 'patches_h': 21, 'patches_w': 32, 'total_patches': 672, 'image_tokens': 672, 'total_image_tokens': 674, 'patch_size': 28}]","[151644, 8948, 198, 2610, 525, 264, 10950, 17847, 13, 151645, 198, 151644, 872, 198, 151652, 151655, 151653, 26987, 25, 5209, 4226, 279, 3405, 22703, 458, 7546, 4226, 323, 3410, 279, 1590, 897, 11, 384, 1302, 2572, 220, 16, 11, 220, 17, 11, 220, 18, 11, 518, 279, 835, 624, 14582]","Hint: Please answer the question requiring an integer answer and provide the final value, e.g., 1, 2, 3, at the end.
Question: How many people in the image were born after the end of World War II?"
592,MathVista_MINI,79,1,112,191,"[{'original_size': (283, 318), 'target_size': (280, 308), 'patches_h': 11, 'patches_w': 10, 'total_patches': 110, 'image_tokens': 110, 'total_image_tokens': 112, 'patch_size': 28}]","[151644, 8948, 198, 2610, 525, 264, 10950, 17847, 13, 151645, 198, 151644, 872, 198, 151652, 151655, 151653, 26987, 25, 5209, 4226, 279, 3405, 22703, 458, 7546, 4226, 323, 3410, 279, 1590, 897, 11, 384, 1302, 2572, 220, 16, 11, 220, 17, 11, 220, 18, 11, 518, 279, 835, 624, 14582]","Hint: Please answer the question requiring an integer answer and provide the final value, e.g., 1, 2, 3, at the end.
Question: What is the global maximum of this function?"
593,MathVista_MINI,84,1,582,666,"[{'original_size': (800, 557), 'target_size': (812, 560), 'patches_h': 20, 'patches_w': 29, 'total_patches': 580, 'image_tokens': 580, 'total_image_tokens': 582, 'patch_size': 28}]","[151644, 8948, 198, 2610, 525, 264, 10950, 17847, 13, 151645, 198, 151644, 872, 198, 151652, 151655, 151653, 26987, 25, 5209, 4226, 279, 3405, 22703, 458, 7546, 4226, 323, 3410, 279, 1590, 897, 11, 384, 1302, 2572, 220, 16, 11, 220, 17, 11, 220, 18, 11, 518, 279, 835, 624, 14582]","Hint: Please answer the question requiring an integer answer and provide the final value, e.g., 1, 2, 3, at the end.
Question: What is the average of longest light blue bar and shortest gray bar?"
594,MathVista_MINI,83,1,632,715,"[{'original_size': (850, 600), 'target_size': (840, 588), 'patches_h': 21, 'patches_w': 30, 'total_patches': 630, 'image_tokens': 630, 'total_image_tokens': 632, 'patch_size': 28}]","[151644, 8948, 198, 2610, 525, 264, 10950, 17847, 13, 151645, 198, 151644, 872, 198, 151652, 151655, 151653, 26987, 25, 5209, 4226, 279, 3405, 22703, 458, 7546, 4226, 323, 3410, 279, 1590, 897, 11, 384, 1302, 2572, 220, 16, 11, 220, 17, 11, 220, 18, 11, 518, 279, 835, 624, 14582]","Hint: Please answer the question requiring an integer answer and provide the final value, e.g., 1, 2, 3, at the end.
Question: When does the expenditure per student in Jamaica have the greatest increase?"
595,MathVista_MINI,82,1,268,350,"[{'original_size': (532, 400), 'target_size': (532, 392), 'patches_h': 14, 'patches_w': 19, 'total_patches': 266, 'image_tokens': 266, 'total_image_tokens': 268, 'patch_size': 28}]","[151644, 8948, 198, 2610, 525, 264, 10950, 17847, 13, 151645, 198, 151644, 872, 198, 151652, 151655, 151653, 26987, 25, 5209, 4226, 279, 3405, 323, 3410, 279, 4396, 2999, 6524, 11, 384, 1302, 2572, 362, 11, 425, 11, 356, 11, 422, 11, 518, 279, 835, 624, 14582, 25, 2160, 19036, 8697]","Hint: Please answer the question and provide the correct option letter, e.g., A, B, C, D, at the end.
Question: Is Navy Blue the maximum?
Choices:
(A) yes
(B) no"
596,MathVista_MINI,84,1,212,296,"[{'original_size': (407, 400), 'target_size': (420, 392), 'patches_h': 14, 'patches_w': 15, 'total_patches': 210, 'image_tokens': 210, 'total_image_tokens': 212, 'patch_size': 28}]","[151644, 8948, 198, 2610, 525, 264, 10950, 17847, 13, 151645, 198, 151644, 872, 198, 151652, 151655, 151653, 26987, 25, 5209, 4226, 279, 3405, 323, 3410, 279, 4396, 2999, 6524, 11, 384, 1302, 2572, 362, 11, 425, 11, 356, 11, 422, 11, 518, 279, 835, 624, 14582, 25, 2160, 35868, 1389]","Hint: Please answer the question and provide the correct option letter, e.g., A, B, C, D, at the end.
Question: Is Dodger Blue the low median?
Choices:
(A) yes
(B) no"
597,MathVista_MINI,80,1,258,338,"[{'original_size': (448, 448), 'target_size': (448, 448), 'patches_h': 16, 'patches_w': 16, 'total_patches': 256, 'image_tokens': 256, 'total_image_tokens': 258, 'patch_size': 28}]","[151644, 8948, 198, 2610, 525, 264, 10950, 17847, 13, 151645, 198, 151644, 872, 198, 151652, 151655, 151653, 26987, 25, 5209, 4226, 279, 3405, 22703, 458, 7546, 4226, 323, 3410, 279, 1590, 897, 11, 384, 1302, 2572, 220, 16, 11, 220, 17, 11, 220, 18, 11, 518, 279, 835, 624, 14582]","Hint: Please answer the question requiring an integer answer and provide the final value, e.g., 1, 2, 3, at the end.
Question: What percentage of people prefer the least preferred object?"
598,MathVista_MINI,100,1,359,459,"[{'original_size': (593, 463), 'target_size': (588, 476), 'patches_h': 17, 'patches_w': 21, 'total_patches': 357, 'image_tokens': 357, 'total_image_tokens': 359, 'patch_size': 28}]","[151644, 8948, 198, 2610, 525, 264, 10950, 17847, 13, 151645, 198, 151644, 872, 198, 151652, 151655, 151653, 26987, 25, 5209, 4226, 279, 3405, 323, 3410, 279, 4396, 2999, 6524, 11, 384, 1302, 2572, 362, 11, 425, 11, 356, 11, 422, 11, 518, 279, 835, 624, 14582, 25, 3555, 374, 279]","Hint: Please answer the question and provide the correct option letter, e.g., A, B, C, D, at the end.
Question: What is the most curved beak species?
Choices:
(A) iiki
(B) swallow-tanager
(C) cliff swallow
(D) hawfinch"
599,MathVista_MINI,140,1,170,310,"[{'original_size': (393, 340), 'target_size': (392, 336), 'patches_h': 12, 'patches_w': 14, 'total_patches': 168, 'image_tokens': 168, 'total_image_tokens': 170, 'patch_size': 28}]","[151644, 8948, 198, 2610, 525, 264, 10950, 17847, 13, 151645, 198, 151644, 872, 198, 151652, 151655, 151653, 26987, 25, 5209, 4226, 279, 3405, 323, 3410, 279, 4396, 2999, 6524, 11, 384, 1302, 2572, 362, 11, 425, 11, 356, 11, 422, 11, 518, 279, 835, 624, 14582, 25, 758, 279, 7071]","Hint: Please answer the question and provide the correct option letter, e.g., A, B, C, D, at the end.
Question: In the figure above, AC = 6 and BC = 3. Point P lies on line AB between A and B such that line CP is perpendicular to line AB. Which of the following could be the length of line CP?
Choices:
(A) 2
(B) 4
(C) 5
(D) 7
(E) 8"
600,MathVista_MINI,92,1,347,439,"[{'original_size': (424, 637), 'target_size': (420, 644), 'patches_h': 23, 'patches_w': 15, 'total_patches': 345, 'image_tokens': 345, 'total_image_tokens': 347, 'patch_size': 28}]","[151644, 8948, 198, 2610, 525, 264, 10950, 17847, 13, 151645, 198, 151644, 872, 198, 151652, 151655, 151653, 26987, 25, 5209, 4226, 279, 3405, 323, 3410, 279, 4396, 2999, 6524, 11, 384, 1302, 2572, 362, 11, 425, 11, 356, 11, 422, 11, 518, 279, 835, 624, 14582, 25, 22201, 279, 4226]","Hint: Please answer the question and provide the correct option letter, e.g., A, B, C, D, at the end.
Question: Choose the answer.
Choices:
(A) A
(B) B
(C) C
(D) D
(E) E"
601,MathVista_MINI,96,1,114,210,"[{'original_size': (210, 386), 'target_size': (224, 392), 'patches_h': 14, 'patches_w': 8, 'total_patches': 112, 'image_tokens': 112, 'total_image_tokens': 114, 'patch_size': 28}]","[151644, 8948, 198, 2610, 525, 264, 10950, 17847, 13, 151645, 198, 151644, 872, 198, 151652, 151655, 151653, 26987, 25, 5209, 4226, 279, 3405, 22703, 264, 19057, 16574, 1372, 448, 1378, 12122, 7482, 323, 3410, 279, 1590, 897, 11, 384, 1302, 2572, 220, 16, 13, 17, 18, 11, 220, 16, 13]","Hint: Please answer the question requiring a floating-point number with two decimal places and provide the final value, e.g., 1.23, 1.34, 1.45, at the end.
Question: What's the ratio of smallest segment and second largest segment?"
602,MathVista_MINI,106,1,130,236,"[{'original_size': (435, 219), 'target_size': (448, 224), 'patches_h': 8, 'patches_w': 16, 'total_patches': 128, 'image_tokens': 128, 'total_image_tokens': 130, 'patch_size': 28}]","[151644, 8948, 198, 2610, 525, 264, 10950, 17847, 13, 151645, 198, 151644, 872, 198, 151652, 151655, 151653, 26987, 25, 5209, 4226, 279, 3405, 22703, 458, 7546, 4226, 323, 3410, 279, 1590, 897, 11, 384, 1302, 2572, 220, 16, 11, 220, 17, 11, 220, 18, 11, 518, 279, 835, 624, 14582]","Hint: Please answer the question requiring an integer answer and provide the final value, e.g., 1, 2, 3, at the end.
Question: Rectangle ABCD is subdivided into two identical square regions, as in the figure above. If the area of each square is 9, what is the perimeter of ABCD?"
603,MathVista_MINI,95,1,1242,1337,"[{'original_size': (1754, 2237), 'target_size': (868, 1120), 'patches_h': 40, 'patches_w': 31, 'total_patches': 1240, 'image_tokens': 1240, 'total_image_tokens': 1242, 'patch_size': 28}]","[151644, 8948, 198, 2610, 525, 264, 10950, 17847, 13, 151645, 198, 151644, 872, 198, 151652, 151655, 151653, 26987, 25, 5209, 4226, 279, 3405, 22703, 458, 7546, 4226, 323, 3410, 279, 1590, 897, 11, 384, 1302, 2572, 220, 16, 11, 220, 17, 11, 220, 18, 11, 518, 279, 835, 624, 14582]","Hint: Please answer the question requiring an integer answer and provide the final value, e.g., 1, 2, 3, at the end.
Question: What is cumulative increase in weight ( in grams) for ""GROUP C"" in third week ( give an approximate value) ?"
604,MathVista_MINI,84,1,352,436,"[{'original_size': (700, 400), 'target_size': (700, 392), 'patches_h': 14, 'patches_w': 25, 'total_patches': 350, 'image_tokens': 350, 'total_image_tokens': 352, 'patch_size': 28}]","[151644, 8948, 198, 2610, 525, 264, 10950, 17847, 13, 151645, 198, 151644, 872, 198, 151652, 151655, 151653, 26987, 25, 5209, 4226, 279, 3405, 323, 3410, 279, 4396, 2999, 6524, 11, 384, 1302, 2572, 362, 11, 425, 11, 356, 11, 422, 11, 518, 279, 835, 624, 14582, 25, 2160, 12258, 54305]","Hint: Please answer the question and provide the correct option letter, e.g., A, B, C, D, at the end.
Question: Is Dark Orchid the roughest?
Choices:
(A) yes
(B) no"
605,MathVista_MINI,89,1,101,190,"[{'original_size': (320, 240), 'target_size': (308, 252), 'patches_h': 9, 'patches_w': 11, 'total_patches': 99, 'image_tokens': 99, 'total_image_tokens': 101, 'patch_size': 28}]","[151644, 8948, 198, 2610, 525, 264, 10950, 17847, 13, 151645, 198, 151644, 872, 198, 151652, 151655, 151653, 26987, 25, 5209, 4226, 279, 3405, 22703, 458, 7546, 4226, 323, 3410, 279, 1590, 897, 11, 384, 1302, 2572, 220, 16, 11, 220, 17, 11, 220, 18, 11, 518, 279, 835, 624, 14582]","Hint: Please answer the question requiring an integer answer and provide the final value, e.g., 1, 2, 3, at the end.
Question: Subtract all large green matte cubes. Subtract all big green blocks. How many objects are left?"
606,MathVista_MINI,78,1,86,164,"[{'original_size': (335, 209), 'target_size': (336, 196), 'patches_h': 7, 'patches_w': 12, 'total_patches': 84, 'image_tokens': 84, 'total_image_tokens': 86, 'patch_size': 28}]","[151644, 8948, 198, 2610, 525, 264, 10950, 17847, 13, 151645, 198, 151644, 872, 198, 151652, 151655, 151653, 26987, 25, 5209, 4226, 279, 3405, 22703, 458, 7546, 4226, 323, 3410, 279, 1590, 897, 11, 384, 1302, 2572, 220, 16, 11, 220, 17, 11, 220, 18, 11, 518, 279, 835, 624, 14582]","Hint: Please answer the question requiring an integer answer and provide the final value, e.g., 1, 2, 3, at the end.
Question: What is the perimeter of the rectangle?"
607,MathVista_MINI,88,1,101,189,"[{'original_size': (320, 240), 'target_size': (308, 252), 'patches_h': 9, 'patches_w': 11, 'total_patches': 99, 'image_tokens': 99, 'total_image_tokens': 101, 'patch_size': 28}]","[151644, 8948, 198, 2610, 525, 264, 10950, 17847, 13, 151645, 198, 151644, 872, 198, 151652, 151655, 151653, 26987, 25, 5209, 4226, 279, 3405, 22703, 458, 7546, 4226, 323, 3410, 279, 1590, 897, 11, 384, 1302, 2572, 220, 16, 11, 220, 17, 11, 220, 18, 11, 518, 279, 835, 624, 14582]","Hint: Please answer the question requiring an integer answer and provide the final value, e.g., 1, 2, 3, at the end.
Question: Subtract all yellow shiny things. Subtract all yellow metal things. How many objects are left?"
608,MathVista_MINI,87,1,562,649,"[{'original_size': (775, 560), 'target_size': (784, 560), 'patches_h': 20, 'patches_w': 28, 'total_patches': 560, 'image_tokens': 560, 'total_image_tokens': 562, 'patch_size': 28}]","[151644, 8948, 198, 2610, 525, 264, 10950, 17847, 13, 151645, 198, 151644, 872, 198, 151652, 151655, 151653, 26987, 25, 5209, 4226, 279, 3405, 323, 3410, 279, 4396, 2999, 6524, 11, 384, 1302, 2572, 362, 11, 425, 11, 356, 11, 422, 11, 518, 279, 835, 624, 14582, 25, 12553, 4882, 12740]","Hint: Please answer the question and provide the correct option letter, e.g., A, B, C, D, at the end.
Question: Does South Carolina have the highest value in the South ?
Choices:
(A) Yes
(B) No"
609,MathVista_MINI,89,1,101,190,"[{'original_size': (320, 240), 'target_size': (308, 252), 'patches_h': 9, 'patches_w': 11, 'total_patches': 99, 'image_tokens': 99, 'total_image_tokens': 101, 'patch_size': 28}]","[151644, 8948, 198, 2610, 525, 264, 10950, 17847, 13, 151645, 198, 151644, 872, 198, 151652, 151655, 151653, 26987, 25, 5209, 4226, 279, 3405, 22703, 458, 7546, 4226, 323, 3410, 279, 1590, 897, 11, 384, 1302, 2572, 220, 16, 11, 220, 17, 11, 220, 18, 11, 518, 279, 835, 624, 14582]","Hint: Please answer the question requiring an integer answer and provide the final value, e.g., 1, 2, 3, at the end.
Question: Subtract all big green matte cylinders. Subtract all big brown cubes. How many objects are left?"
610,MathVista_MINI,150,1,197,347,"[{'original_size': (411, 353), 'target_size': (420, 364), 'patches_h': 13, 'patches_w': 15, 'total_patches': 195, 'image_tokens': 195, 'total_image_tokens': 197, 'patch_size': 28}]","[151644, 8948, 198, 2610, 525, 264, 10950, 17847, 13, 151645, 198, 151644, 872, 198, 151652, 151655, 151653, 26987, 25, 5209, 4226, 279, 3405, 323, 3410, 279, 4396, 2999, 6524, 11, 384, 1302, 2572, 362, 11, 425, 11, 356, 11, 422, 11, 518, 279, 835, 624, 14582, 25, 758, 279, 7071]","Hint: Please answer the question and provide the correct option letter, e.g., A, B, C, D, at the end.
Question: In the figure above, P, Q, and R lie on the same line. P is the center of the larger circle, and Q is the center of the smaller circle. If the radius of the larger circle is 4, what is the radius of the smaller circle?
Choices:
(A) 1
(B) 2
(C) 4
(D) 8
(E) 16"
611,MathVista_MINI,102,1,32,134,"[{'original_size': (153, 180), 'target_size': (140, 168), 'patches_h': 6, 'patches_w': 5, 'total_patches': 30, 'image_tokens': 30, 'total_image_tokens': 32, 'patch_size': 28}]","[151644, 8948, 198, 2610, 525, 264, 10950, 17847, 13, 151645, 198, 151644, 872, 198, 151652, 151655, 151653, 26987, 25, 5209, 4226, 279, 3405, 22703, 458, 7546, 4226, 323, 3410, 279, 1590, 897, 11, 384, 1302, 2572, 220, 16, 11, 220, 17, 11, 220, 18, 11, 518, 279, 835, 624, 14582]","Hint: Please answer the question requiring an integer answer and provide the final value, e.g., 1, 2, 3, at the end.
Question: A shipping company keeps track of the number of boxes in each shipment they send out. How many shipments had exactly 56 boxes? (Unit: shipments)"
612,MathVista_MINI,87,1,101,188,"[{'original_size': (320, 240), 'target_size': (308, 252), 'patches_h': 9, 'patches_w': 11, 'total_patches': 99, 'image_tokens': 99, 'total_image_tokens': 101, 'patch_size': 28}]","[151644, 8948, 198, 2610, 525, 264, 10950, 17847, 13, 151645, 198, 151644, 872, 198, 151652, 151655, 151653, 26987, 25, 5209, 4226, 279, 3405, 22703, 458, 7546, 4226, 323, 3410, 279, 1590, 897, 11, 384, 1302, 2572, 220, 16, 11, 220, 17, 11, 220, 18, 11, 518, 279, 835, 624, 14582]","Hint: Please answer the question requiring an integer answer and provide the final value, e.g., 1, 2, 3, at the end.
Question: Subtract all blue metal things. Subtract all tiny objects. How many objects are left?"
613,MathVista_MINI,76,1,53,129,"[{'original_size': (473, 87), 'target_size': (476, 84), 'patches_h': 3, 'patches_w': 17, 'total_patches': 51, 'image_tokens': 51, 'total_image_tokens': 53, 'patch_size': 28}]","[151644, 8948, 198, 2610, 525, 264, 10950, 17847, 13, 151645, 198, 151644, 872, 198, 151652, 151655, 151653, 26987, 25, 5209, 4226, 279, 3405, 22703, 458, 7546, 4226, 323, 3410, 279, 1590, 897, 11, 384, 1302, 2572, 220, 16, 11, 220, 17, 11, 220, 18, 11, 518, 279, 835, 624, 14582]","Hint: Please answer the question requiring an integer answer and provide the final value, e.g., 1, 2, 3, at the end.
Question: How many houses are there?"
614,MathVista_MINI,87,1,794,881,"[{'original_size': (915, 661), 'target_size': (924, 672), 'patches_h': 24, 'patches_w': 33, 'total_patches': 792, 'image_tokens': 792, 'total_image_tokens': 794, 'patch_size': 28}]","[151644, 8948, 198, 2610, 525, 264, 10950, 17847, 13, 151645, 198, 151644, 872, 198, 151652, 151655, 151653, 26987, 25, 5209, 4226, 279, 3405, 22703, 458, 7546, 4226, 323, 3410, 279, 1590, 897, 11, 384, 1302, 2572, 220, 16, 11, 220, 17, 11, 220, 18, 11, 518, 279, 835, 624, 14582]","Hint: Please answer the question requiring an integer answer and provide the final value, e.g., 1, 2, 3, at the end.
Question: What is the age gap between these two people in image? (Unit: years)"
615,MathVista_MINI,118,1,135,253,"[{'original_size': (522, 195), 'target_size': (532, 196), 'patches_h': 7, 'patches_w': 19, 'total_patches': 133, 'image_tokens': 133, 'total_image_tokens': 135, 'patch_size': 28}]","[151644, 8948, 198, 2610, 525, 264, 10950, 17847, 13, 151645, 198, 151644, 872, 198, 151652, 151655, 151653, 26987, 25, 5209, 4226, 279, 3405, 323, 3410, 279, 4396, 2999, 6524, 11, 384, 1302, 2572, 362, 11, 425, 11, 356, 11, 422, 11, 518, 279, 835, 624, 14582, 25, 1416, 1378, 11067]","Hint: Please answer the question and provide the correct option letter, e.g., A, B, C, D, at the end.
Question: If two sides of a triangle measure 12 and 7, which of the following cannot be the perimeter of the triangle?
Choices:
(A) 29
(B) 34
(C) 37
(D) 38"
616,MathVista_MINI,79,1,582,661,"[{'original_size': (800, 557), 'target_size': (812, 560), 'patches_h': 20, 'patches_w': 29, 'total_patches': 580, 'image_tokens': 580, 'total_image_tokens': 582, 'patch_size': 28}]","[151644, 8948, 198, 2610, 525, 264, 10950, 17847, 13, 151645, 198, 151644, 872, 198, 151652, 151655, 151653, 26987, 25, 5209, 4226, 279, 3405, 22703, 458, 7546, 4226, 323, 3410, 279, 1590, 897, 11, 384, 1302, 2572, 220, 16, 11, 220, 17, 11, 220, 18, 11, 518, 279, 835, 624, 14582]","Hint: Please answer the question requiring an integer answer and provide the final value, e.g., 1, 2, 3, at the end.
Question: What is the ratio of instagram to google?"
617,MathVista_MINI,111,1,291,402,"[{'original_size': (478, 484), 'target_size': (476, 476), 'patches_h': 17, 'patches_w': 17, 'total_patches': 289, 'image_tokens': 289, 'total_image_tokens': 291, 'patch_size': 28}]","[151644, 8948, 198, 2610, 525, 264, 10950, 17847, 13, 151645, 198, 151644, 872, 198, 151652, 151655, 151653, 26987, 25, 5209, 4226, 279, 3405, 22703, 458, 7546, 4226, 323, 3410, 279, 1590, 897, 11, 384, 1302, 2572, 220, 16, 11, 220, 17, 11, 220, 18, 11, 518, 279, 835, 624, 14582]","Hint: Please answer the question requiring an integer answer and provide the final value, e.g., 1, 2, 3, at the end.
Question: The magnitude of the acceleration vector a is $10 \mathrm{~cm} / \mathrm{s}^2$. Use the figure to estimate the normal components of $\mathbf{a}$."
618,MathVista_MINI,83,1,268,351,"[{'original_size': (532, 400), 'target_size': (532, 392), 'patches_h': 14, 'patches_w': 19, 'total_patches': 266, 'image_tokens': 266, 'total_image_tokens': 268, 'patch_size': 28}]","[151644, 8948, 198, 2610, 525, 264, 10950, 17847, 13, 151645, 198, 151644, 872, 198, 151652, 151655, 151653, 26987, 25, 5209, 4226, 279, 3405, 323, 3410, 279, 4396, 2999, 6524, 11, 384, 1302, 2572, 362, 11, 425, 11, 356, 11, 422, 11, 518, 279, 835, 624, 14582, 25, 2160, 12258, 54305]","Hint: Please answer the question and provide the correct option letter, e.g., A, B, C, D, at the end.
Question: Is Dark Orchid the maximum?
Choices:
(A) yes
(B) no"
619,MathVista_MINI,79,1,842,921,"[{'original_size': (970, 666), 'target_size': (980, 672), 'patches_h': 24, 'patches_w': 35, 'total_patches': 840, 'image_tokens': 840, 'total_image_tokens': 842, 'patch_size': 28}]","[151644, 8948, 198, 2610, 525, 264, 10950, 17847, 13, 151645, 198, 151644, 872, 198, 151652, 151655, 151653, 26987, 25, 5209, 4226, 279, 3405, 22703, 458, 7546, 4226, 323, 3410, 279, 1590, 897, 11, 384, 1302, 2572, 220, 16, 11, 220, 17, 11, 220, 18, 11, 518, 279, 835, 624, 14582]","Hint: Please answer the question requiring an integer answer and provide the final value, e.g., 1, 2, 3, at the end.
Question: What is the value of f(4)?"
620,MathVista_MINI,93,1,114,207,"[{'original_size': (438, 199), 'target_size': (448, 196), 'patches_h': 7, 'patches_w': 16, 'total_patches': 112, 'image_tokens': 112, 'total_image_tokens': 114, 'patch_size': 28}]","[151644, 8948, 198, 2610, 525, 264, 10950, 17847, 13, 151645, 198, 151644, 872, 198, 151652, 151655, 151653, 26987, 25, 5209, 4226, 279, 3405, 22703, 458, 7546, 4226, 323, 3410, 279, 1590, 897, 11, 384, 1302, 2572, 220, 16, 11, 220, 17, 11, 220, 18, 11, 518, 279, 835, 624, 14582]","Hint: Please answer the question requiring an integer answer and provide the final value, e.g., 1, 2, 3, at the end.
Question: Move the ruler to measure the length of the nail to the nearest inch. The nail is about (_) inches long."
621,MathVista_MINI,144,1,156,300,"[{'original_size': (397, 315), 'target_size': (392, 308), 'patches_h': 11, 'patches_w': 14, 'total_patches': 154, 'image_tokens': 154, 'total_image_tokens': 156, 'patch_size': 28}]","[151644, 8948, 198, 2610, 525, 264, 10950, 17847, 13, 151645, 198, 151644, 872, 198, 151652, 151655, 151653, 26987, 25, 5209, 4226, 279, 3405, 323, 3410, 279, 4396, 2999, 6524, 11, 384, 1302, 2572, 362, 11, 425, 11, 356, 11, 422, 11, 518, 279, 835, 624, 14582, 25, 576, 7071, 3403]","Hint: Please answer the question and provide the correct option letter, e.g., A, B, C, D, at the end.
Question: The figure above is composed of 25 small triangles that are congruent and equilateral. If the area of triangle DFH is 10, what is the area of triangle AFK?
Choices:
(A) 40
(B) 42.5
(C) 50
(D) 52.5
(E) 62.5"
622,MathVista_MINI,129,1,17,146,"[{'original_size': (146, 92), 'target_size': (140, 84), 'patches_h': 3, 'patches_w': 5, 'total_patches': 15, 'image_tokens': 15, 'total_image_tokens': 17, 'patch_size': 28}]","[151644, 8948, 198, 2610, 525, 264, 10950, 17847, 13, 151645, 198, 151644, 872, 198, 151652, 151655, 151653, 26987, 25, 5209, 4226, 279, 3405, 323, 3410, 279, 4396, 2999, 6524, 11, 384, 1302, 2572, 362, 11, 425, 11, 356, 11, 422, 11, 518, 279, 835, 624, 14582, 25, 69372, 28029, 96050]","Hint: Please answer the question and provide the correct option letter, e.g., A, B, C, D, at the end.
Question: 如图，在△ABC中，D是BC上的点，且BD＝2，DC＝1，S△ACD＝12，那么S△ABC等于（）
Choices:
(A) 30
(B) 36
(C) 72
(D) 24"
623,MathVista_MINI,112,1,11,123,"[{'original_size': (95, 95), 'target_size': (84, 84), 'patches_h': 3, 'patches_w': 3, 'total_patches': 9, 'image_tokens': 9, 'total_image_tokens': 11, 'patch_size': 28}]","[151644, 8948, 198, 2610, 525, 264, 10950, 17847, 13, 151645, 198, 151644, 872, 198, 151652, 151655, 151653, 26987, 25, 5209, 4226, 279, 3405, 323, 3410, 279, 4396, 2999, 6524, 11, 384, 1302, 2572, 362, 11, 425, 11, 356, 11, 422, 11, 518, 279, 835, 624, 14582, 25, 3555, 882, 374]","Hint: Please answer the question and provide the correct option letter, e.g., A, B, C, D, at the end.
Question: What time is shown? Answer by typing a time word, not a number. It is twelve (_).
Choices:
(A) half
(B) quarter
(C) o'clock
(D) quarter to
(E) quarter past"
624,MathVista_MINI,93,1,1202,1295,"[{'original_size': (1344, 700), 'target_size': (1344, 700), 'patches_h': 25, 'patches_w': 48, 'total_patches': 1200, 'image_tokens': 1200, 'total_image_tokens': 1202, 'patch_size': 28}]","[151644, 8948, 198, 2610, 525, 264, 10950, 17847, 13, 151645, 198, 151644, 872, 198, 151652, 151655, 151653, 26987, 25, 5209, 4226, 279, 3405, 22703, 458, 7546, 4226, 323, 3410, 279, 1590, 897, 11, 384, 1302, 2572, 220, 16, 11, 220, 17, 11, 220, 18, 11, 518, 279, 835, 624, 14582]","Hint: Please answer the question requiring an integer answer and provide the final value, e.g., 1, 2, 3, at the end.
Question: In how many years, is the total unemployed labor force in Upper middle income greater than 1.6 %?"
625,MathVista_MINI,95,1,393,488,"[{'original_size': (640, 480), 'target_size': (644, 476), 'patches_h': 17, 'patches_w': 23, 'total_patches': 391, 'image_tokens': 391, 'total_image_tokens': 393, 'patch_size': 28}]","[151644, 8948, 198, 2610, 525, 264, 10950, 17847, 13, 151645, 198, 151644, 872, 198, 151652, 151655, 151653, 26987, 25, 5209, 4226, 279, 3405, 323, 3410, 279, 4396, 2999, 6524, 11, 384, 1302, 2572, 362, 11, 425, 11, 356, 11, 422, 11, 518, 279, 835, 624, 14582, 25, 2160, 279, 1372]","Hint: Please answer the question and provide the correct option letter, e.g., A, B, C, D, at the end.
Question: Is the number of blue matte school buss greater than the number of large cyan metallic jets?
Choices:
(A) Yes
(B) No"
626,MathVista_MINI,87,1,101,188,"[{'original_size': (320, 240), 'target_size': (308, 252), 'patches_h': 9, 'patches_w': 11, 'total_patches': 99, 'image_tokens': 99, 'total_image_tokens': 101, 'patch_size': 28}]","[151644, 8948, 198, 2610, 525, 264, 10950, 17847, 13, 151645, 198, 151644, 872, 198, 151652, 151655, 151653, 26987, 25, 5209, 4226, 279, 3405, 22703, 458, 7546, 4226, 323, 3410, 279, 1590, 897, 11, 384, 1302, 2572, 220, 16, 11, 220, 17, 11, 220, 18, 11, 518, 279, 835, 624, 14582]","Hint: Please answer the question requiring an integer answer and provide the final value, e.g., 1, 2, 3, at the end.
Question: Subtract all brown objects. Subtract all large purple cylinders. How many objects are left?"
627,MathVista_MINI,90,1,68,158,"[{'original_size': (155, 311), 'target_size': (168, 308), 'patches_h': 11, 'patches_w': 6, 'total_patches': 66, 'image_tokens': 66, 'total_image_tokens': 68, 'patch_size': 28}]","[151644, 8948, 198, 2610, 525, 264, 10950, 17847, 13, 151645, 198, 151644, 872, 198, 151652, 151655, 151653, 26987, 25, 5209, 4226, 279, 3405, 22703, 458, 7546, 4226, 323, 3410, 279, 1590, 897, 11, 384, 1302, 2572, 220, 16, 11, 220, 17, 11, 220, 18, 11, 518, 279, 835, 624, 14582]","Hint: Please answer the question requiring an integer answer and provide the final value, e.g., 1, 2, 3, at the end.
Question: Some friends played a trivia game and recorded their scores. What is the mode of the numbers?'"
628,MathVista_MINI,137,1,22,159,"[{'original_size': (151, 111), 'target_size': (140, 112), 'patches_h': 4, 'patches_w': 5, 'total_patches': 20, 'image_tokens': 20, 'total_image_tokens': 22, 'patch_size': 28}]","[151644, 8948, 198, 2610, 525, 264, 10950, 17847, 13, 151645, 198, 151644, 872, 198, 151652, 151655, 151653, 26987, 25, 5209, 4226, 279, 3405, 323, 3410, 279, 4396, 2999, 6524, 11, 384, 1302, 2572, 362, 11, 425, 11, 356, 11, 422, 11, 518, 279, 835, 624, 14582, 25, 69372, 28029, 96050]","Hint: Please answer the question and provide the correct option letter, e.g., A, B, C, D, at the end.
Question: 如图，在ABCD中，∠ABC的平分线交AD于点E，∠BCD的平分线交AD于点F，若AB＝3，AD＝4，则EF的长是（）
Choices:
(A) 1
(B) 2
(C) 2.5
(D) 3"
629,MathVista_MINI,79,1,258,337,"[{'original_size': (448, 448), 'target_size': (448, 448), 'patches_h': 16, 'patches_w': 16, 'total_patches': 256, 'image_tokens': 256, 'total_image_tokens': 258, 'patch_size': 28}]","[151644, 8948, 198, 2610, 525, 264, 10950, 17847, 13, 151645, 198, 151644, 872, 198, 151652, 151655, 151653, 26987, 25, 5209, 4226, 279, 3405, 22703, 458, 7546, 4226, 323, 3410, 279, 1590, 897, 11, 384, 1302, 2572, 220, 16, 11, 220, 17, 11, 220, 18, 11, 518, 279, 835, 624, 14582]","Hint: Please answer the question requiring an integer answer and provide the final value, e.g., 1, 2, 3, at the end.
Question: What percentage of people prefer the object hut?"
630,MathVista_MINI,82,1,86,168,"[{'original_size': (340, 195), 'target_size': (336, 196), 'patches_h': 7, 'patches_w': 12, 'total_patches': 84, 'image_tokens': 84, 'total_image_tokens': 86, 'patch_size': 28}]","[151644, 8948, 198, 2610, 525, 264, 10950, 17847, 13, 151645, 198, 151644, 872, 198, 151652, 151655, 151653, 26987, 25, 5209, 4226, 279, 3405, 22703, 458, 7546, 4226, 323, 3410, 279, 1590, 897, 11, 384, 1302, 2572, 220, 16, 11, 220, 17, 11, 220, 18, 11, 518, 279, 835, 624, 14582]","Hint: Please answer the question requiring an integer answer and provide the final value, e.g., 1, 2, 3, at the end.
Question: Find the size of angle MBD in the figure below."
631,MathVista_MINI,79,1,258,337,"[{'original_size': (448, 448), 'target_size': (448, 448), 'patches_h': 16, 'patches_w': 16, 'total_patches': 256, 'image_tokens': 256, 'total_image_tokens': 258, 'patch_size': 28}]","[151644, 8948, 198, 2610, 525, 264, 10950, 17847, 13, 151645, 198, 151644, 872, 198, 151652, 151655, 151653, 26987, 25, 5209, 4226, 279, 3405, 22703, 458, 7546, 4226, 323, 3410, 279, 1590, 897, 11, 384, 1302, 2572, 220, 16, 11, 220, 17, 11, 220, 18, 11, 518, 279, 835, 624, 14582]","Hint: Please answer the question requiring an integer answer and provide the final value, e.g., 1, 2, 3, at the end.
Question: What is the value of the smallest bar?"
632,MathVista_MINI,80,1,134,214,"[{'original_size': (309, 350), 'target_size': (308, 336), 'patches_h': 12, 'patches_w': 11, 'total_patches': 132, 'image_tokens': 132, 'total_image_tokens': 134, 'patch_size': 28}]","[151644, 8948, 198, 2610, 525, 264, 10950, 17847, 13, 151645, 198, 151644, 872, 198, 151652, 151655, 151653, 26987, 25, 5209, 4226, 279, 3405, 22703, 458, 7546, 4226, 323, 3410, 279, 1590, 897, 11, 384, 1302, 2572, 220, 16, 11, 220, 17, 11, 220, 18, 11, 518, 279, 835, 624, 14582]","Hint: Please answer the question requiring an integer answer and provide the final value, e.g., 1, 2, 3, at the end.
Question: What is the total value of the More bar?"
633,MathVista_MINI,118,1,158,276,"[{'original_size': (361, 330), 'target_size': (364, 336), 'patches_h': 12, 'patches_w': 13, 'total_patches': 156, 'image_tokens': 156, 'total_image_tokens': 158, 'patch_size': 28}]","[151644, 8948, 198, 2610, 525, 264, 10950, 17847, 13, 151645, 198, 151644, 872, 198, 151652, 151655, 151653, 26987, 25, 5209, 4226, 279, 3405, 323, 3410, 279, 4396, 2999, 6524, 11, 384, 1302, 2572, 362, 11, 425, 11, 356, 11, 422, 11, 518, 279, 835, 624, 14582, 25, 758, 279, 7071]","Hint: Please answer the question and provide the correct option letter, e.g., A, B, C, D, at the end.
Question: In the figure, $m∠1 = 123$. Find the measure of $\angle 14$.
Choices:
(A) 47
(B) 57
(C) 67
(D) 123"
634,MathVista_MINI,136,1,32,168,"[{'original_size': (173, 141), 'target_size': (168, 140), 'patches_h': 5, 'patches_w': 6, 'total_patches': 30, 'image_tokens': 30, 'total_image_tokens': 32, 'patch_size': 28}]","[151644, 8948, 198, 2610, 525, 264, 10950, 17847, 13, 151645, 198, 151644, 872, 198, 151652, 151655, 151653, 26987, 25, 5209, 4226, 279, 3405, 323, 3410, 279, 4396, 2999, 6524, 11, 384, 1302, 2572, 362, 11, 425, 11, 356, 11, 422, 11, 518, 279, 835, 624, 14582, 25, 69372, 28029, 3837]","Hint: Please answer the question and provide the correct option letter, e.g., A, B, C, D, at the end.
Question: 如图，直线AB，CD交于点O．射线OE平分∠BOC，若∠AOD＝70°，则∠AOE等于（）
Choices:
(A) 35°
(B) 110°
(C) 135°
(D) 145°"
635,MathVista_MINI,132,1,20,152,"[{'original_size': (179, 86), 'target_size': (168, 84), 'patches_h': 3, 'patches_w': 6, 'total_patches': 18, 'image_tokens': 18, 'total_image_tokens': 20, 'patch_size': 28}]","[151644, 8948, 198, 2610, 525, 264, 10950, 17847, 13, 151645, 198, 151644, 872, 198, 151652, 151655, 151653, 26987, 25, 5209, 4226, 279, 3405, 323, 3410, 279, 4396, 2999, 6524, 11, 384, 1302, 2572, 362, 11, 425, 11, 356, 11, 422, 11, 518, 279, 835, 624, 14582, 25, 1634, 6839, 304]","Hint: Please answer the question and provide the correct option letter, e.g., A, B, C, D, at the end.
Question: As shown in the figure, E is any point in ▱ABCD, if S~quadrilateral ABCD~ = 6.0, then the area of ​​the shaded part in the figure is ()
Choices:
(A) 2
(B) 3
(C) 4
(D) 5"
636,MathVista_MINI,75,1,14,89,"[{'original_size': (92, 117), 'target_size': (84, 112), 'patches_h': 4, 'patches_w': 3, 'total_patches': 12, 'image_tokens': 12, 'total_image_tokens': 14, 'patch_size': 28}]","[151644, 8948, 198, 2610, 525, 264, 10950, 17847, 13, 151645, 198, 151644, 872, 198, 151652, 151655, 151653, 26987, 25, 5209, 4226, 279, 3405, 22703, 458, 7546, 4226, 323, 3410, 279, 1590, 897, 11, 384, 1302, 2572, 220, 16, 11, 220, 17, 11, 220, 18, 11, 518, 279, 835, 624, 14582]","Hint: Please answer the question requiring an integer answer and provide the final value, e.g., 1, 2, 3, at the end.
Question: What number is shown?"
637,MathVista_MINI,166,1,26,192,"[{'original_size': (166, 108), 'target_size': (168, 112), 'patches_h': 4, 'patches_w': 6, 'total_patches': 24, 'image_tokens': 24, 'total_image_tokens': 26, 'patch_size': 28}]","[151644, 8948, 198, 2610, 525, 264, 10950, 17847, 13, 151645, 198, 151644, 872, 198, 151652, 151655, 151653, 26987, 25, 5209, 4226, 279, 3405, 323, 3410, 279, 4396, 2999, 6524, 11, 384, 1302, 2572, 362, 11, 425, 11, 356, 11, 422, 11, 518, 279, 835, 624, 14582, 25, 69372, 28029, 3837]","Hint: Please answer the question and provide the correct option letter, e.g., A, B, C, D, at the end.
Question: 如图，直线a∥b，直线a与矩形ABCD的边AB，AD分别交于点E，F，直线b与矩形ABCD的边CB，CD分别交于点G，H．若∠AFE＝30°，则∠DHG的度数为（）
Choices:
(A) 100°
(B) 110°
(C) 120°
(D) 130°"
638,MathVista_MINI,98,1,715,813,"[{'original_size': (880, 650), 'target_size': (868, 644), 'patches_h': 23, 'patches_w': 31, 'total_patches': 713, 'image_tokens': 713, 'total_image_tokens': 715, 'patch_size': 28}]","[151644, 8948, 198, 2610, 525, 264, 10950, 17847, 13, 151645, 198, 151644, 872, 198, 151652, 151655, 151653, 26987, 25, 5209, 4226, 279, 3405, 22703, 458, 7546, 4226, 323, 3410, 279, 1590, 897, 11, 384, 1302, 2572, 220, 16, 11, 220, 17, 11, 220, 18, 11, 518, 279, 835, 624, 14582]","Hint: Please answer the question requiring an integer answer and provide the final value, e.g., 1, 2, 3, at the end.
Question: In how many years, is the under-5 male mortality rate greater than the average under-5 male mortality rate taken over all years ?"
639,MathVista_MINI,81,1,1001,1082,"[{'original_size': (768, 1024), 'target_size': (756, 1036), 'patches_h': 37, 'patches_w': 27, 'total_patches': 999, 'image_tokens': 999, 'total_image_tokens': 1001, 'patch_size': 28}]","[151644, 8948, 198, 2610, 525, 264, 10950, 17847, 13, 151645, 198, 151644, 872, 198, 151652, 151655, 151653, 26987, 25, 5209, 4226, 279, 3405, 22703, 458, 7546, 4226, 323, 3410, 279, 1590, 897, 11, 384, 1302, 2572, 220, 16, 11, 220, 17, 11, 220, 18, 11, 518, 279, 835, 624, 14582]","Hint: Please answer the question requiring an integer answer and provide the final value, e.g., 1, 2, 3, at the end.
Question: What does the dial indicate as the top facing number?"
640,MathVista_MINI,142,1,90,232,"[{'original_size': (309, 222), 'target_size': (308, 224), 'patches_h': 8, 'patches_w': 11, 'total_patches': 88, 'image_tokens': 88, 'total_image_tokens': 90, 'patch_size': 28}]","[151644, 8948, 198, 2610, 525, 264, 10950, 17847, 13, 151645, 198, 151644, 872, 198, 151652, 151655, 151653, 26987, 25, 5209, 4226, 279, 3405, 323, 3410, 279, 4396, 2999, 6524, 11, 384, 1302, 2572, 362, 11, 425, 11, 356, 11, 422, 11, 518, 279, 835, 624, 14582, 25, 7379, 57960, 9150]","Hint: Please answer the question and provide the correct option letter, e.g., A, B, C, D, at the end.
Question: Find $\widehat{\mathrm{WN}}$ if $\triangle \mathrm{IWN}$ is equilateral and $W N=5$
Choices:
(A) \frac { 3 } { 5 } \pi
(B) \frac { 5 } { 3 } \pi
(C) 5 \pi
(D) 10 \pi"
641,MathVista_MINI,119,1,452,571,"[{'original_size': (828, 420), 'target_size': (840, 420), 'patches_h': 15, 'patches_w': 30, 'total_patches': 450, 'image_tokens': 450, 'total_image_tokens': 452, 'patch_size': 28}]","[151644, 8948, 198, 2610, 525, 264, 10950, 17847, 13, 151645, 198, 151644, 872, 198, 151652, 151655, 151653, 26987, 25, 5209, 4226, 279, 3405, 22703, 264, 19057, 16574, 1372, 448, 1378, 12122, 7482, 323, 3410, 279, 1590, 897, 11, 384, 1302, 2572, 220, 16, 13, 17, 18, 11, 220, 16, 13]","Hint: Please answer the question requiring a floating-point number with two decimal places and provide the final value, e.g., 1.23, 1.34, 1.45, at the end.
Question: The graph of the concentration function $c(t)$ is shown after a 7-mg injection of dye into a heart. Use Simpson's Rule to estimate the cardiac output."
642,MathVista_MINI,122,1,194,316,"[{'original_size': (347, 443), 'target_size': (336, 448), 'patches_h': 16, 'patches_w': 12, 'total_patches': 192, 'image_tokens': 192, 'total_image_tokens': 194, 'patch_size': 28}]","[151644, 8948, 198, 2610, 525, 264, 10950, 17847, 13, 151645, 198, 151644, 872, 198, 151652, 151655, 151653, 26987, 25, 5209, 4226, 279, 3405, 323, 3410, 279, 4396, 2999, 6524, 11, 384, 1302, 2572, 362, 11, 425, 11, 356, 11, 422, 11, 518, 279, 835, 624, 14582, 25, 7083, 14137, 374]","Hint: Please answer the question and provide the correct option letter, e.g., A, B, C, D, at the end.
Question: Line AB is tangent to circle O. If AB = 8 and OB = 10, find the diameter of the circle.
Choices:
(A) 4
(B) 6
(C) 8
(D) 10
(E) 12"
643,MathVista_MINI,140,1,18,158,"[{'original_size': (111, 125), 'target_size': (112, 112), 'patches_h': 4, 'patches_w': 4, 'total_patches': 16, 'image_tokens': 16, 'total_image_tokens': 18, 'patch_size': 28}]","[151644, 8948, 198, 2610, 525, 264, 10950, 17847, 13, 151645, 198, 151644, 872, 198, 151652, 151655, 151653, 26987, 25, 5209, 4226, 279, 3405, 323, 3410, 279, 4396, 2999, 6524, 11, 384, 1302, 2572, 362, 11, 425, 11, 356, 11, 422, 11, 518, 279, 835, 624, 14582, 25, 1634, 6839, 304]","Hint: Please answer the question and provide the correct option letter, e.g., A, B, C, D, at the end.
Question: As shown in the figure, CD is the diameter of ⊙O, chord DE ∥ OA, if the degree of ∠D is 50.0, then the degree of ∠C is ()
Choices:
(A) 25°
(B) 30°
(C) 40°
(D) 50°"
644,MathVista_MINI,99,1,290,389,"[{'original_size': (494, 452), 'target_size': (504, 448), 'patches_h': 16, 'patches_w': 18, 'total_patches': 288, 'image_tokens': 288, 'total_image_tokens': 290, 'patch_size': 28}]","[151644, 8948, 198, 2610, 525, 264, 10950, 17847, 13, 151645, 198, 151644, 872, 198, 151652, 151655, 151653, 26987, 25, 5209, 4226, 279, 3405, 323, 3410, 279, 4396, 2999, 6524, 11, 384, 1302, 2572, 362, 11, 425, 11, 356, 11, 422, 11, 518, 279, 835, 624, 14582, 25, 3555, 374, 279]","Hint: Please answer the question and provide the correct option letter, e.g., A, B, C, D, at the end.
Question: What is the missing number in the picture?
Choices:
(A) 6
(B) 8
(C) 10
(D) 11"
645,MathVista_MINI,132,1,22,154,"[{'original_size': (139, 113), 'target_size': (140, 112), 'patches_h': 4, 'patches_w': 5, 'total_patches': 20, 'image_tokens': 20, 'total_image_tokens': 22, 'patch_size': 28}]","[151644, 8948, 198, 2610, 525, 264, 10950, 17847, 13, 151645, 198, 151644, 872, 198, 151652, 151655, 151653, 26987, 25, 5209, 4226, 279, 3405, 323, 3410, 279, 4396, 2999, 6524, 11, 384, 1302, 2572, 362, 11, 425, 11, 356, 11, 422, 11, 518, 279, 835, 624, 14582, 25, 69372, 28029, 3837]","Hint: Please answer the question and provide the correct option letter, e.g., A, B, C, D, at the end.
Question: 如图，AC，BD是菱形ABCD的对角线，BH⊥AD于点H，若AC＝4，BD＝3，则BH的长为（）
Choices:
(A) 2.4
(B) 2.5
(C) 4.8
(D) 5"
646,MathVista_MINI,101,1,42,143,"[{'original_size': (131, 224), 'target_size': (140, 224), 'patches_h': 8, 'patches_w': 5, 'total_patches': 40, 'image_tokens': 40, 'total_image_tokens': 42, 'patch_size': 28}]","[151644, 8948, 198, 2610, 525, 264, 10950, 17847, 13, 151645, 198, 151644, 872, 198, 151652, 151655, 151653, 26987, 25, 5209, 4226, 279, 3405, 22703, 458, 7546, 4226, 323, 3410, 279, 1590, 897, 11, 384, 1302, 2572, 220, 16, 11, 220, 17, 11, 220, 18, 11, 518, 279, 835, 624, 14582]","Hint: Please answer the question requiring an integer answer and provide the final value, e.g., 1, 2, 3, at the end.
Question: The employee at the department store counted the number of ties on each tie rack. How many racks have at least 0 ties? (Unit: racks)"
647,MathVista_MINI,93,1,674,767,"[{'original_size': (600, 900), 'target_size': (588, 896), 'patches_h': 32, 'patches_w': 21, 'total_patches': 672, 'image_tokens': 672, 'total_image_tokens': 674, 'patch_size': 28}]","[151644, 8948, 198, 2610, 525, 264, 10950, 17847, 13, 151645, 198, 151644, 872, 198, 151652, 151655, 151653, 26987, 25, 5209, 4226, 279, 3405, 323, 3410, 279, 4396, 2999, 6524, 11, 384, 1302, 2572, 362, 11, 425, 11, 356, 11, 422, 11, 518, 279, 835, 624, 14582, 25, 7379, 279, 1909]","Hint: Please answer the question and provide the correct option letter, e.g., A, B, C, D, at the end.
Question: Find the top view.
Choices:
(A) A
(B) B
(C) C
(D) D
(E) E"
648,MathVista_MINI,79,1,233,312,"[{'original_size': (600, 296), 'target_size': (588, 308), 'patches_h': 11, 'patches_w': 21, 'total_patches': 231, 'image_tokens': 231, 'total_image_tokens': 233, 'patch_size': 28}]","[151644, 8948, 198, 2610, 525, 264, 10950, 17847, 13, 151645, 198, 151644, 872, 198, 151652, 151655, 151653, 26987, 25, 5209, 4226, 279, 3405, 22703, 458, 7546, 4226, 323, 3410, 279, 1590, 897, 11, 384, 1302, 2572, 220, 16, 11, 220, 17, 11, 220, 18, 11, 518, 279, 835, 624, 14582]","Hint: Please answer the question requiring an integer answer and provide the final value, e.g., 1, 2, 3, at the end.
Question: What is the minimum value of this function?"
649,MathVista_MINI,87,1,178,265,"[{'original_size': (310, 461), 'target_size': (308, 448), 'patches_h': 16, 'patches_w': 11, 'total_patches': 176, 'image_tokens': 176, 'total_image_tokens': 178, 'patch_size': 28}]","[151644, 8948, 198, 2610, 525, 264, 10950, 17847, 13, 151645, 198, 151644, 872, 198, 151652, 151655, 151653, 26987, 25, 5209, 4226, 279, 3405, 22703, 458, 7546, 4226, 323, 3410, 279, 1590, 897, 11, 384, 1302, 2572, 220, 16, 11, 220, 17, 11, 220, 18, 11, 518, 279, 835, 624, 14582]","Hint: Please answer the question requiring an integer answer and provide the final value, e.g., 1, 2, 3, at the end.
Question: How many values are below 30 in Mainly are incidents of individual misconduct?"
650,MathVista_MINI,93,1,582,675,"[{'original_size': (800, 557), 'target_size': (812, 560), 'patches_h': 20, 'patches_w': 29, 'total_patches': 580, 'image_tokens': 580, 'total_image_tokens': 582, 'patch_size': 28}]","[151644, 8948, 198, 2610, 525, 264, 10950, 17847, 13, 151645, 198, 151644, 872, 198, 151652, 151655, 151653, 26987, 25, 5209, 4226, 279, 3405, 22703, 264, 19057, 16574, 1372, 448, 825, 12122, 1992, 323, 3410, 279, 1590, 897, 11, 384, 1302, 2572, 220, 16, 13, 17, 11, 220, 16, 13, 18]","Hint: Please answer the question requiring a floating-point number with one decimal place and provide the final value, e.g., 1.2, 1.3, 1.4, at the end.
Question: What is the sum of maximum employment rate and minimum employment?"
651,MathVista_MINI,117,1,50,167,"[{'original_size': (224, 156), 'target_size': (224, 168), 'patches_h': 6, 'patches_w': 8, 'total_patches': 48, 'image_tokens': 48, 'total_image_tokens': 50, 'patch_size': 28}]","[151644, 8948, 198, 2610, 525, 264, 10950, 17847, 13, 151645, 198, 151644, 872, 198, 151652, 151655, 151653, 26987, 25, 5209, 4226, 279, 3405, 22703, 458, 7546, 4226, 323, 3410, 279, 1590, 897, 11, 384, 1302, 2572, 220, 16, 11, 220, 17, 11, 220, 18, 11, 518, 279, 835, 624, 14582]","Hint: Please answer the question requiring an integer answer and provide the final value, e.g., 1, 2, 3, at the end.
Question: For an assignment, Johnny looked at which countries got the most Nobel Prizes in various decades. In the 1990s, how many more Nobel Prize winners did Canada have than Italy? (Unit: Nobel Prize winners)"
652,MathVista_MINI,86,1,392,478,"[{'original_size': (845, 365), 'target_size': (840, 364), 'patches_h': 13, 'patches_w': 30, 'total_patches': 390, 'image_tokens': 390, 'total_image_tokens': 392, 'patch_size': 28}]","[151644, 8948, 198, 2610, 525, 264, 10950, 17847, 13, 151645, 198, 151644, 872, 198, 151652, 151655, 151653, 26987, 25, 5209, 4226, 279, 3405, 22703, 458, 7546, 4226, 323, 3410, 279, 1590, 897, 11, 384, 1302, 2572, 220, 16, 11, 220, 17, 11, 220, 18, 11, 518, 279, 835, 624, 14582]","Hint: Please answer the question requiring an integer answer and provide the final value, e.g., 1, 2, 3, at the end.
Question: How many people in the image were born after the end of World War II?"
653,MathVista_MINI,89,1,272,361,"[{'original_size': (425, 500), 'target_size': (420, 504), 'patches_h': 18, 'patches_w': 15, 'total_patches': 270, 'image_tokens': 270, 'total_image_tokens': 272, 'patch_size': 28}]","[151644, 8948, 198, 2610, 525, 264, 10950, 17847, 13, 151645, 198, 151644, 872, 198, 151652, 151655, 151653, 26987, 25, 5209, 4226, 279, 3405, 323, 3410, 279, 4396, 2999, 6524, 11, 384, 1302, 2572, 362, 11, 425, 11, 356, 11, 422, 11, 518, 279, 835, 624, 14582, 25, 8713, 1052, 518]","Hint: Please answer the question and provide the correct option letter, e.g., A, B, C, D, at the end.
Question: Are there at least three distinct shades of blue in this photo?
Choices:
(A) Yes
(B) No"
654,MathVista_MINI,102,1,393,495,"[{'original_size': (640, 480), 'target_size': (644, 476), 'patches_h': 17, 'patches_w': 23, 'total_patches': 391, 'image_tokens': 391, 'total_image_tokens': 393, 'patch_size': 28}]","[151644, 8948, 198, 2610, 525, 264, 10950, 17847, 13, 151645, 198, 151644, 872, 198, 151652, 151655, 151653, 26987, 25, 5209, 4226, 279, 3405, 323, 3410, 279, 4396, 2999, 6524, 11, 384, 1302, 2572, 362, 11, 425, 11, 356, 11, 422, 11, 518, 279, 835, 624, 14582, 25, 8713, 1052, 16745]","Hint: Please answer the question and provide the correct option letter, e.g., A, B, C, D, at the end.
Question: Are there fewer yellow metallic motorbikes that are in front of the small brown metal dirtbike than big yellow dirtbikes?
Choices:
(A) Yes
(B) No"
655,MathVista_MINI,86,1,560,646,"[{'original_size': (858, 507), 'target_size': (868, 504), 'patches_h': 18, 'patches_w': 31, 'total_patches': 558, 'image_tokens': 558, 'total_image_tokens': 560, 'patch_size': 28}]","[151644, 8948, 198, 2610, 525, 264, 10950, 17847, 13, 151645, 198, 151644, 872, 198, 151652, 151655, 151653, 26987, 25, 5209, 4226, 279, 3405, 323, 3410, 279, 4396, 2999, 6524, 11, 384, 1302, 2572, 362, 11, 425, 11, 356, 11, 422, 11, 518, 279, 835, 624, 14582, 25, 2160, 279, 897]","Hint: Please answer the question and provide the correct option letter, e.g., A, B, C, D, at the end.
Question: Is the value of Russia has the highest transport?
Choices:
(A) Yes
(B) No"
656,MathVista_MINI,84,1,394,478,"[{'original_size': (776, 400), 'target_size': (784, 392), 'patches_h': 14, 'patches_w': 28, 'total_patches': 392, 'image_tokens': 392, 'total_image_tokens': 394, 'patch_size': 28}]","[151644, 8948, 198, 2610, 525, 264, 10950, 17847, 13, 151645, 198, 151644, 872, 198, 151652, 151655, 151653, 26987, 25, 5209, 4226, 279, 3405, 323, 3410, 279, 4396, 2999, 6524, 11, 384, 1302, 2572, 362, 11, 425, 11, 356, 11, 422, 11, 518, 279, 835, 624, 14582, 25, 2160, 4895, 2876]","Hint: Please answer the question and provide the correct option letter, e.g., A, B, C, D, at the end.
Question: Is Web Maroon the low median?
Choices:
(A) yes
(B) no"
657,MathVista_MINI,85,1,452,537,"[{'original_size': (700, 500), 'target_size': (700, 504), 'patches_h': 18, 'patches_w': 25, 'total_patches': 450, 'image_tokens': 450, 'total_image_tokens': 452, 'patch_size': 28}]","[151644, 8948, 198, 2610, 525, 264, 10950, 17847, 13, 151645, 198, 151644, 872, 198, 151652, 151655, 151653, 26987, 25, 5209, 4226, 279, 3405, 323, 3410, 279, 4396, 2999, 6524, 11, 384, 1302, 2572, 362, 11, 425, 11, 356, 11, 422, 11, 518, 279, 835, 624, 14582, 25, 12553, 31690, 614]","Hint: Please answer the question and provide the correct option letter, e.g., A, B, C, D, at the end.
Question: Does Arkansas have a higher value than Indiana ?
Choices:
(A) Yes
(B) No"
658,MathVista_MINI,95,1,50,145,"[{'original_size': (342, 115), 'target_size': (336, 112), 'patches_h': 4, 'patches_w': 12, 'total_patches': 48, 'image_tokens': 48, 'total_image_tokens': 50, 'patch_size': 28}]","[151644, 8948, 198, 2610, 525, 264, 10950, 17847, 13, 151645, 198, 151644, 872, 198, 151652, 151655, 151653, 26987, 25, 5209, 4226, 279, 3405, 22703, 458, 7546, 4226, 323, 3410, 279, 1590, 897, 11, 384, 1302, 2572, 220, 16, 11, 220, 17, 11, 220, 18, 11, 518, 279, 835, 624, 14582]","Hint: Please answer the question requiring an integer answer and provide the final value, e.g., 1, 2, 3, at the end.
Question: Move the ruler to measure the length of the line to the nearest centimeter. The line is about (_) centimeters long."
659,MathVista_MINI,80,1,582,662,"[{'original_size': (800, 557), 'target_size': (812, 560), 'patches_h': 20, 'patches_w': 29, 'total_patches': 580, 'image_tokens': 580, 'total_image_tokens': 582, 'patch_size': 28}]","[151644, 8948, 198, 2610, 525, 264, 10950, 17847, 13, 151645, 198, 151644, 872, 198, 151652, 151655, 151653, 26987, 25, 5209, 4226, 279, 3405, 22703, 458, 7546, 4226, 323, 3410, 279, 1590, 897, 11, 384, 1302, 2572, 220, 16, 11, 220, 17, 11, 220, 18, 11, 518, 279, 835, 624, 14582]","Hint: Please answer the question requiring an integer answer and provide the final value, e.g., 1, 2, 3, at the end.
Question: What is the highest value of navy blue bar?"
660,MathVista_MINI,87,1,393,480,"[{'original_size': (640, 480), 'target_size': (644, 476), 'patches_h': 17, 'patches_w': 23, 'total_patches': 391, 'image_tokens': 391, 'total_image_tokens': 393, 'patch_size': 28}]","[151644, 8948, 198, 2610, 525, 264, 10950, 17847, 13, 151645, 198, 151644, 872, 198, 151652, 151655, 151653, 26987, 25, 5209, 4226, 279, 3405, 323, 3410, 279, 4396, 2999, 6524, 11, 384, 1302, 2572, 362, 11, 425, 11, 356, 11, 422, 11, 518, 279, 835, 624, 14582, 25, 8713, 1052, 16745]","Hint: Please answer the question and provide the correct option letter, e.g., A, B, C, D, at the end.
Question: Are there fewer small fighters than yellow matte tandem bikes?
Choices:
(A) Yes
(B) No"
661,MathVista_MINI,102,1,1232,1334,"[{'original_size': (1732, 1274), 'target_size': (1148, 840), 'patches_h': 30, 'patches_w': 41, 'total_patches': 1230, 'image_tokens': 1230, 'total_image_tokens': 1232, 'patch_size': 28}]","[151644, 8948, 198, 2610, 525, 264, 10950, 17847, 13, 151645, 198, 151644, 872, 198, 151652, 151655, 151653, 26987, 25, 5209, 4226, 279, 3405, 323, 3410, 279, 4396, 2999, 6524, 11, 384, 1302, 2572, 362, 11, 425, 11, 356, 11, 422, 11, 518, 279, 835, 624, 14582, 25, 3555, 374, 419]","Hint: Please answer the question and provide the correct option letter, e.g., A, B, C, D, at the end.
Question: What is this function most likely be?
Choices:
(A) a polynomial
(B) a trigonometric function
(C) an exponential function
(D) a logarithmic function"
662,MathVista_MINI,85,1,258,343,"[{'original_size': (448, 448), 'target_size': (448, 448), 'patches_h': 16, 'patches_w': 16, 'total_patches': 256, 'image_tokens': 256, 'total_image_tokens': 258, 'patch_size': 28}]","[151644, 8948, 198, 2610, 525, 264, 10950, 17847, 13, 151645, 198, 151644, 872, 198, 151652, 151655, 151653, 26987, 25, 5209, 4226, 279, 3405, 22703, 458, 7546, 4226, 323, 3410, 279, 1590, 897, 11, 384, 1302, 2572, 220, 16, 11, 220, 17, 11, 220, 18, 11, 518, 279, 835, 624, 14582]","Hint: Please answer the question requiring an integer answer and provide the final value, e.g., 1, 2, 3, at the end.
Question: How much more accurate is the most accurate algorithm compared the least accurate algorithm?"
663,MathVista_MINI,113,1,51,164,"[{'original_size': (203, 204), 'target_size': (196, 196), 'patches_h': 7, 'patches_w': 7, 'total_patches': 49, 'image_tokens': 49, 'total_image_tokens': 51, 'patch_size': 28}]","[151644, 8948, 198, 2610, 525, 264, 10950, 17847, 13, 151645, 198, 151644, 872, 198, 151652, 151655, 151653, 26987, 25, 5209, 4226, 279, 3405, 323, 3410, 279, 4396, 2999, 6524, 11, 384, 1302, 2572, 362, 11, 425, 11, 356, 11, 422, 11, 518, 279, 835, 624, 14582, 25, 3555, 882, 374]","Hint: Please answer the question and provide the correct option letter, e.g., A, B, C, D, at the end.
Question: What time is shown? Answer by typing a time word, not a number. It is (_) past six.
Choices:
(A) half
(B) quarter
(C) o'clock
(D) quarter to
(E) quarter past"
664,MathVista_MINI,91,1,1273,1364,"[{'original_size': (1692, 2245), 'target_size': (868, 1148), 'patches_h': 41, 'patches_w': 31, 'total_patches': 1271, 'image_tokens': 1271, 'total_image_tokens': 1273, 'patch_size': 28}]","[151644, 8948, 198, 2610, 525, 264, 10950, 17847, 13, 151645, 198, 151644, 872, 198, 151652, 151655, 151653, 26987, 25, 5209, 4226, 279, 3405, 22703, 458, 7546, 4226, 323, 3410, 279, 1590, 897, 11, 384, 1302, 2572, 220, 16, 11, 220, 17, 11, 220, 18, 11, 518, 279, 835, 624, 14582]","Hint: Please answer the question requiring an integer answer and provide the final value, e.g., 1, 2, 3, at the end.
Question: What is the highest number of responses for Question 10, for any given % of inside sales?"
665,MathVista_MINI,105,1,62,167,"[{'original_size': (275, 161), 'target_size': (280, 168), 'patches_h': 6, 'patches_w': 10, 'total_patches': 60, 'image_tokens': 60, 'total_image_tokens': 62, 'patch_size': 28}]","[151644, 8948, 198, 2610, 525, 264, 10950, 17847, 13, 151645, 198, 151644, 872, 198, 151652, 151655, 151653, 26987, 25, 5209, 4226, 279, 3405, 323, 3410, 279, 4396, 2999, 6524, 11, 384, 1302, 2572, 362, 11, 425, 11, 356, 11, 422, 11, 518, 279, 835, 624, 14582, 25, 7379, 400, 71]","Hint: Please answer the question and provide the correct option letter, e.g., A, B, C, D, at the end.
Question: Find $h$ in the triangle.
Choices:
(A) 4.62
(B) 5.66
(C) 6.93
(D) 8"
666,MathVista_MINI,87,1,101,188,"[{'original_size': (320, 240), 'target_size': (308, 252), 'patches_h': 9, 'patches_w': 11, 'total_patches': 99, 'image_tokens': 99, 'total_image_tokens': 101, 'patch_size': 28}]","[151644, 8948, 198, 2610, 525, 264, 10950, 17847, 13, 151645, 198, 151644, 872, 198, 151652, 151655, 151653, 26987, 25, 5209, 4226, 279, 3405, 22703, 458, 7546, 4226, 323, 3410, 279, 1590, 897, 11, 384, 1302, 2572, 220, 16, 11, 220, 17, 11, 220, 18, 11, 518, 279, 835, 624, 14582]","Hint: Please answer the question requiring an integer answer and provide the final value, e.g., 1, 2, 3, at the end.
Question: Subtract all red objects. Subtract all big green things. How many objects are left?"
667,MathVista_MINI,83,1,582,665,"[{'original_size': (800, 557), 'target_size': (812, 560), 'patches_h': 20, 'patches_w': 29, 'total_patches': 580, 'image_tokens': 580, 'total_image_tokens': 582, 'patch_size': 28}]","[151644, 8948, 198, 2610, 525, 264, 10950, 17847, 13, 151645, 198, 151644, 872, 198, 151652, 151655, 151653, 26987, 25, 5209, 4226, 279, 3405, 22703, 458, 7546, 4226, 323, 3410, 279, 1590, 897, 11, 384, 1302, 2572, 220, 16, 11, 220, 17, 11, 220, 18, 11, 518, 279, 835, 624, 14582]","Hint: Please answer the question requiring an integer answer and provide the final value, e.g., 1, 2, 3, at the end.
Question: Which year has the least difference between the used and new cars?"
668,MathVista_MINI,88,1,562,650,"[{'original_size': (775, 560), 'target_size': (784, 560), 'patches_h': 20, 'patches_w': 28, 'total_patches': 560, 'image_tokens': 560, 'total_image_tokens': 562, 'patch_size': 28}]","[151644, 8948, 198, 2610, 525, 264, 10950, 17847, 13, 151645, 198, 151644, 872, 198, 151652, 151655, 151653, 26987, 25, 5209, 4226, 279, 3405, 323, 3410, 279, 4396, 2999, 6524, 11, 384, 1302, 2572, 362, 11, 425, 11, 356, 11, 422, 11, 518, 279, 835, 624, 14582, 25, 12553, 279, 1156]","Hint: Please answer the question and provide the correct option letter, e.g., A, B, C, D, at the end.
Question: Does the first symbol in the legend represent the smallest category ?
Choices:
(A) Yes
(B) No"
669,MathVista_MINI,150,1,9,159,"[{'original_size': (187, 18), 'target_size': (196, 28), 'patches_h': 1, 'patches_w': 7, 'total_patches': 7, 'image_tokens': 7, 'total_image_tokens': 9, 'patch_size': 28}]","[151644, 8948, 198, 2610, 525, 264, 10950, 17847, 13, 151645, 198, 151644, 872, 198, 151652, 151655, 151653, 26987, 25, 5209, 4226, 279, 3405, 323, 3410, 279, 4396, 2999, 6524, 11, 384, 1302, 2572, 362, 11, 425, 11, 356, 11, 422, 11, 518, 279, 835, 624, 14582, 25, 1634, 6839, 304]","Hint: Please answer the question and provide the correct option letter, e.g., A, B, C, D, at the end.
Question: As shown in the figure, line segment AB = 10.0, M is the midpoint of line segment AB, C is the midpoint of line segment MB, N is a point of line segment AM, and MN = 1.0, the length of line segment NC ()
Choices:
(A) 2
(B) 2.5
(C) 3
(D) 3.5"
670,MathVista_MINI,151,1,1232,1383,"[{'original_size': (1582, 2135), 'target_size': (840, 1148), 'patches_h': 41, 'patches_w': 30, 'total_patches': 1230, 'image_tokens': 1230, 'total_image_tokens': 1232, 'patch_size': 28}]","[151644, 8948, 198, 2610, 525, 264, 10950, 17847, 13, 151645, 198, 151644, 872, 198, 151652, 151655, 151653, 26987, 25, 5209, 4226, 279, 3405, 323, 3410, 279, 4396, 2999, 6524, 11, 384, 1302, 2572, 362, 11, 425, 11, 356, 11, 422, 11, 518, 279, 835, 624, 14582, 25, 1913, 892, 2400]","Hint: Please answer the question and provide the correct option letter, e.g., A, B, C, D, at the end.
Question: On which date of Meeting was the most number of shares transferred?
Choices:
(A) 04/06/2005
(B) 04/02/2005
(C) 04/05/2005
(D) 04/03/2005
(E) 04/04/2005"
671,MathVista_MINI,100,1,167,267,"[{'original_size': (433, 312), 'target_size': (420, 308), 'patches_h': 11, 'patches_w': 15, 'total_patches': 165, 'image_tokens': 165, 'total_image_tokens': 167, 'patch_size': 28}]","[151644, 8948, 198, 2610, 525, 264, 10950, 17847, 13, 151645, 198, 151644, 872, 198, 151652, 151655, 151653, 26987, 25, 5209, 4226, 279, 3405, 22703, 264, 19057, 16574, 1372, 448, 1378, 12122, 7482, 323, 3410, 279, 1590, 897, 11, 384, 1302, 2572, 220, 16, 13, 17, 18, 11, 220, 16, 13]","Hint: Please answer the question requiring a floating-point number with two decimal places and provide the final value, e.g., 1.23, 1.34, 1.45, at the end.
Question: What is the size of the semicircle rounded to 2 decimal places?"
672,MathVista_MINI,93,1,98,191,"[{'original_size': (438, 169), 'target_size': (448, 168), 'patches_h': 6, 'patches_w': 16, 'total_patches': 96, 'image_tokens': 96, 'total_image_tokens': 98, 'patch_size': 28}]","[151644, 8948, 198, 2610, 525, 264, 10950, 17847, 13, 151645, 198, 151644, 872, 198, 151652, 151655, 151653, 26987, 25, 5209, 4226, 279, 3405, 22703, 458, 7546, 4226, 323, 3410, 279, 1590, 897, 11, 384, 1302, 2572, 220, 16, 11, 220, 17, 11, 220, 18, 11, 518, 279, 835, 624, 14582]","Hint: Please answer the question requiring an integer answer and provide the final value, e.g., 1, 2, 3, at the end.
Question: Move the ruler to measure the length of the twig to the nearest inch. The twig is about (_) inches long."
673,MathVista_MINI,94,1,393,487,"[{'original_size': (640, 480), 'target_size': (644, 476), 'patches_h': 17, 'patches_w': 23, 'total_patches': 391, 'image_tokens': 391, 'total_image_tokens': 393, 'patch_size': 28}]","[151644, 8948, 198, 2610, 525, 264, 10950, 17847, 13, 151645, 198, 151644, 872, 198, 151652, 151655, 151653, 26987, 25, 5209, 4226, 279, 3405, 323, 3410, 279, 4396, 2999, 6524, 11, 384, 1302, 2572, 362, 11, 425, 11, 356, 11, 422, 11, 518, 279, 835, 624, 14582, 25, 2160, 279, 1372]","Hint: Please answer the question and provide the correct option letter, e.g., A, B, C, D, at the end.
Question: Is the number of large green cars less than the number of brown rubber double buss?
Choices:
(A) Yes
(B) No"
674,MathVista_MINI,127,1,14,141,"[{'original_size': (125, 89), 'target_size': (112, 84), 'patches_h': 3, 'patches_w': 4, 'total_patches': 12, 'image_tokens': 12, 'total_image_tokens': 14, 'patch_size': 28}]","[151644, 8948, 198, 2610, 525, 264, 10950, 17847, 13, 151645, 198, 151644, 872, 198, 151652, 151655, 151653, 26987, 25, 5209, 4226, 279, 3405, 323, 3410, 279, 4396, 2999, 6524, 11, 384, 1302, 2572, 362, 11, 425, 11, 356, 11, 422, 11, 518, 279, 835, 624, 14582, 25, 758, 279, 7071]","Hint: Please answer the question and provide the correct option letter, e.g., A, B, C, D, at the end.
Question: In the figure above, CDE is an equilateral triangle and ABCE is a square with an area of 1. What is the perimeter of polygon ABCDE?
Choices:
(A) 4
(B) 5
(C) 6
(D) 7
(E) 8"
675,MathVista_MINI,175,1,23,198,"[{'original_size': (183, 83), 'target_size': (196, 84), 'patches_h': 3, 'patches_w': 7, 'total_patches': 21, 'image_tokens': 21, 'total_image_tokens': 23, 'patch_size': 28}]","[151644, 8948, 198, 2610, 525, 264, 10950, 17847, 13, 151645, 198, 151644, 872, 198, 151652, 151655, 151653, 26987, 25, 5209, 4226, 279, 3405, 323, 3410, 279, 4396, 2999, 6524, 11, 384, 1302, 2572, 362, 11, 425, 11, 356, 11, 422, 11, 518, 279, 835, 624, 14582, 25, 1634, 6839, 304]","Hint: Please answer the question and provide the correct option letter, e.g., A, B, C, D, at the end.
Question: As shown in the figure, the cross section of a small reservoir dam is a right trapezoid, the width of crest BC is 6.0, the height of dam is 14.0, and the slope of the slope CD is i = 1.0:2.0, then the length of the dam bottom AD is ()
Choices:
(A) 13m
(B) 34m
(C) (6+14√{3})m
(D) 40m"
676,MathVista_MINI,84,1,258,342,"[{'original_size': (448, 448), 'target_size': (448, 448), 'patches_h': 16, 'patches_w': 16, 'total_patches': 256, 'image_tokens': 256, 'total_image_tokens': 258, 'patch_size': 28}]","[151644, 8948, 198, 2610, 525, 264, 10950, 17847, 13, 151645, 198, 151644, 872, 198, 151652, 151655, 151653, 26987, 25, 5209, 4226, 279, 3405, 22703, 458, 7546, 4226, 323, 3410, 279, 1590, 897, 11, 384, 1302, 2572, 220, 16, 11, 220, 17, 11, 220, 18, 11, 518, 279, 835, 624, 14582]","Hint: Please answer the question requiring an integer answer and provide the final value, e.g., 1, 2, 3, at the end.
Question: What is the value of the smallest individual bar in the whole chart?"
677,MathVista_MINI,106,1,393,499,"[{'original_size': (640, 480), 'target_size': (644, 476), 'patches_h': 17, 'patches_w': 23, 'total_patches': 391, 'image_tokens': 391, 'total_image_tokens': 393, 'patch_size': 28}]","[151644, 8948, 198, 2610, 525, 264, 10950, 17847, 13, 151645, 198, 151644, 872, 198, 151652, 151655, 151653, 26987, 25, 5209, 4226, 279, 3405, 323, 3410, 279, 4396, 2999, 6524, 11, 384, 1302, 2572, 362, 11, 425, 11, 356, 11, 422, 11, 518, 279, 835, 624, 14582, 25, 2160, 279, 1372]","Hint: Please answer the question and provide the correct option letter, e.g., A, B, C, D, at the end.
Question: Is the number of dirtbikes right of the large blue object less than the number of small green metallic cars in front of the tiny matte bicycle?
Choices:
(A) Yes
(B) No"
678,MathVista_MINI,95,1,52,147,"[{'original_size': (267, 149), 'target_size': (280, 140), 'patches_h': 5, 'patches_w': 10, 'total_patches': 50, 'image_tokens': 50, 'total_image_tokens': 52, 'patch_size': 28}]","[151644, 8948, 198, 2610, 525, 264, 10950, 17847, 13, 151645, 198, 151644, 872, 198, 151652, 151655, 151653, 26987, 25, 5209, 4226, 279, 3405, 323, 3410, 279, 4396, 2999, 6524, 11, 384, 1302, 2572, 362, 11, 425, 11, 356, 11, 422, 11, 518, 279, 835, 624, 14582, 25, 7379, 856, 198]","Hint: Please answer the question and provide the correct option letter, e.g., A, B, C, D, at the end.
Question: Find x
Choices:
(A) 21
(B) 34
(C) 58
(D) 67"
679,MathVista_MINI,147,1,20,167,"[{'original_size': (173, 73), 'target_size': (168, 84), 'patches_h': 3, 'patches_w': 6, 'total_patches': 18, 'image_tokens': 18, 'total_image_tokens': 20, 'patch_size': 28}]","[151644, 8948, 198, 2610, 525, 264, 10950, 17847, 13, 151645, 198, 151644, 872, 198, 151652, 151655, 151653, 26987, 25, 5209, 4226, 279, 3405, 323, 3410, 279, 4396, 2999, 6524, 11, 384, 1302, 2572, 362, 11, 425, 11, 356, 11, 422, 11, 518, 279, 835, 624, 14582, 25, 1634, 6839, 304]","Hint: Please answer the question and provide the correct option letter, e.g., A, B, C, D, at the end.
Question: As shown in the figure, in ▱ABCD, the diagonal AC and BD intersect at point O, if AC = 12.0, BD = 8.0, AB = 7.0, then the perimeter of △OAB is ()
Choices:
(A) 15
(B) 17
(C) 21
(D) 27"
680,MathVista_MINI,87,1,178,265,"[{'original_size': (440, 303), 'target_size': (448, 308), 'patches_h': 11, 'patches_w': 16, 'total_patches': 176, 'image_tokens': 176, 'total_image_tokens': 178, 'patch_size': 28}]","[151644, 8948, 198, 2610, 525, 264, 10950, 17847, 13, 151645, 198, 151644, 872, 198, 151652, 151655, 151653, 26987, 25, 5209, 4226, 279, 3405, 22703, 458, 7546, 4226, 323, 3410, 279, 1590, 897, 11, 384, 1302, 2572, 220, 16, 11, 220, 17, 11, 220, 18, 11, 518, 279, 835, 624, 14582]","Hint: Please answer the question requiring an integer answer and provide the final value, e.g., 1, 2, 3, at the end.
Question: What is the age gap between these two people in image? (Unit: years)"
681,MathVista_MINI,105,1,347,452,"[{'original_size': (640, 427), 'target_size': (644, 420), 'patches_h': 15, 'patches_w': 23, 'total_patches': 345, 'image_tokens': 345, 'total_image_tokens': 347, 'patch_size': 28}]","[151644, 8948, 198, 2610, 525, 264, 10950, 17847, 13, 151645, 198, 151644, 872, 198, 151652, 151655, 151653, 26987, 25, 5209, 4226, 279, 3405, 323, 3410, 279, 4396, 2999, 6524, 11, 384, 1302, 2572, 362, 11, 425, 11, 356, 11, 422, 11, 518, 279, 835, 624, 14582, 25, 3555, 374, 279]","Hint: Please answer the question and provide the correct option letter, e.g., A, B, C, D, at the end.
Question: What is the largest city in the nation where this plane is headquartered?
Choices:
(A) hong kong
(B) osaka
(C) shanghai
(D) tokyo"
682,MathVista_MINI,104,1,653,757,"[{'original_size': (864, 592), 'target_size': (868, 588), 'patches_h': 21, 'patches_w': 31, 'total_patches': 651, 'image_tokens': 651, 'total_image_tokens': 653, 'patch_size': 28}]","[151644, 8948, 198, 2610, 525, 264, 10950, 17847, 13, 151645, 198, 151644, 872, 198, 151652, 151655, 151653, 26987, 25, 5209, 4226, 279, 3405, 323, 3410, 279, 4396, 2999, 6524, 11, 384, 1302, 2572, 362, 11, 425, 11, 356, 11, 422, 11, 518, 279, 835, 624, 14582, 25, 5542, 279, 3403]","Hint: Please answer the question and provide the correct option letter, e.g., A, B, C, D, at the end.
Question: From the above food web diagram, if all the grass dies then population of squirrel will
Choices:
(A) decrease
(B) remains the same
(C) increase
(D) NA"
683,MathVista_MINI,93,1,98,191,"[{'original_size': (438, 157), 'target_size': (448, 168), 'patches_h': 6, 'patches_w': 16, 'total_patches': 96, 'image_tokens': 96, 'total_image_tokens': 98, 'patch_size': 28}]","[151644, 8948, 198, 2610, 525, 264, 10950, 17847, 13, 151645, 198, 151644, 872, 198, 151652, 151655, 151653, 26987, 25, 5209, 4226, 279, 3405, 22703, 458, 7546, 4226, 323, 3410, 279, 1590, 897, 11, 384, 1302, 2572, 220, 16, 11, 220, 17, 11, 220, 18, 11, 518, 279, 835, 624, 14582]","Hint: Please answer the question requiring an integer answer and provide the final value, e.g., 1, 2, 3, at the end.
Question: Move the ruler to measure the length of the nail to the nearest inch. The nail is about (_) inches long."
684,MathVista_MINI,114,1,354,468,"[{'original_size': (608, 444), 'target_size': (616, 448), 'patches_h': 16, 'patches_w': 22, 'total_patches': 352, 'image_tokens': 352, 'total_image_tokens': 354, 'patch_size': 28}]","[151644, 8948, 198, 2610, 525, 264, 10950, 17847, 13, 151645, 198, 151644, 872, 198, 151652, 151655, 151653, 26987, 25, 5209, 4226, 279, 3405, 323, 3410, 279, 4396, 2999, 6524, 11, 384, 1302, 2572, 362, 11, 425, 11, 356, 11, 422, 11, 518, 279, 835, 624, 14582, 25, 57960, 1975, 1056]","Hint: Please answer the question and provide the correct option letter, e.g., A, B, C, D, at the end.
Question: $\overline{CH} \cong \overline{KJ}$. Find $x$.
Choices:
(A) 27
(B) 54
(C) 55
(D) 83"
685,MathVista_MINI,98,1,182,280,"[{'original_size': (574, 246), 'target_size': (560, 252), 'patches_h': 9, 'patches_w': 20, 'total_patches': 180, 'image_tokens': 180, 'total_image_tokens': 182, 'patch_size': 28}]","[151644, 8948, 198, 2610, 525, 264, 10950, 17847, 13, 151645, 198, 151644, 872, 198, 151652, 151655, 151653, 26987, 25, 5209, 4226, 279, 3405, 323, 3410, 279, 4396, 2999, 6524, 11, 384, 1302, 2572, 362, 11, 425, 11, 356, 11, 422, 11, 518, 279, 835, 624, 14582, 25, 3555, 1035, 3537]","Hint: Please answer the question and provide the correct option letter, e.g., A, B, C, D, at the end.
Question: What would happen to organism c if organism b increased?
Choices:
(A) decrease
(B) increase
(C) can't predict
(D) stay same"
686,MathVista_MINI,82,1,418,500,"[{'original_size': (731, 442), 'target_size': (728, 448), 'patches_h': 16, 'patches_w': 26, 'total_patches': 416, 'image_tokens': 416, 'total_image_tokens': 418, 'patch_size': 28}]","[151644, 8948, 198, 2610, 525, 264, 10950, 17847, 13, 151645, 198, 151644, 872, 198, 151652, 151655, 151653, 26987, 25, 5209, 4226, 279, 3405, 323, 3410, 279, 4396, 2999, 6524, 11, 384, 1302, 2572, 362, 11, 425, 11, 356, 11, 422, 11, 518, 279, 835, 624, 14582, 25, 2160, 419, 729]","Hint: Please answer the question and provide the correct option letter, e.g., A, B, C, D, at the end.
Question: Is this function invertible?
Choices:
(A) Yes
(B) No"
687,MathVista_MINI,108,1,296,404,"[{'original_size': (576, 396), 'target_size': (588, 392), 'patches_h': 14, 'patches_w': 21, 'total_patches': 294, 'image_tokens': 294, 'total_image_tokens': 296, 'patch_size': 28}]","[151644, 8948, 198, 2610, 525, 264, 10950, 17847, 13, 151645, 198, 151644, 872, 198, 151652, 151655, 151653, 26987, 25, 5209, 4226, 279, 3405, 323, 3410, 279, 4396, 2999, 6524, 11, 384, 1302, 2572, 362, 11, 425, 11, 356, 11, 422, 11, 518, 279, 835, 624, 14582, 25, 3555, 1410, 3537]","Hint: Please answer the question and provide the correct option letter, e.g., A, B, C, D, at the end.
Question: What could happen that would increase the number of krill?
Choices:
(A) increase in phytoplankton
(B) decrease in penguins
(C) increase in fish
(D) increase in birds"
688,MathVista_MINI,123,1,1249,1372,"[{'original_size': (3160, 2136), 'target_size': (1204, 812), 'patches_h': 29, 'patches_w': 43, 'total_patches': 1247, 'image_tokens': 1247, 'total_image_tokens': 1249, 'patch_size': 28}]","[151644, 8948, 198, 2610, 525, 264, 10950, 17847, 13, 151645, 198, 151644, 872, 198, 151652, 151655, 151653, 26987, 25, 5209, 4226, 279, 3405, 323, 3410, 279, 4396, 2999, 6524, 11, 384, 1302, 2572, 362, 11, 425, 11, 356, 11, 422, 11, 518, 279, 835, 624, 14582, 25, 3555, 374, 279]","Hint: Please answer the question and provide the correct option letter, e.g., A, B, C, D, at the end.
Question: What is the minimum age group shown in the ‘plots’?
Choices:
(A) 11-15
(B) 21-25
(C) 6-10
(D) 16-20
(E) 0-5"
689,MathVista_MINI,84,1,393,477,"[{'original_size': (640, 480), 'target_size': (644, 476), 'patches_h': 17, 'patches_w': 23, 'total_patches': 391, 'image_tokens': 391, 'total_image_tokens': 393, 'patch_size': 28}]","[151644, 8948, 198, 2610, 525, 264, 10950, 17847, 13, 151645, 198, 151644, 872, 198, 151652, 151655, 151653, 26987, 25, 5209, 4226, 279, 3405, 323, 3410, 279, 4396, 2999, 6524, 11, 384, 1302, 2572, 362, 11, 425, 11, 356, 11, 422, 11, 518, 279, 835, 624, 14582, 25, 8713, 1493, 1251]","Hint: Please answer the question and provide the correct option letter, e.g., A, B, C, D, at the end.
Question: Are these people sitting in a circle?
Choices:
(A) Yes
(B) No"
690,MathVista_MINI,139,1,442,581,"[{'original_size': (625, 558), 'target_size': (616, 560), 'patches_h': 20, 'patches_w': 22, 'total_patches': 440, 'image_tokens': 440, 'total_image_tokens': 442, 'patch_size': 28}]","[151644, 8948, 198, 2610, 525, 264, 10950, 17847, 13, 151645, 198, 151644, 872, 198, 151652, 151655, 151653, 26987, 25, 5209, 4226, 279, 3405, 323, 3410, 279, 4396, 2999, 6524, 11, 384, 1302, 2572, 362, 11, 425, 11, 356, 11, 422, 11, 518, 279, 835, 624, 14582, 25, 758, 279, 13549]","Hint: Please answer the question and provide the correct option letter, e.g., A, B, C, D, at the end.
Question: In the diagram above, lines M and N are parallel. All of the following are true except
Choices:
(A) a + b = j + l
(B) g = h
(C) c + f = f + b
(D) g + e + f + h = 360
(E) d + e = f + j"
691,MathVista_MINI,75,1,380,455,"[{'original_size': (596, 500), 'target_size': (588, 504), 'patches_h': 18, 'patches_w': 21, 'total_patches': 378, 'image_tokens': 378, 'total_image_tokens': 380, 'patch_size': 28}]","[151644, 8948, 198, 2610, 525, 264, 10950, 17847, 13, 151645, 198, 151644, 872, 198, 151652, 151655, 151653, 26987, 25, 5209, 4226, 279, 3405, 22703, 458, 7546, 4226, 323, 3410, 279, 1590, 897, 11, 384, 1302, 2572, 220, 16, 11, 220, 17, 11, 220, 18, 11, 518, 279, 835, 624, 14582]","Hint: Please answer the question requiring an integer answer and provide the final value, e.g., 1, 2, 3, at the end.
Question: Calculate the missing item."
692,MathVista_MINI,119,1,149,268,"[{'original_size': (600, 189), 'target_size': (588, 196), 'patches_h': 7, 'patches_w': 21, 'total_patches': 147, 'image_tokens': 147, 'total_image_tokens': 149, 'patch_size': 28}]","[151644, 8948, 198, 2610, 525, 264, 10950, 17847, 13, 151645, 198, 151644, 872, 198, 151652, 151655, 151653, 26987, 25, 5209, 4226, 279, 3405, 323, 3410, 279, 4396, 2999, 6524, 11, 384, 1302, 2572, 362, 11, 425, 11, 356, 11, 422, 11, 518, 279, 835, 624, 14582, 25, 10548, 311, 279]","Hint: Please answer the question and provide the correct option letter, e.g., A, B, C, D, at the end.
Question: According to the given food chain if grasses dried up in summer, what is likely to happen?
Choices:
(A) Grasshoppers will decrease.
(B) shrews will become extinct
(C) owls will increase.
(D) None of the above"
693,MathVista_MINI,84,1,347,431,"[{'original_size': (640, 427), 'target_size': (644, 420), 'patches_h': 15, 'patches_w': 23, 'total_patches': 345, 'image_tokens': 345, 'total_image_tokens': 347, 'patch_size': 28}]","[151644, 8948, 198, 2610, 525, 264, 10950, 17847, 13, 151645, 198, 151644, 872, 198, 151652, 151655, 151653, 26987, 25, 5209, 4226, 279, 3405, 323, 3410, 279, 4396, 2999, 6524, 11, 384, 1302, 2572, 362, 11, 425, 11, 356, 11, 422, 11, 518, 279, 835, 624, 14582, 25, 2160, 279, 18575]","Hint: Please answer the question and provide the correct option letter, e.g., A, B, C, D, at the end.
Question: Is the orange larger than the car?
Choices:
(A) Yes
(B) No"
694,MathVista_MINI,146,1,20,166,"[{'original_size': (158, 85), 'target_size': (168, 84), 'patches_h': 3, 'patches_w': 6, 'total_patches': 18, 'image_tokens': 18, 'total_image_tokens': 20, 'patch_size': 28}]","[151644, 8948, 198, 2610, 525, 264, 10950, 17847, 13, 151645, 198, 151644, 872, 198, 151652, 151655, 151653, 26987, 25, 5209, 4226, 279, 3405, 323, 3410, 279, 4396, 2999, 6524, 11, 384, 1302, 2572, 362, 11, 425, 11, 356, 11, 422, 11, 518, 279, 835, 624, 14582, 25, 69372, 28029, 96050]","Hint: Please answer the question and provide the correct option letter, e.g., A, B, C, D, at the end.
Question: 如图，在菱形ABCD中，M、N分别是BC和CD的中点，NP⊥AB于点P，连接MP．若∠DAB＝40°，则∠MPB＝（）
Choices:
(A) 125°
(B) 120°
(C) 115°
(D) 110°"
695,MathVista_MINI,85,1,366,451,"[{'original_size': (734, 400), 'target_size': (728, 392), 'patches_h': 14, 'patches_w': 26, 'total_patches': 364, 'image_tokens': 364, 'total_image_tokens': 366, 'patch_size': 28}]","[151644, 8948, 198, 2610, 525, 264, 10950, 17847, 13, 151645, 198, 151644, 872, 198, 151652, 151655, 151653, 26987, 25, 5209, 4226, 279, 3405, 323, 3410, 279, 4396, 2999, 6524, 11, 384, 1302, 2572, 362, 11, 425, 11, 356, 11, 422, 11, 518, 279, 835, 624, 14582, 25, 2160, 12258, 61726]","Hint: Please answer the question and provide the correct option letter, e.g., A, B, C, D, at the end.
Question: Is Dark Salmon greater than Dark Orchid?
Choices:
(A) yes
(B) no"
696,MathVista_MINI,101,1,58,159,"[{'original_size': (214, 192), 'target_size': (224, 196), 'patches_h': 7, 'patches_w': 8, 'total_patches': 56, 'image_tokens': 56, 'total_image_tokens': 58, 'patch_size': 28}]","[151644, 8948, 198, 2610, 525, 264, 10950, 17847, 13, 151645, 198, 151644, 872, 198, 151652, 151655, 151653, 26987, 25, 5209, 4226, 279, 3405, 323, 3410, 279, 4396, 2999, 6524, 11, 384, 1302, 2572, 362, 11, 425, 11, 356, 11, 422, 11, 518, 279, 835, 624, 14582, 25, 91835, 702, 400]","Hint: Please answer the question and provide the correct option letter, e.g., A, B, C, D, at the end.
Question: Erica has $1,525.00. Does she have enough to buy a motorcycle and a canoe?'
Choices:
(A) yes
(B) no"
697,MathVista_MINI,147,1,16,163,"[{'original_size': (205, 68), 'target_size': (196, 56), 'patches_h': 2, 'patches_w': 7, 'total_patches': 14, 'image_tokens': 14, 'total_image_tokens': 16, 'patch_size': 28}]","[151644, 8948, 198, 2610, 525, 264, 10950, 17847, 13, 151645, 198, 151644, 872, 198, 151652, 151655, 151653, 26987, 25, 5209, 4226, 279, 3405, 323, 3410, 279, 4396, 2999, 6524, 11, 384, 1302, 2572, 362, 11, 425, 11, 356, 11, 422, 11, 518, 279, 835, 624, 14582, 25, 1634, 6839, 304]","Hint: Please answer the question and provide the correct option letter, e.g., A, B, C, D, at the end.
Question: As shown in the figure, in the parallelogram ABCD, it is known that AB = 6.0, BC = 9.0, ∠B = 30.0, then the area of ​​the parallelogram ABCD is ()
Choices:
(A) 12
(B) 18
(C) 27
(D) 54"
698,MathVista_MINI,121,1,288,409,"[{'original_size': (615, 376), 'target_size': (616, 364), 'patches_h': 13, 'patches_w': 22, 'total_patches': 286, 'image_tokens': 286, 'total_image_tokens': 288, 'patch_size': 28}]","[151644, 8948, 198, 2610, 525, 264, 10950, 17847, 13, 151645, 198, 151644, 872, 198, 151652, 151655, 151653, 26987, 25, 5209, 4226, 279, 3405, 323, 3410, 279, 4396, 2999, 6524, 11, 384, 1302, 2572, 362, 11, 425, 11, 356, 11, 422, 11, 518, 279, 835, 624, 14582, 25, 758, 279, 21495]","Hint: Please answer the question and provide the correct option letter, e.g., A, B, C, D, at the end.
Question: In the triangle in the figure above, what is the value of x?
Choices:
(A) 2*\sqrt{3}
(B) 6*\sqrt{2}
(C) 6*\sqrt{3}
(D) 6
(E) 12"
699,MathVista_MINI,89,1,1244,1333,"[{'original_size': (4577, 2684), 'target_size': (1288, 756), 'patches_h': 27, 'patches_w': 46, 'total_patches': 1242, 'image_tokens': 1242, 'total_image_tokens': 1244, 'patch_size': 28}]","[151644, 8948, 198, 2610, 525, 264, 10950, 17847, 13, 151645, 198, 151644, 872, 198, 151652, 151655, 151653, 26987, 25, 5209, 4226, 279, 3405, 22703, 458, 7546, 4226, 323, 3410, 279, 1590, 897, 11, 384, 1302, 2572, 220, 16, 11, 220, 17, 11, 220, 18, 11, 518, 279, 835, 624, 14582]","Hint: Please answer the question requiring an integer answer and provide the final value, e.g., 1, 2, 3, at the end.
Question: What is the age gap between the center and the rightmost person? (Unit: years)"
700,MathVista_MINI,139,1,27,166,"[{'original_size': (144, 132), 'target_size': (140, 140), 'patches_h': 5, 'patches_w': 5, 'total_patches': 25, 'image_tokens': 25, 'total_image_tokens': 27, 'patch_size': 28}]","[151644, 8948, 198, 2610, 525, 264, 10950, 17847, 13, 151645, 198, 151644, 872, 198, 151652, 151655, 151653, 26987, 25, 5209, 4226, 279, 3405, 323, 3410, 279, 4396, 2999, 6524, 11, 384, 1302, 2572, 362, 11, 425, 11, 356, 11, 422, 11, 518, 279, 835, 624, 14582, 25, 69372, 28029, 3837]","Hint: Please answer the question and provide the correct option letter, e.g., A, B, C, D, at the end.
Question: 如图，⊙O是△ABC的外接圆，AB＝BC＝4，把弧AB沿弦AB向下折叠交BC于点D，若点D为BC中点，则AC长为（）
Choices:
(A) 1
(B) 2
(C) 2√{2}
(D) √{6}"
701,MathVista_MINI,95,1,50,145,"[{'original_size': (342, 109), 'target_size': (336, 112), 'patches_h': 4, 'patches_w': 12, 'total_patches': 48, 'image_tokens': 48, 'total_image_tokens': 50, 'patch_size': 28}]","[151644, 8948, 198, 2610, 525, 264, 10950, 17847, 13, 151645, 198, 151644, 872, 198, 151652, 151655, 151653, 26987, 25, 5209, 4226, 279, 3405, 22703, 458, 7546, 4226, 323, 3410, 279, 1590, 897, 11, 384, 1302, 2572, 220, 16, 11, 220, 17, 11, 220, 18, 11, 518, 279, 835, 624, 14582]","Hint: Please answer the question requiring an integer answer and provide the final value, e.g., 1, 2, 3, at the end.
Question: Move the ruler to measure the length of the line to the nearest centimeter. The line is about (_) centimeters long."
702,MathVista_MINI,95,1,1242,1337,"[{'original_size': (1754, 2237), 'target_size': (868, 1120), 'patches_h': 40, 'patches_w': 31, 'total_patches': 1240, 'image_tokens': 1240, 'total_image_tokens': 1242, 'patch_size': 28}]","[151644, 8948, 198, 2610, 525, 264, 10950, 17847, 13, 151645, 198, 151644, 872, 198, 151652, 151655, 151653, 26987, 25, 5209, 4226, 279, 3405, 22703, 458, 7546, 4226, 323, 3410, 279, 1590, 897, 11, 384, 1302, 2572, 220, 16, 11, 220, 17, 11, 220, 18, 11, 518, 279, 835, 624, 14582]","Hint: Please answer the question requiring an integer answer and provide the final value, e.g., 1, 2, 3, at the end.
Question: What is cumulative increase in weight ( in grams) for ""GROUP A"" in third week ( give an approximate value) ?"
703,MathVista_MINI,96,1,582,678,"[{'original_size': (800, 557), 'target_size': (812, 560), 'patches_h': 20, 'patches_w': 29, 'total_patches': 580, 'image_tokens': 580, 'total_image_tokens': 582, 'patch_size': 28}]","[151644, 8948, 198, 2610, 525, 264, 10950, 17847, 13, 151645, 198, 151644, 872, 198, 151652, 151655, 151653, 26987, 25, 5209, 4226, 279, 3405, 22703, 264, 19057, 16574, 1372, 448, 825, 12122, 1992, 323, 3410, 279, 1590, 897, 11, 384, 1302, 2572, 220, 16, 13, 17, 11, 220, 16, 13, 18]","Hint: Please answer the question requiring a floating-point number with one decimal place and provide the final value, e.g., 1.2, 1.3, 1.4, at the end.
Question: What is the sum of highest value and lowest value of navy blue bar?"
704,MathVista_MINI,117,1,226,343,"[{'original_size': (396, 440), 'target_size': (392, 448), 'patches_h': 16, 'patches_w': 14, 'total_patches': 224, 'image_tokens': 224, 'total_image_tokens': 226, 'patch_size': 28}]","[151644, 8948, 198, 2610, 525, 264, 10950, 17847, 13, 151645, 198, 151644, 872, 198, 151652, 151655, 151653, 26987, 25, 5209, 4226, 279, 3405, 323, 3410, 279, 4396, 2999, 6524, 11, 384, 1302, 2572, 362, 11, 425, 11, 356, 11, 422, 11, 518, 279, 835, 624, 14582, 25, 15920, 1378, 24626]","Hint: Please answer the question and provide the correct option letter, e.g., A, B, C, D, at the end.
Question: Which two puzzle pieces form the larger square?
Choices:
(A) 1 & 2
(B) 1 & 3
(C) 1 & 4
(D) 2 & 3
(E) 2 & 4"
705,MathVista_MINI,91,1,272,363,"[{'original_size': (419, 512), 'target_size': (420, 504), 'patches_h': 18, 'patches_w': 15, 'total_patches': 270, 'image_tokens': 270, 'total_image_tokens': 272, 'patch_size': 28}]","[151644, 8948, 198, 2610, 525, 264, 10950, 17847, 13, 151645, 198, 151644, 872, 198, 151652, 151655, 151653, 26987, 25, 5209, 4226, 279, 3405, 323, 3410, 279, 4396, 2999, 6524, 11, 384, 1302, 2572, 362, 11, 425, 11, 356, 11, 422, 11, 518, 279, 835, 624, 14582, 25, 2160, 279, 4746]","Hint: Please answer the question and provide the correct option letter, e.g., A, B, C, D, at the end.
Question: Is the heart wider than more than half the width of the thorax?
Choices:
(A) Yes
(B) No"
706,MathVista_MINI,113,1,242,355,"[{'original_size': (438, 432), 'target_size': (448, 420), 'patches_h': 15, 'patches_w': 16, 'total_patches': 240, 'image_tokens': 240, 'total_image_tokens': 242, 'patch_size': 28}]","[151644, 8948, 198, 2610, 525, 264, 10950, 17847, 13, 151645, 198, 151644, 872, 198, 151652, 151655, 151653, 26987, 25, 5209, 4226, 279, 3405, 323, 3410, 279, 4396, 2999, 6524, 11, 384, 1302, 2572, 362, 11, 425, 11, 356, 11, 422, 11, 518, 279, 835, 624, 14582, 25, 7379, 279, 2168]","Hint: Please answer the question and provide the correct option letter, e.g., A, B, C, D, at the end.
Question: Find the image of the dot (8,-2) under a clockwise rotation by 270° about the origin.""
Choices:
(A) A
(B) B
(C) C
(D) D
(E) E"
707,MathVista_MINI,120,1,26,146,"[{'original_size': (154, 120), 'target_size': (168, 112), 'patches_h': 4, 'patches_w': 6, 'total_patches': 24, 'image_tokens': 24, 'total_image_tokens': 26, 'patch_size': 28}]","[151644, 8948, 198, 2610, 525, 264, 10950, 17847, 13, 151645, 198, 151644, 872, 198, 151652, 151655, 151653, 26987, 25, 5209, 4226, 279, 3405, 323, 3410, 279, 4396, 2999, 6524, 11, 384, 1302, 2572, 362, 11, 425, 11, 356, 11, 422, 11, 518, 279, 835, 624, 14582, 25, 69372, 28029, 3837]","Hint: Please answer the question and provide the correct option letter, e.g., A, B, C, D, at the end.
Question: 如图，a∥b，∠1＝60°，则∠2的大小是（）
Choices:
(A) 60°
(B) 80°
(C) 100°
(D) 120°"
708,MathVista_MINI,175,1,26,201,"[{'original_size': (156, 110), 'target_size': (168, 112), 'patches_h': 4, 'patches_w': 6, 'total_patches': 24, 'image_tokens': 24, 'total_image_tokens': 26, 'patch_size': 28}]","[151644, 8948, 198, 2610, 525, 264, 10950, 17847, 13, 151645, 198, 151644, 872, 198, 151652, 151655, 151653, 26987, 25, 5209, 4226, 279, 3405, 323, 3410, 279, 4396, 2999, 6524, 11, 384, 1302, 2572, 362, 11, 425, 11, 356, 11, 422, 11, 518, 279, 835, 624, 14582, 25, 1634, 6839, 304]","Hint: Please answer the question and provide the correct option letter, e.g., A, B, C, D, at the end.
Question: As shown in the figure, the light source P is directly above the crossbar AB, the shadow of AB under the light is CD, AB ∥ CD, AB = 2.0, CD = 5.0, the distance between point P and CD is 3.0, then the distance between AB and CD is ().
Choices:
(A) \frac{6}{5}
(B) \frac{7}{6}
(C) \frac{9}{5}
(D) \frac{15}{2}"
709,MathVista_MINI,79,1,282,361,"[{'original_size': (552, 393), 'target_size': (560, 392), 'patches_h': 14, 'patches_w': 20, 'total_patches': 280, 'image_tokens': 280, 'total_image_tokens': 282, 'patch_size': 28}]","[151644, 8948, 198, 2610, 525, 264, 10950, 17847, 13, 151645, 198, 151644, 872, 198, 151652, 151655, 151653, 26987, 25, 5209, 4226, 279, 3405, 22703, 458, 7546, 4226, 323, 3410, 279, 1590, 897, 11, 384, 1302, 2572, 220, 16, 11, 220, 17, 11, 220, 18, 11, 518, 279, 835, 624, 14582]","Hint: Please answer the question requiring an integer answer and provide the final value, e.g., 1, 2, 3, at the end.
Question: What is the value of f(0)?"
710,MathVista_MINI,86,1,1249,1335,"[{'original_size': (2293, 1555), 'target_size': (1204, 812), 'patches_h': 29, 'patches_w': 43, 'total_patches': 1247, 'image_tokens': 1247, 'total_image_tokens': 1249, 'patch_size': 28}]","[151644, 8948, 198, 2610, 525, 264, 10950, 17847, 13, 151645, 198, 151644, 872, 198, 151652, 151655, 151653, 26987, 25, 5209, 4226, 279, 3405, 22703, 458, 7546, 4226, 323, 3410, 279, 1590, 897, 11, 384, 1302, 2572, 220, 16, 11, 220, 17, 11, 220, 18, 11, 518, 279, 835, 624, 14582]","Hint: Please answer the question requiring an integer answer and provide the final value, e.g., 1, 2, 3, at the end.
Question: How many people in the image were born after the end of World War II?"
711,MathVista_MINI,86,1,132,218,"[{'original_size': (369, 270), 'target_size': (364, 280), 'patches_h': 10, 'patches_w': 13, 'total_patches': 130, 'image_tokens': 130, 'total_image_tokens': 132, 'patch_size': 28}]","[151644, 8948, 198, 2610, 525, 264, 10950, 17847, 13, 151645, 198, 151644, 872, 198, 151652, 151655, 151653, 26987, 25, 5209, 4226, 279, 3405, 22703, 458, 7546, 4226, 323, 3410, 279, 1590, 897, 11, 384, 1302, 2572, 220, 16, 11, 220, 17, 11, 220, 18, 11, 518, 279, 835, 624, 14582]","Hint: Please answer the question requiring an integer answer and provide the final value, e.g., 1, 2, 3, at the end.
Question: How many people in the image were born after the end of World War II?"
712,MathVista_MINI,78,1,83,161,"[{'original_size': (258, 244), 'target_size': (252, 252), 'patches_h': 9, 'patches_w': 9, 'total_patches': 81, 'image_tokens': 81, 'total_image_tokens': 83, 'patch_size': 28}]","[151644, 8948, 198, 2610, 525, 264, 10950, 17847, 13, 151645, 198, 151644, 872, 198, 151652, 151655, 151653, 26987, 25, 5209, 4226, 279, 3405, 22703, 458, 7546, 4226, 323, 3410, 279, 1590, 897, 11, 384, 1302, 2572, 220, 16, 11, 220, 17, 11, 220, 18, 11, 518, 279, 835, 624, 14582]","Hint: Please answer the question requiring an integer answer and provide the final value, e.g., 1, 2, 3, at the end.
Question: What is the perimeter of the shape?"
713,MathVista_MINI,93,1,287,380,"[{'original_size': (521, 422), 'target_size': (532, 420), 'patches_h': 15, 'patches_w': 19, 'total_patches': 285, 'image_tokens': 285, 'total_image_tokens': 287, 'patch_size': 28}]","[151644, 8948, 198, 2610, 525, 264, 10950, 17847, 13, 151645, 198, 151644, 872, 198, 151652, 151655, 151653, 26987, 25, 5209, 4226, 279, 3405, 323, 3410, 279, 4396, 2999, 6524, 11, 384, 1302, 2572, 362, 11, 425, 11, 356, 11, 422, 11, 518, 279, 835, 624, 14582, 25, 7379, 400, 87]","Hint: Please answer the question and provide the correct option letter, e.g., A, B, C, D, at the end.
Question: Find $x$.
Choices:
(A) 3
(B) 4
(C) 6
(D) 7"
714,MathVista_MINI,103,1,393,496,"[{'original_size': (640, 480), 'target_size': (644, 476), 'patches_h': 17, 'patches_w': 23, 'total_patches': 391, 'image_tokens': 391, 'total_image_tokens': 393, 'patch_size': 28}]","[151644, 8948, 198, 2610, 525, 264, 10950, 17847, 13, 151645, 198, 151644, 872, 198, 151652, 151655, 151653, 26987, 25, 5209, 4226, 279, 3405, 323, 3410, 279, 4396, 2999, 6524, 11, 384, 1302, 2572, 362, 11, 425, 11, 356, 11, 422, 11, 518, 279, 835, 624, 14582, 25, 2160, 279, 1372]","Hint: Please answer the question and provide the correct option letter, e.g., A, B, C, D, at the end.
Question: Is the number of large brown rubber motorbikes in front of the big motorbike greater than the number of big green sedans?
Choices:
(A) Yes
(B) No"
715,MathVista_MINI,82,1,1227,1309,"[{'original_size': (1920, 1920), 'target_size': (980, 980), 'patches_h': 35, 'patches_w': 35, 'total_patches': 1225, 'image_tokens': 1225, 'total_image_tokens': 1227, 'patch_size': 28}]","[151644, 8948, 198, 2610, 525, 264, 10950, 17847, 13, 151645, 198, 151644, 872, 198, 151652, 151655, 151653, 26987, 25, 5209, 4226, 279, 3405, 323, 3410, 279, 4396, 2999, 6524, 11, 384, 1302, 2572, 362, 11, 425, 11, 356, 11, 422, 11, 518, 279, 835, 624, 14582, 25, 2160, 419, 264]","Hint: Please answer the question and provide the correct option letter, e.g., A, B, C, D, at the end.
Question: Is this a periodic function?
Choices:
(A) Yes
(B) No"
716,MathVista_MINI,110,1,107,217,"[{'original_size': (427, 196), 'target_size': (420, 196), 'patches_h': 7, 'patches_w': 15, 'total_patches': 105, 'image_tokens': 105, 'total_image_tokens': 107, 'patch_size': 28}]","[151644, 8948, 198, 2610, 525, 264, 10950, 17847, 13, 151645, 198, 151644, 872, 198, 151652, 151655, 151653, 26987, 25, 5209, 4226, 279, 3405, 323, 3410, 279, 4396, 2999, 6524, 11, 384, 1302, 2572, 362, 11, 425, 11, 356, 11, 422, 11, 518, 279, 835, 624, 14582, 25, 7379, 379, 624]","Hint: Please answer the question and provide the correct option letter, e.g., A, B, C, D, at the end.
Question: Find y.
Choices:
(A) 16 \sqrt { 2 }
(B) 16 \sqrt { 3 }
(C) 32
(D) 16 \sqrt { 5 }"
717,MathVista_MINI,104,1,134,238,"[{'original_size': (314, 350), 'target_size': (308, 336), 'patches_h': 12, 'patches_w': 11, 'total_patches': 132, 'image_tokens': 132, 'total_image_tokens': 134, 'patch_size': 28}]","[151644, 8948, 198, 2610, 525, 264, 10950, 17847, 13, 151645, 198, 151644, 872, 198, 151652, 151655, 151653, 26987, 25, 5209, 4226, 279, 3405, 323, 3410, 279, 4396, 2999, 6524, 11, 384, 1302, 2572, 362, 11, 425, 11, 356, 11, 422, 11, 518, 279, 835, 624, 14582, 25, 2160, 1124, 396]","Hint: Please answer the question and provide the correct option letter, e.g., A, B, C, D, at the end.
Question: Is \int_1^{\infty} {1\over x^{0.99}} dx finite according to this graph ?

Choices:
(A) Yes
(B) No"
718,MathVista_MINI,142,1,26,168,"[{'original_size': (215, 94), 'target_size': (224, 84), 'patches_h': 3, 'patches_w': 8, 'total_patches': 24, 'image_tokens': 24, 'total_image_tokens': 26, 'patch_size': 28}]","[151644, 8948, 198, 2610, 525, 264, 10950, 17847, 13, 151645, 198, 151644, 872, 198, 151652, 151655, 151653, 26987, 25, 5209, 4226, 279, 3405, 22703, 264, 19057, 16574, 1372, 448, 1378, 12122, 7482, 323, 3410, 279, 1590, 897, 11, 384, 1302, 2572, 220, 16, 13, 17, 18, 11, 220, 16, 13]","Hint: Please answer the question requiring a floating-point number with two decimal places and provide the final value, e.g., 1.23, 1.34, 1.45, at the end.
Question: Jeffrey is the proud owner of an eclectic bow tie collection. He keeps track of how many bow ties he has, and organizes them by pattern and material. What is the probability that a randomly selected bow tie is designed with swirls and is made of velvet? Simplify any fractions.'"
719,MathVista_MINI,91,1,66,157,"[{'original_size': (225, 218), 'target_size': (224, 224), 'patches_h': 8, 'patches_w': 8, 'total_patches': 64, 'image_tokens': 64, 'total_image_tokens': 66, 'patch_size': 28}]","[151644, 8948, 198, 2610, 525, 264, 10950, 17847, 13, 151645, 198, 151644, 872, 198, 151652, 151655, 151653, 26987, 25, 5209, 4226, 279, 3405, 22703, 458, 7546, 4226, 323, 3410, 279, 1590, 897, 11, 384, 1302, 2572, 220, 16, 11, 220, 17, 11, 220, 18, 11, 518, 279, 835, 624, 14582]","Hint: Please answer the question requiring an integer answer and provide the final value, e.g., 1, 2, 3, at the end.
Question: Brenda graphed the daily low temperature for 5 days. What is the range of the numbers?'"
720,MathVista_MINI,80,1,158,238,"[{'original_size': (362, 350), 'target_size': (364, 336), 'patches_h': 12, 'patches_w': 13, 'total_patches': 156, 'image_tokens': 156, 'total_image_tokens': 158, 'patch_size': 28}]","[151644, 8948, 198, 2610, 525, 264, 10950, 17847, 13, 151645, 198, 151644, 872, 198, 151652, 151655, 151653, 26987, 25, 5209, 4226, 279, 3405, 22703, 458, 7546, 4226, 323, 3410, 279, 1590, 897, 11, 384, 1302, 2572, 220, 16, 11, 220, 17, 11, 220, 18, 11, 518, 279, 835, 624, 14582]","Hint: Please answer the question requiring an integer answer and provide the final value, e.g., 1, 2, 3, at the end.
Question: When does the function value first reach 2?"
721,MathVista_MINI,79,1,178,257,"[{'original_size': (441, 297), 'target_size': (448, 308), 'patches_h': 11, 'patches_w': 16, 'total_patches': 176, 'image_tokens': 176, 'total_image_tokens': 178, 'patch_size': 28}]","[151644, 8948, 198, 2610, 525, 264, 10950, 17847, 13, 151645, 198, 151644, 872, 198, 151652, 151655, 151653, 26987, 25, 5209, 4226, 279, 3405, 22703, 458, 7546, 4226, 323, 3410, 279, 1590, 897, 11, 384, 1302, 2572, 220, 16, 11, 220, 17, 11, 220, 18, 11, 518, 279, 835, 624, 14582]","Hint: Please answer the question requiring an integer answer and provide the final value, e.g., 1, 2, 3, at the end.
Question: How many odd functions are in the graph?"
722,MathVista_MINI,84,1,338,422,"[{'original_size': (677, 400), 'target_size': (672, 392), 'patches_h': 14, 'patches_w': 24, 'total_patches': 336, 'image_tokens': 336, 'total_image_tokens': 338, 'patch_size': 28}]","[151644, 8948, 198, 2610, 525, 264, 10950, 17847, 13, 151645, 198, 151644, 872, 198, 151652, 151655, 151653, 26987, 25, 5209, 4226, 279, 3405, 323, 3410, 279, 4396, 2999, 6524, 11, 384, 1302, 2572, 362, 11, 425, 11, 356, 11, 422, 11, 518, 279, 835, 624, 14582, 25, 2160, 18183, 14722]","Hint: Please answer the question and provide the correct option letter, e.g., A, B, C, D, at the end.
Question: Is Deep Sky Blue the high median?
Choices:
(A) yes
(B) no"
723,MathVista_MINI,81,1,172,253,"[{'original_size': (468, 277), 'target_size': (476, 280), 'patches_h': 10, 'patches_w': 17, 'total_patches': 170, 'image_tokens': 170, 'total_image_tokens': 172, 'patch_size': 28}]","[151644, 8948, 198, 2610, 525, 264, 10950, 17847, 13, 151645, 198, 151644, 872, 198, 151652, 151655, 151653, 26987, 25, 5209, 4226, 279, 3405, 323, 3410, 279, 4396, 2999, 6524, 11, 384, 1302, 2572, 362, 11, 425, 11, 356, 11, 422, 11, 518, 279, 835, 624, 14582, 25, 2160, 279, 729]","Hint: Please answer the question and provide the correct option letter, e.g., A, B, C, D, at the end.
Question: Is the function convex?
Choices:
(A) Yes
(B) No"
724,MathVista_MINI,87,1,324,411,"[{'original_size': (638, 400), 'target_size': (644, 392), 'patches_h': 14, 'patches_w': 23, 'total_patches': 322, 'image_tokens': 322, 'total_image_tokens': 324, 'patch_size': 28}]","[151644, 8948, 198, 2610, 525, 264, 10950, 17847, 13, 151645, 198, 151644, 872, 198, 151652, 151655, 151653, 26987, 25, 5209, 4226, 279, 3405, 323, 3410, 279, 4396, 2999, 6524, 11, 384, 1302, 2572, 362, 11, 425, 11, 356, 11, 422, 11, 518, 279, 835, 624, 14582, 25, 12553, 44457, 40389]","Hint: Please answer the question and provide the correct option letter, e.g., A, B, C, D, at the end.
Question: Does Rebecca Purple have the minimum area under the curve?
Choices:
(A) yes
(B) no"
725,MathVista_MINI,167,1,877,1044,"[{'original_size': (976, 690), 'target_size': (980, 700), 'patches_h': 25, 'patches_w': 35, 'total_patches': 875, 'image_tokens': 875, 'total_image_tokens': 877, 'patch_size': 28}]","[151644, 8948, 198, 2610, 525, 264, 10950, 17847, 13, 151645, 198, 151644, 872, 198, 151652, 151655, 151653, 26987, 25, 5209, 4226, 279, 3405, 22703, 458, 7546, 4226, 323, 3410, 279, 1590, 897, 11, 384, 1302, 2572, 220, 16, 11, 220, 17, 11, 220, 18, 11, 518, 279, 835, 624, 14582]","Hint: Please answer the question requiring an integer answer and provide the final value, e.g., 1, 2, 3, at the end.
Question: In Figure, suppose that Barbara's velocity relative to Alex is a constant $v_{B A}=52 \mathrm{~km} / \mathrm{h}$ and car $P$ is moving in the negative direction of the $x$ axis.
(a) If Alex measures a constant $v_{P A}=-78 \mathrm{~km} / \mathrm{h}$ for car $P$, what velocity $v_{P B}$ will Barbara measure?"
726,MathVista_MINI,108,1,58,166,"[{'original_size': (228, 199), 'target_size': (224, 196), 'patches_h': 7, 'patches_w': 8, 'total_patches': 56, 'image_tokens': 56, 'total_image_tokens': 58, 'patch_size': 28}]","[151644, 8948, 198, 2610, 525, 264, 10950, 17847, 13, 151645, 198, 151644, 872, 198, 151652, 151655, 151653, 26987, 25, 5209, 4226, 279, 3405, 323, 3410, 279, 4396, 2999, 6524, 11, 384, 1302, 2572, 362, 11, 425, 11, 356, 11, 422, 11, 518, 279, 835, 624, 14582, 25, 7379, 856, 13]","Hint: Please answer the question and provide the correct option letter, e.g., A, B, C, D, at the end.
Question: Find x. Assume that any segment that appears to be tangent is tangent.
Choices:
(A) 10
(B) 30
(C) 90
(D) 120"
727,MathVista_MINI,85,1,258,343,"[{'original_size': (448, 448), 'target_size': (448, 448), 'patches_h': 16, 'patches_w': 16, 'total_patches': 256, 'image_tokens': 256, 'total_image_tokens': 258, 'patch_size': 28}]","[151644, 8948, 198, 2610, 525, 264, 10950, 17847, 13, 151645, 198, 151644, 872, 198, 151652, 151655, 151653, 26987, 25, 5209, 4226, 279, 3405, 22703, 458, 7546, 4226, 323, 3410, 279, 1590, 897, 11, 384, 1302, 2572, 220, 16, 11, 220, 17, 11, 220, 18, 11, 518, 279, 835, 624, 14582]","Hint: Please answer the question requiring an integer answer and provide the final value, e.g., 1, 2, 3, at the end.
Question: What is the difference between the largest and the smallest value in the chart?"
728,MathVista_MINI,95,1,26,121,"[{'original_size': (342, 69), 'target_size': (336, 56), 'patches_h': 2, 'patches_w': 12, 'total_patches': 24, 'image_tokens': 24, 'total_image_tokens': 26, 'patch_size': 28}]","[151644, 8948, 198, 2610, 525, 264, 10950, 17847, 13, 151645, 198, 151644, 872, 198, 151652, 151655, 151653, 26987, 25, 5209, 4226, 279, 3405, 22703, 458, 7546, 4226, 323, 3410, 279, 1590, 897, 11, 384, 1302, 2572, 220, 16, 11, 220, 17, 11, 220, 18, 11, 518, 279, 835, 624, 14582]","Hint: Please answer the question requiring an integer answer and provide the final value, e.g., 1, 2, 3, at the end.
Question: Move the ruler to measure the length of the line to the nearest centimeter. The line is about (_) centimeters long."
729,MathVista_MINI,81,1,258,339,"[{'original_size': (448, 448), 'target_size': (448, 448), 'patches_h': 16, 'patches_w': 16, 'total_patches': 256, 'image_tokens': 256, 'total_image_tokens': 258, 'patch_size': 28}]","[151644, 8948, 198, 2610, 525, 264, 10950, 17847, 13, 151645, 198, 151644, 872, 198, 151652, 151655, 151653, 26987, 25, 5209, 4226, 279, 3405, 22703, 458, 7546, 4226, 323, 3410, 279, 1590, 897, 11, 384, 1302, 2572, 220, 16, 11, 220, 17, 11, 220, 18, 11, 518, 279, 835, 624, 14582]","Hint: Please answer the question requiring an integer answer and provide the final value, e.g., 1, 2, 3, at the end.
Question: What is the lowest accuracy reported in the whole chart?"
730,MathVista_MINI,82,1,582,664,"[{'original_size': (800, 557), 'target_size': (812, 560), 'patches_h': 20, 'patches_w': 29, 'total_patches': 580, 'image_tokens': 580, 'total_image_tokens': 582, 'patch_size': 28}]","[151644, 8948, 198, 2610, 525, 264, 10950, 17847, 13, 151645, 198, 151644, 872, 198, 151652, 151655, 151653, 26987, 25, 5209, 4226, 279, 3405, 22703, 458, 7546, 4226, 323, 3410, 279, 1590, 897, 11, 384, 1302, 2572, 220, 16, 11, 220, 17, 11, 220, 18, 11, 518, 279, 835, 624, 14582]","Hint: Please answer the question requiring an integer answer and provide the final value, e.g., 1, 2, 3, at the end.
Question: In which year the market share of KLA is highest?"
731,MathVista_MINI,98,1,38,136,"[{'original_size': (159, 180), 'target_size': (168, 168), 'patches_h': 6, 'patches_w': 6, 'total_patches': 36, 'image_tokens': 36, 'total_image_tokens': 38, 'patch_size': 28}]","[151644, 8948, 198, 2610, 525, 264, 10950, 17847, 13, 151645, 198, 151644, 872, 198, 151652, 151655, 151653, 26987, 25, 5209, 4226, 279, 3405, 22703, 458, 7546, 4226, 323, 3410, 279, 1590, 897, 11, 384, 1302, 2572, 220, 16, 11, 220, 17, 11, 220, 18, 11, 518, 279, 835, 624, 14582]","Hint: Please answer the question requiring an integer answer and provide the final value, e.g., 1, 2, 3, at the end.
Question: The train conductor made sure to count the number of passengers on each train. What is the smallest number of passengers? (Unit: passengers)"
732,MathVista_MINI,100,1,1226,1326,"[{'original_size': (1152, 1080), 'target_size': (1008, 952), 'patches_h': 34, 'patches_w': 36, 'total_patches': 1224, 'image_tokens': 1224, 'total_image_tokens': 1226, 'patch_size': 28}]","[151644, 8948, 198, 2610, 525, 264, 10950, 17847, 13, 151645, 198, 151644, 872, 198, 151652, 151655, 151653, 26987, 25, 5209, 4226, 279, 3405, 323, 3410, 279, 4396, 2999, 6524, 11, 384, 1302, 2572, 362, 11, 425, 11, 356, 11, 422, 11, 518, 279, 835, 624, 14582, 25, 15920, 46020, 1035]","Hint: Please answer the question and provide the correct option letter, e.g., A, B, C, D, at the end.
Question: Which organism would be most affected if there was a shortage of plants?
Choices:
(A) Grasshopper
(B) Snake
(C) Mouse
(D) Hawk"
733,MathVista_MINI,106,1,1262,1368,"[{'original_size': (972, 1018), 'target_size': (980, 1008), 'patches_h': 36, 'patches_w': 35, 'total_patches': 1260, 'image_tokens': 1260, 'total_image_tokens': 1262, 'patch_size': 28}]","[151644, 8948, 198, 2610, 525, 264, 10950, 17847, 13, 151645, 198, 151644, 872, 198, 151652, 151655, 151653, 26987, 25, 5209, 4226, 279, 3405, 22703, 264, 19057, 16574, 1372, 448, 825, 12122, 1992, 323, 3410, 279, 1590, 897, 11, 384, 1302, 2572, 220, 16, 13, 17, 11, 220, 16, 13, 18]","Hint: Please answer the question requiring a floating-point number with one decimal place and provide the final value, e.g., 1.2, 1.3, 1.4, at the end.
Question: Square ABCD. CT: tangent to semicircle. Find the angle ∠CTD. Return the numeric value."
734,MathVista_MINI,101,1,393,494,"[{'original_size': (640, 480), 'target_size': (644, 476), 'patches_h': 17, 'patches_w': 23, 'total_patches': 391, 'image_tokens': 391, 'total_image_tokens': 393, 'patch_size': 28}]","[151644, 8948, 198, 2610, 525, 264, 10950, 17847, 13, 151645, 198, 151644, 872, 198, 151652, 151655, 151653, 26987, 25, 5209, 4226, 279, 3405, 323, 3410, 279, 4396, 2999, 6524, 11, 384, 1302, 2572, 362, 11, 425, 11, 356, 11, 422, 11, 518, 279, 835, 624, 14582, 25, 8713, 1052, 16745]","Hint: Please answer the question and provide the correct option letter, e.g., A, B, C, D, at the end.
Question: Are there fewer double buss that are behind the aeroplane than things on the left side of the yellow double bus?
Choices:
(A) Yes
(B) No"
735,MathVista_MINI,106,1,393,499,"[{'original_size': (640, 480), 'target_size': (644, 476), 'patches_h': 17, 'patches_w': 23, 'total_patches': 391, 'image_tokens': 391, 'total_image_tokens': 393, 'patch_size': 28}]","[151644, 8948, 198, 2610, 525, 264, 10950, 17847, 13, 151645, 198, 151644, 872, 198, 151652, 151655, 151653, 26987, 25, 5209, 4226, 279, 3405, 323, 3410, 279, 4396, 2999, 6524, 11, 384, 1302, 2572, 362, 11, 425, 11, 356, 11, 422, 11, 518, 279, 835, 624, 14582, 25, 2160, 279, 1372]","Hint: Please answer the question and provide the correct option letter, e.g., A, B, C, D, at the end.
Question: Is the number of big cyan things in front of the cyan rubber suv less than the number of big suvs that are behind the red bus?
Choices:
(A) Yes
(B) No"
736,MathVista_MINI,137,1,50,187,"[{'original_size': (226, 154), 'target_size': (224, 168), 'patches_h': 6, 'patches_w': 8, 'total_patches': 48, 'image_tokens': 48, 'total_image_tokens': 50, 'patch_size': 28}]","[151644, 8948, 198, 2610, 525, 264, 10950, 17847, 13, 151645, 198, 151644, 872, 198, 151652, 151655, 151653, 26987, 25, 5209, 4226, 279, 3405, 323, 3410, 279, 4396, 2999, 6524, 11, 384, 1302, 2572, 362, 11, 425, 11, 356, 11, 422, 11, 518, 279, 835, 624, 14582, 25, 69372, 28029, 3837]","Hint: Please answer the question and provide the correct option letter, e.g., A, B, C, D, at the end.
Question: 如图，已知直线a∥b，直角三角形ABC中，∠C＝90°，若∠B＝58°，那么∠1﹣∠2＝（）
Choices:
(A) 28°
(B) 30°
(C) 32°
(D) 58°"
737,MathVista_MINI,101,1,80,181,"[{'original_size': (352, 179), 'target_size': (364, 168), 'patches_h': 6, 'patches_w': 13, 'total_patches': 78, 'image_tokens': 78, 'total_image_tokens': 80, 'patch_size': 28}]","[151644, 8948, 198, 2610, 525, 264, 10950, 17847, 13, 151645, 198, 151644, 872, 198, 151652, 151655, 151653, 26987, 25, 5209, 4226, 279, 3405, 323, 3410, 279, 4396, 2999, 6524, 11, 384, 1302, 2572, 362, 11, 425, 11, 356, 11, 422, 11, 518, 279, 835, 624, 14582, 25, 7379, 279, 46342]","Hint: Please answer the question and provide the correct option letter, e.g., A, B, C, D, at the end.
Question: Find the perimeter of the parallelogram.
Choices:
(A) 32
(B) 39
(C) 46
(D) 78"
738,MathVista_MINI,81,1,142,223,"[{'original_size': (383, 268), 'target_size': (392, 280), 'patches_h': 10, 'patches_w': 14, 'total_patches': 140, 'image_tokens': 140, 'total_image_tokens': 142, 'patch_size': 28}]","[151644, 8948, 198, 2610, 525, 264, 10950, 17847, 13, 151645, 198, 151644, 872, 198, 151652, 151655, 151653, 26987, 25, 5209, 4226, 279, 3405, 323, 3410, 279, 4396, 2999, 6524, 11, 384, 1302, 2572, 362, 11, 425, 11, 356, 11, 422, 11, 518, 279, 835, 624, 14582, 25, 2160, 419, 729]","Hint: Please answer the question and provide the correct option letter, e.g., A, B, C, D, at the end.
Question: Is this function continuous?
Choices:
(A) Yes
(B) No"
739,MathVista_MINI,91,1,44,135,"[{'original_size': (201, 160), 'target_size': (196, 168), 'patches_h': 6, 'patches_w': 7, 'total_patches': 42, 'image_tokens': 42, 'total_image_tokens': 44, 'patch_size': 28}]","[151644, 8948, 198, 2610, 525, 264, 10950, 17847, 13, 151645, 198, 151644, 872, 198, 151652, 151655, 151653, 26987, 25, 5209, 4226, 279, 3405, 22703, 458, 7546, 4226, 323, 3410, 279, 1590, 897, 11, 384, 1302, 2572, 220, 16, 11, 220, 17, 11, 220, 18, 11, 518, 279, 835, 624, 14582]","Hint: Please answer the question requiring an integer answer and provide the final value, e.g., 1, 2, 3, at the end.
Question: How much money does Hannah need to buy a baking dish and a cookie jar? (Unit: $)"
740,MathVista_MINI,101,1,236,337,"[{'original_size': (500, 375), 'target_size': (504, 364), 'patches_h': 13, 'patches_w': 18, 'total_patches': 234, 'image_tokens': 234, 'total_image_tokens': 236, 'patch_size': 28}]","[151644, 8948, 198, 2610, 525, 264, 10950, 17847, 13, 151645, 198, 151644, 872, 198, 151652, 151655, 151653, 26987, 25, 5209, 4226, 279, 3405, 323, 3410, 279, 4396, 2999, 6524, 11, 384, 1302, 2572, 362, 11, 425, 11, 356, 11, 422, 11, 518, 279, 835, 624, 14582, 25, 3555, 3266, 315]","Hint: Please answer the question and provide the correct option letter, e.g., A, B, C, D, at the end.
Question: What percent of the stands are full?
Choices:
(A) 15
(B) 100
(C) 50
(D) 50"
741,MathVista_MINI,87,1,1224,1311,"[{'original_size': (1920, 1080), 'target_size': (1316, 728), 'patches_h': 26, 'patches_w': 47, 'total_patches': 1222, 'image_tokens': 1222, 'total_image_tokens': 1224, 'patch_size': 28}]","[151644, 8948, 198, 2610, 525, 264, 10950, 17847, 13, 151645, 198, 151644, 872, 198, 151652, 151655, 151653, 26987, 25, 5209, 4226, 279, 3405, 22703, 458, 7546, 4226, 323, 3410, 279, 1590, 897, 11, 384, 1302, 2572, 220, 16, 11, 220, 17, 11, 220, 18, 11, 518, 279, 835, 624, 14582]","Hint: Please answer the question requiring an integer answer and provide the final value, e.g., 1, 2, 3, at the end.
Question: What is the age gap between these two people in image? (Unit: years)"
742,MathVista_MINI,93,1,98,191,"[{'original_size': (438, 159), 'target_size': (448, 168), 'patches_h': 6, 'patches_w': 16, 'total_patches': 96, 'image_tokens': 96, 'total_image_tokens': 98, 'patch_size': 28}]","[151644, 8948, 198, 2610, 525, 264, 10950, 17847, 13, 151645, 198, 151644, 872, 198, 151652, 151655, 151653, 26987, 25, 5209, 4226, 279, 3405, 22703, 458, 7546, 4226, 323, 3410, 279, 1590, 897, 11, 384, 1302, 2572, 220, 16, 11, 220, 17, 11, 220, 18, 11, 518, 279, 835, 624, 14582]","Hint: Please answer the question requiring an integer answer and provide the final value, e.g., 1, 2, 3, at the end.
Question: Move the ruler to measure the length of the twig to the nearest inch. The twig is about (_) inches long."
743,MathVista_MINI,97,1,582,679,"[{'original_size': (800, 557), 'target_size': (812, 560), 'patches_h': 20, 'patches_w': 29, 'total_patches': 580, 'image_tokens': 580, 'total_image_tokens': 582, 'patch_size': 28}]","[151644, 8948, 198, 2610, 525, 264, 10950, 17847, 13, 151645, 198, 151644, 872, 198, 151652, 151655, 151653, 26987, 25, 5209, 4226, 279, 3405, 22703, 264, 19057, 16574, 1372, 448, 1378, 12122, 7482, 323, 3410, 279, 1590, 897, 11, 384, 1302, 2572, 220, 16, 13, 17, 18, 11, 220, 16, 13]","Hint: Please answer the question requiring a floating-point number with two decimal places and provide the final value, e.g., 1.23, 1.34, 1.45, at the end.
Question: What is the different between the highest unemployment rate and the lowest?"
744,MathVista_MINI,114,1,100,214,"[{'original_size': (404, 199), 'target_size': (392, 196), 'patches_h': 7, 'patches_w': 14, 'total_patches': 98, 'image_tokens': 98, 'total_image_tokens': 100, 'patch_size': 28}]","[151644, 8948, 198, 2610, 525, 264, 10950, 17847, 13, 151645, 198, 151644, 872, 198, 151652, 151655, 151653, 26987, 25, 5209, 4226, 279, 3405, 323, 3410, 279, 4396, 2999, 6524, 11, 384, 1302, 2572, 362, 11, 425, 11, 356, 11, 422, 11, 518, 279, 835, 624, 14582, 25, 1416, 47496, 284]","Hint: Please answer the question and provide the correct option letter, e.g., A, B, C, D, at the end.
Question: If RL = 5, RT = 9, and WS = 6, find RW.
Choices:
(A) 5.4
(B) 6
(C) 6.6
(D) 7.5"
745,MathVista_MINI,87,1,1249,1336,"[{'original_size': (4256, 2832), 'target_size': (1204, 812), 'patches_h': 29, 'patches_w': 43, 'total_patches': 1247, 'image_tokens': 1247, 'total_image_tokens': 1249, 'patch_size': 28}]","[151644, 8948, 198, 2610, 525, 264, 10950, 17847, 13, 151645, 198, 151644, 872, 198, 151652, 151655, 151653, 26987, 25, 5209, 4226, 279, 3405, 22703, 458, 7546, 4226, 323, 3410, 279, 1590, 897, 11, 384, 1302, 2572, 220, 16, 11, 220, 17, 11, 220, 18, 11, 518, 279, 835, 624, 14582]","Hint: Please answer the question requiring an integer answer and provide the final value, e.g., 1, 2, 3, at the end.
Question: What is the age gap between these two people in image? (Unit: years)"
746,MathVista_MINI,125,1,58,183,"[{'original_size': (199, 218), 'target_size': (196, 224), 'patches_h': 8, 'patches_w': 7, 'total_patches': 56, 'image_tokens': 56, 'total_image_tokens': 58, 'patch_size': 28}]","[151644, 8948, 198, 2610, 525, 264, 10950, 17847, 13, 151645, 198, 151644, 872, 198, 151652, 151655, 151653, 26987, 25, 5209, 4226, 279, 3405, 22703, 458, 7546, 4226, 323, 3410, 279, 1590, 897, 11, 384, 1302, 2572, 220, 16, 11, 220, 17, 11, 220, 18, 11, 518, 279, 835, 624, 14582]","Hint: Please answer the question requiring an integer answer and provide the final value, e.g., 1, 2, 3, at the end.
Question: Mrs. Zimmerman hosts an annual art contest for kids, and she keeps a record of the number of entries each year. According to the table, what was the rate of change between 2013 and 2014? (Unit: entries per year)"
747,MathVista_MINI,135,1,308,443,"[{'original_size': (507, 467), 'target_size': (504, 476), 'patches_h': 17, 'patches_w': 18, 'total_patches': 306, 'image_tokens': 306, 'total_image_tokens': 308, 'patch_size': 28}]","[151644, 8948, 198, 2610, 525, 264, 10950, 17847, 13, 151645, 198, 151644, 872, 198, 151652, 151655, 151653, 26987, 25, 5209, 4226, 279, 3405, 323, 3410, 279, 4396, 2999, 6524, 11, 384, 1302, 2572, 362, 11, 425, 11, 356, 11, 422, 11, 518, 279, 835, 624, 14582, 25, 758, 57960, 347]","Hint: Please answer the question and provide the correct option letter, e.g., A, B, C, D, at the end.
Question: In $\odot M$, $FL=24,HJ=48$, and $m \widehat {HP}=65$. Find $m \widehat {HJ}$.
Choices:
(A) 65
(B) 120
(C) 130
(D) 155"
748,MathVista_MINI,153,1,30,183,"[{'original_size': (207, 117), 'target_size': (196, 112), 'patches_h': 4, 'patches_w': 7, 'total_patches': 28, 'image_tokens': 28, 'total_image_tokens': 30, 'patch_size': 28}]","[151644, 8948, 198, 2610, 525, 264, 10950, 17847, 13, 151645, 198, 151644, 872, 198, 151652, 151655, 151653, 26987, 25, 5209, 4226, 279, 3405, 323, 3410, 279, 4396, 2999, 6524, 11, 384, 1302, 2572, 362, 11, 425, 11, 356, 11, 422, 11, 518, 279, 835, 624, 14582, 25, 1634, 6839, 304]","Hint: Please answer the question and provide the correct option letter, e.g., A, B, C, D, at the end.
Question: As shown in the figure, PA and PB are tangents of ⊙O, the tangent point of point A and B, AC is the diameter of ⊙O, given that ∠P = 50.0, then the size of ∠ACB is ()
Choices:
(A) 65°
(B) 60°
(C) 55°
(D) 50°"
749,MathVista_MINI,158,1,26,184,"[{'original_size': (181, 98), 'target_size': (168, 112), 'patches_h': 4, 'patches_w': 6, 'total_patches': 24, 'image_tokens': 24, 'total_image_tokens': 26, 'patch_size': 28}]","[151644, 8948, 198, 2610, 525, 264, 10950, 17847, 13, 151645, 198, 151644, 872, 198, 151652, 151655, 151653, 26987, 25, 5209, 4226, 279, 3405, 323, 3410, 279, 4396, 2999, 6524, 11, 384, 1302, 2572, 362, 11, 425, 11, 356, 11, 422, 11, 518, 279, 835, 624, 14582, 25, 1634, 6839, 304]","Hint: Please answer the question and provide the correct option letter, e.g., A, B, C, D, at the end.
Question: As shown in the figure, in △ABC, DE ∥ BC, if AB = 7.0, AC = 5.0, AD = 3.0, then DE = ()
Choices:
(A) \frac{15}{4}cm
(B) \frac{20}{3}cm
(C) \frac{15}{7}cm
(D) \frac{20}{7}cm"
750,MathVista_MINI,75,1,132,207,"[{'original_size': (290, 356), 'target_size': (280, 364), 'patches_h': 13, 'patches_w': 10, 'total_patches': 130, 'image_tokens': 130, 'total_image_tokens': 132, 'patch_size': 28}]","[151644, 8948, 198, 2610, 525, 264, 10950, 17847, 13, 151645, 198, 151644, 872, 198, 151652, 151655, 151653, 26987, 25, 5209, 4226, 279, 3405, 22703, 458, 7546, 4226, 323, 3410, 279, 1590, 897, 11, 384, 1302, 2572, 220, 16, 11, 220, 17, 11, 220, 18, 11, 518, 279, 835, 624, 14582]","Hint: Please answer the question requiring an integer answer and provide the final value, e.g., 1, 2, 3, at the end.
Question: Which number is missing?"
751,MathVista_MINI,108,1,405,513,"[{'original_size': (862, 363), 'target_size': (868, 364), 'patches_h': 13, 'patches_w': 31, 'total_patches': 403, 'image_tokens': 403, 'total_image_tokens': 405, 'patch_size': 28}]","[151644, 8948, 198, 2610, 525, 264, 10950, 17847, 13, 151645, 198, 151644, 872, 198, 151652, 151655, 151653, 26987, 25, 5209, 4226, 279, 3405, 323, 3410, 279, 4396, 2999, 6524, 11, 384, 1302, 2572, 362, 11, 425, 11, 356, 11, 422, 11, 518, 279, 835, 624, 14582, 25, 3555, 1035, 1429]","Hint: Please answer the question and provide the correct option letter, e.g., A, B, C, D, at the end.
Question: What would most likely happen if Artemia was removed?
Choices:
(A) Seahorses would decrease
(B) Rotifers would decrease
(C) Mysids would decrease
(D) Algae would decrease"
752,MathVista_MINI,127,1,14,141,"[{'original_size': (122, 87), 'target_size': (112, 84), 'patches_h': 3, 'patches_w': 4, 'total_patches': 12, 'image_tokens': 12, 'total_image_tokens': 14, 'patch_size': 28}]","[151644, 8948, 198, 2610, 525, 264, 10950, 17847, 13, 151645, 198, 151644, 872, 198, 151652, 151655, 151653, 26987, 25, 5209, 4226, 279, 3405, 323, 3410, 279, 4396, 2999, 6524, 11, 384, 1302, 2572, 362, 11, 425, 11, 356, 11, 422, 11, 518, 279, 835, 624, 14582, 25, 69372, 28029, 3837]","Hint: Please answer the question and provide the correct option letter, e.g., A, B, C, D, at the end.
Question: 如图，PA是⊙O的切线，切点为A，OP＝4，∠APO＝30°，则⊙O的半径长为（）
Choices:
(A) 1
(B) √{3}
(C) 2
(D) 3"
753,MathVista_MINI,79,1,258,337,"[{'original_size': (448, 448), 'target_size': (448, 448), 'patches_h': 16, 'patches_w': 16, 'total_patches': 256, 'image_tokens': 256, 'total_image_tokens': 258, 'patch_size': 28}]","[151644, 8948, 198, 2610, 525, 264, 10950, 17847, 13, 151645, 198, 151644, 872, 198, 151652, 151655, 151653, 26987, 25, 5209, 4226, 279, 3405, 22703, 458, 7546, 4226, 323, 3410, 279, 1590, 897, 11, 384, 1302, 2572, 220, 16, 11, 220, 17, 11, 220, 18, 11, 518, 279, 835, 624, 14582]","Hint: Please answer the question requiring an integer answer and provide the final value, e.g., 1, 2, 3, at the end.
Question: What is the value of the smallest bar?"
754,MathVista_MINI,122,1,223,345,"[{'original_size': (464, 364), 'target_size': (476, 364), 'patches_h': 13, 'patches_w': 17, 'total_patches': 221, 'image_tokens': 221, 'total_image_tokens': 223, 'patch_size': 28}]","[151644, 8948, 198, 2610, 525, 264, 10950, 17847, 13, 151645, 198, 151644, 872, 198, 151652, 151655, 151653, 26987, 25, 5209, 4226, 279, 3405, 323, 3410, 279, 4396, 2999, 6524, 11, 384, 1302, 2572, 362, 11, 425, 11, 356, 11, 422, 11, 518, 279, 835, 624, 14582, 25, 5351, 697, 11253]","Hint: Please answer the question and provide the correct option letter, e.g., A, B, C, D, at the end.
Question: Base your answers on the diagram below, which shows a partial food web. What will happen to fish population if algae's are decreased?
Choices:
(A) Population will decrease
(B) Population will remain the same
(C) Population will increase
(D) None of the above"
755,MathVista_MINI,102,1,1250,1352,"[{'original_size': (1430, 776), 'target_size': (1344, 728), 'patches_h': 26, 'patches_w': 48, 'total_patches': 1248, 'image_tokens': 1248, 'total_image_tokens': 1250, 'patch_size': 28}]","[151644, 8948, 198, 2610, 525, 264, 10950, 17847, 13, 151645, 198, 151644, 872, 198, 151652, 151655, 151653, 26987, 25, 5209, 4226, 279, 3405, 323, 3410, 279, 4396, 2999, 6524, 11, 384, 1302, 2572, 362, 11, 425, 11, 356, 11, 422, 11, 518, 279, 835, 624, 14582, 25, 3555, 374, 419]","Hint: Please answer the question and provide the correct option letter, e.g., A, B, C, D, at the end.
Question: What is this function most likely be?
Choices:
(A) a polynomial
(B) a trigonometric function
(C) an exponential function
(D) a logarithmic function"
756,MathVista_MINI,99,1,569,668,"[{'original_size': (765, 591), 'target_size': (756, 588), 'patches_h': 21, 'patches_w': 27, 'total_patches': 567, 'image_tokens': 567, 'total_image_tokens': 569, 'patch_size': 28}]","[151644, 8948, 198, 2610, 525, 264, 10950, 17847, 13, 151645, 198, 151644, 872, 198, 151652, 151655, 151653, 26987, 25, 5209, 4226, 279, 3405, 323, 3410, 279, 4396, 2999, 6524, 11, 384, 1302, 2572, 362, 11, 425, 11, 356, 11, 422, 11, 518, 279, 835, 624, 14582, 25, 1416, 279, 12408]","Hint: Please answer the question and provide the correct option letter, e.g., A, B, C, D, at the end.
Question: If the trees died, the population of porcupine would most likely
Choices:
(A) double
(B) skyrocket
(C) decrease
(D) increase"
757,MathVista_MINI,110,1,50,160,"[{'original_size': (220, 165), 'target_size': (224, 168), 'patches_h': 6, 'patches_w': 8, 'total_patches': 48, 'image_tokens': 48, 'total_image_tokens': 50, 'patch_size': 28}]","[151644, 8948, 198, 2610, 525, 264, 10950, 17847, 13, 151645, 198, 151644, 872, 198, 151652, 151655, 151653, 26987, 25, 5209, 4226, 279, 3405, 323, 3410, 279, 4396, 2999, 6524, 11, 384, 1302, 2572, 362, 11, 425, 11, 356, 11, 422, 11, 518, 279, 835, 624, 14582, 25, 7379, 856, 311]","Hint: Please answer the question and provide the correct option letter, e.g., A, B, C, D, at the end.
Question: Find x to the nearest tenth. Assume that segments that appear to be tangent are tangent.
Choices:
(A) 7.2
(B) 8
(C) 12
(D) 15"
758,MathVista_MINI,104,1,393,497,"[{'original_size': (640, 480), 'target_size': (644, 476), 'patches_h': 17, 'patches_w': 23, 'total_patches': 391, 'image_tokens': 391, 'total_image_tokens': 393, 'patch_size': 28}]","[151644, 8948, 198, 2610, 525, 264, 10950, 17847, 13, 151645, 198, 151644, 872, 198, 151652, 151655, 151653, 26987, 25, 5209, 4226, 279, 3405, 323, 3410, 279, 4396, 2999, 6524, 11, 384, 1302, 2572, 362, 11, 425, 11, 356, 11, 422, 11, 518, 279, 835, 624, 14582, 25, 2160, 279, 1372]","Hint: Please answer the question and provide the correct option letter, e.g., A, B, C, D, at the end.
Question: Is the number of tiny purple trucks behind the small matte motorbike less than the number of fighters that are behind the big metal utility bike?
Choices:
(A) Yes
(B) No"
759,MathVista_MINI,93,1,114,207,"[{'original_size': (438, 201), 'target_size': (448, 196), 'patches_h': 7, 'patches_w': 16, 'total_patches': 112, 'image_tokens': 112, 'total_image_tokens': 114, 'patch_size': 28}]","[151644, 8948, 198, 2610, 525, 264, 10950, 17847, 13, 151645, 198, 151644, 872, 198, 151652, 151655, 151653, 26987, 25, 5209, 4226, 279, 3405, 22703, 458, 7546, 4226, 323, 3410, 279, 1590, 897, 11, 384, 1302, 2572, 220, 16, 11, 220, 17, 11, 220, 18, 11, 518, 279, 835, 624, 14582]","Hint: Please answer the question requiring an integer answer and provide the final value, e.g., 1, 2, 3, at the end.
Question: Move the ruler to measure the length of the nail to the nearest inch. The nail is about (_) inches long."
760,MathVista_MINI,91,1,393,484,"[{'original_size': (640, 480), 'target_size': (644, 476), 'patches_h': 17, 'patches_w': 23, 'total_patches': 391, 'image_tokens': 391, 'total_image_tokens': 393, 'patch_size': 28}]","[151644, 8948, 198, 2610, 525, 264, 10950, 17847, 13, 151645, 198, 151644, 872, 198, 151652, 151655, 151653, 26987, 25, 5209, 4226, 279, 3405, 323, 3410, 279, 4396, 2999, 6524, 11, 384, 1302, 2572, 362, 11, 425, 11, 356, 11, 422, 11, 518, 279, 835, 624, 14582, 25, 2160, 279, 1372]","Hint: Please answer the question and provide the correct option letter, e.g., A, B, C, D, at the end.
Question: Is the number of yellow tandem bikes less than the number of big objects?
Choices:
(A) Yes
(B) No"
761,MathVista_MINI,107,1,156,263,"[{'original_size': (405, 319), 'target_size': (392, 308), 'patches_h': 11, 'patches_w': 14, 'total_patches': 154, 'image_tokens': 154, 'total_image_tokens': 156, 'patch_size': 28}]","[151644, 8948, 198, 2610, 525, 264, 10950, 17847, 13, 151645, 198, 151644, 872, 198, 151652, 151655, 151653, 26987, 25, 5209, 4226, 279, 3405, 323, 3410, 279, 4396, 2999, 6524, 11, 384, 1302, 2572, 362, 11, 425, 11, 356, 11, 422, 11, 518, 279, 835, 624, 14582, 25, 3555, 8573, 311]","Hint: Please answer the question and provide the correct option letter, e.g., A, B, C, D, at the end.
Question: What happens to the crayfish population if the Largemouth Bass and Northern Pike populations decrease?
Choices:
(A) Nothing
(B) Decrease
(C) Slightly Decrease
(D) Increase"
762,MathVista_MINI,102,1,254,356,"[{'original_size': (500, 395), 'target_size': (504, 392), 'patches_h': 14, 'patches_w': 18, 'total_patches': 252, 'image_tokens': 252, 'total_image_tokens': 254, 'patch_size': 28}]","[151644, 8948, 198, 2610, 525, 264, 10950, 17847, 13, 151645, 198, 151644, 872, 198, 151652, 151655, 151653, 26987, 25, 5209, 4226, 279, 3405, 323, 3410, 279, 4396, 2999, 6524, 11, 384, 1302, 2572, 362, 11, 425, 11, 356, 11, 422, 11, 518, 279, 835, 624, 14582, 25, 3555, 374, 279]","Hint: Please answer the question and provide the correct option letter, e.g., A, B, C, D, at the end.
Question: What is the center of symmetry of this function?
Choices:
(A) (0, 0)
(B) (-1, 0)
(C) (2, 0)"
763,MathVista_MINI,87,1,101,188,"[{'original_size': (320, 240), 'target_size': (308, 252), 'patches_h': 9, 'patches_w': 11, 'total_patches': 99, 'image_tokens': 99, 'total_image_tokens': 101, 'patch_size': 28}]","[151644, 8948, 198, 2610, 525, 264, 10950, 17847, 13, 151645, 198, 151644, 872, 198, 151652, 151655, 151653, 26987, 25, 5209, 4226, 279, 3405, 22703, 458, 7546, 4226, 323, 3410, 279, 1590, 897, 11, 384, 1302, 2572, 220, 16, 11, 220, 17, 11, 220, 18, 11, 518, 279, 835, 624, 14582]","Hint: Please answer the question requiring an integer answer and provide the final value, e.g., 1, 2, 3, at the end.
Question: Subtract all tiny shiny balls. Subtract all purple objects. How many objects are left?"
764,MathVista_MINI,81,1,278,359,"[{'original_size': (640, 349), 'target_size': (644, 336), 'patches_h': 12, 'patches_w': 23, 'total_patches': 276, 'image_tokens': 276, 'total_image_tokens': 278, 'patch_size': 28}]","[151644, 8948, 198, 2610, 525, 264, 10950, 17847, 13, 151645, 198, 151644, 872, 198, 151652, 151655, 151653, 26987, 25, 5209, 4226, 279, 3405, 22703, 458, 7546, 4226, 323, 3410, 279, 1590, 897, 11, 384, 1302, 2572, 220, 16, 11, 220, 17, 11, 220, 18, 11, 518, 279, 835, 624, 14582]","Hint: Please answer the question requiring an integer answer and provide the final value, e.g., 1, 2, 3, at the end.
Question: What is the average number of bananas on each stock?"
765,MathVista_MINI,83,1,254,337,"[{'original_size': (514, 400), 'target_size': (504, 392), 'patches_h': 14, 'patches_w': 18, 'total_patches': 252, 'image_tokens': 252, 'total_image_tokens': 254, 'patch_size': 28}]","[151644, 8948, 198, 2610, 525, 264, 10950, 17847, 13, 151645, 198, 151644, 872, 198, 151652, 151655, 151653, 26987, 25, 5209, 4226, 279, 3405, 323, 3410, 279, 4396, 2999, 6524, 11, 384, 1302, 2572, 362, 11, 425, 11, 356, 11, 422, 11, 518, 279, 835, 624, 14582, 25, 2160, 21266, 53049]","Hint: Please answer the question and provide the correct option letter, e.g., A, B, C, D, at the end.
Question: Is Chartreuse the roughest?
Choices:
(A) yes
(B) no"
766,MathVista_MINI,87,1,393,480,"[{'original_size': (640, 480), 'target_size': (644, 476), 'patches_h': 17, 'patches_w': 23, 'total_patches': 391, 'image_tokens': 391, 'total_image_tokens': 393, 'patch_size': 28}]","[151644, 8948, 198, 2610, 525, 264, 10950, 17847, 13, 151645, 198, 151644, 872, 198, 151652, 151655, 151653, 26987, 25, 5209, 4226, 279, 3405, 323, 3410, 279, 4396, 2999, 6524, 11, 384, 1302, 2572, 362, 11, 425, 11, 356, 11, 422, 11, 518, 279, 835, 624, 14582, 25, 8713, 1052, 16745]","Hint: Please answer the question and provide the correct option letter, e.g., A, B, C, D, at the end.
Question: Are there fewer tiny red trucks than small blue bicycles?
Choices:
(A) Yes
(B) No"
767,MathVista_MINI,78,1,257,335,"[{'original_size': (483, 429), 'target_size': (476, 420), 'patches_h': 15, 'patches_w': 17, 'total_patches': 255, 'image_tokens': 255, 'total_image_tokens': 257, 'patch_size': 28}]","[151644, 8948, 198, 2610, 525, 264, 10950, 17847, 13, 151645, 198, 151644, 872, 198, 151652, 151655, 151653, 26987, 25, 5209, 4226, 279, 3405, 22703, 458, 7546, 4226, 323, 3410, 279, 1590, 897, 11, 384, 1302, 2572, 220, 16, 11, 220, 17, 11, 220, 18, 11, 518, 279, 835, 624, 14582]","Hint: Please answer the question requiring an integer answer and provide the final value, e.g., 1, 2, 3, at the end.
Question: What is the maximum value of y?"
768,MathVista_MINI,108,1,194,302,"[{'original_size': (448, 323), 'target_size': (448, 336), 'patches_h': 12, 'patches_w': 16, 'total_patches': 192, 'image_tokens': 192, 'total_image_tokens': 194, 'patch_size': 28}]","[151644, 8948, 198, 2610, 525, 264, 10950, 17847, 13, 151645, 198, 151644, 872, 198, 151652, 151655, 151653, 26987, 25, 5209, 4226, 279, 3405, 323, 3410, 279, 4396, 2999, 6524, 11, 384, 1302, 2572, 362, 11, 425, 11, 356, 11, 422, 11, 518, 279, 835, 624, 14582, 25, 5443, 279, 4771]","Hint: Please answer the question and provide the correct option letter, e.g., A, B, C, D, at the end.
Question: Use the graph to answer the question below. Which month is the hottest on average in Rome?
Choices:
(A) December, January, and February
(B) July and August
(C) March and April"
769,MathVista_MINI,118,1,128,246,"[{'original_size': (378, 251), 'target_size': (392, 252), 'patches_h': 9, 'patches_w': 14, 'total_patches': 126, 'image_tokens': 126, 'total_image_tokens': 128, 'patch_size': 28}]","[151644, 8948, 198, 2610, 525, 264, 10950, 17847, 13, 151645, 198, 151644, 872, 198, 151652, 151655, 151653, 26987, 25, 5209, 4226, 279, 3405, 323, 3410, 279, 4396, 2999, 6524, 11, 384, 1302, 2572, 362, 11, 425, 11, 356, 11, 422, 11, 518, 279, 835, 624, 14582, 25, 576, 13549, 3685]","Hint: Please answer the question and provide the correct option letter, e.g., A, B, C, D, at the end.
Question: The diagram below is a model of two solutions. Each blue ball represents one particle of solute. Which solution has a higher concentration of blue particles?
Choices:
(A) neither; their concentrations are the same
(B) Solution A
(C) Solution B"
770,MathVista_MINI,78,1,172,250,"[{'original_size': (482, 276), 'target_size': (476, 280), 'patches_h': 10, 'patches_w': 17, 'total_patches': 170, 'image_tokens': 170, 'total_image_tokens': 172, 'patch_size': 28}]","[151644, 8948, 198, 2610, 525, 264, 10950, 17847, 13, 151645, 198, 151644, 872, 198, 151652, 151655, 151653, 26987, 25, 5209, 4226, 279, 3405, 22703, 458, 7546, 4226, 323, 3410, 279, 1590, 897, 11, 384, 1302, 2572, 220, 16, 11, 220, 17, 11, 220, 18, 11, 518, 279, 835, 624, 14582]","Hint: Please answer the question requiring an integer answer and provide the final value, e.g., 1, 2, 3, at the end.
Question: What is the amplitude of this function?"
771,MathVista_MINI,119,1,886,1005,"[{'original_size': (960, 720), 'target_size': (952, 728), 'patches_h': 26, 'patches_w': 34, 'total_patches': 884, 'image_tokens': 884, 'total_image_tokens': 886, 'patch_size': 28}]","[151644, 8948, 198, 2610, 525, 264, 10950, 17847, 13, 151645, 198, 151644, 872, 198, 151652, 151655, 151653, 26987, 25, 5209, 4226, 279, 3405, 323, 3410, 279, 4396, 2999, 6524, 11, 384, 1302, 2572, 362, 11, 425, 11, 356, 11, 422, 11, 518, 279, 835, 624, 14582, 25, 5351, 697, 11253]","Hint: Please answer the question and provide the correct option letter, e.g., A, B, C, D, at the end.
Question: Base your answers on the diagram of a food chain below and on your knowledge of science. If the population of snakes increases, the population of frogs will most likely
Choices:
(A) decrease
(B) remain the same
(C) increase
(D) None"
772,MathVista_MINI,95,1,393,488,"[{'original_size': (640, 480), 'target_size': (644, 476), 'patches_h': 17, 'patches_w': 23, 'total_patches': 391, 'image_tokens': 391, 'total_image_tokens': 393, 'patch_size': 28}]","[151644, 8948, 198, 2610, 525, 264, 10950, 17847, 13, 151645, 198, 151644, 872, 198, 151652, 151655, 151653, 26987, 25, 5209, 4226, 279, 3405, 323, 3410, 279, 4396, 2999, 6524, 11, 384, 1302, 2572, 362, 11, 425, 11, 356, 11, 422, 11, 518, 279, 835, 624, 14582, 25, 2160, 279, 1372]","Hint: Please answer the question and provide the correct option letter, e.g., A, B, C, D, at the end.
Question: Is the number of small yellow shiny motorbikes greater than the number of red rubber fighters?
Choices:
(A) Yes
(B) No"
773,MathVista_MINI,156,1,26,182,"[{'original_size': (163, 117), 'target_size': (168, 112), 'patches_h': 4, 'patches_w': 6, 'total_patches': 24, 'image_tokens': 24, 'total_image_tokens': 26, 'patch_size': 28}]","[151644, 8948, 198, 2610, 525, 264, 10950, 17847, 13, 151645, 198, 151644, 872, 198, 151652, 151655, 151653, 26987, 25, 5209, 4226, 279, 3405, 323, 3410, 279, 4396, 2999, 6524, 11, 384, 1302, 2572, 362, 11, 425, 11, 356, 11, 422, 11, 518, 279, 835, 624, 14582, 25, 1634, 6839, 304]","Hint: Please answer the question and provide the correct option letter, e.g., A, B, C, D, at the end.
Question: As shown in the figure, AB is the diameter of ⊙O, point D is on the extended line of AB, passing point D is the tangent of ⊙O, and the tangent point is C, if ∠A = 25.0, then ∠D = ()
Choices:
(A) 25°
(B) 40°
(C) 50°
(D) 65°"
774,MathVista_MINI,88,1,393,481,"[{'original_size': (640, 480), 'target_size': (644, 476), 'patches_h': 17, 'patches_w': 23, 'total_patches': 391, 'image_tokens': 391, 'total_image_tokens': 393, 'patch_size': 28}]","[151644, 8948, 198, 2610, 525, 264, 10950, 17847, 13, 151645, 198, 151644, 872, 198, 151652, 151655, 151653, 26987, 25, 5209, 4226, 279, 3405, 323, 3410, 279, 4396, 2999, 6524, 11, 384, 1302, 2572, 362, 11, 425, 11, 356, 11, 422, 11, 518, 279, 835, 624, 14582, 25, 8713, 1052, 16745]","Hint: Please answer the question and provide the correct option letter, e.g., A, B, C, D, at the end.
Question: Are there fewer large matte utility bikes than small yellow bicycles?
Choices:
(A) Yes
(B) No"
775,MathVista_MINI,83,1,366,449,"[{'original_size': (724, 400), 'target_size': (728, 392), 'patches_h': 14, 'patches_w': 26, 'total_patches': 364, 'image_tokens': 364, 'total_image_tokens': 366, 'patch_size': 28}]","[151644, 8948, 198, 2610, 525, 264, 10950, 17847, 13, 151645, 198, 151644, 872, 198, 151652, 151655, 151653, 26987, 25, 5209, 4226, 279, 3405, 323, 3410, 279, 4396, 2999, 6524, 11, 384, 1302, 2572, 362, 11, 425, 11, 356, 11, 422, 11, 518, 279, 835, 624, 14582, 25, 2160, 21958, 3731]","Hint: Please answer the question and provide the correct option letter, e.g., A, B, C, D, at the end.
Question: Is Orange Red the roughest?
Choices:
(A) yes
(B) no"
776,MathVista_MINI,131,1,317,448,"[{'original_size': (589, 424), 'target_size': (588, 420), 'patches_h': 15, 'patches_w': 21, 'total_patches': 315, 'image_tokens': 315, 'total_image_tokens': 317, 'patch_size': 28}]","[151644, 8948, 198, 2610, 525, 264, 10950, 17847, 13, 151645, 198, 151644, 872, 198, 151652, 151655, 151653, 26987, 25, 5209, 4226, 279, 3405, 323, 3410, 279, 4396, 2999, 6524, 11, 384, 1302, 2572, 362, 11, 425, 11, 356, 11, 422, 11, 518, 279, 835, 624, 14582, 25, 7379, 400, 41]","Hint: Please answer the question and provide the correct option letter, e.g., A, B, C, D, at the end.
Question: Find $JQ$ if $Q$ is the incenter of $\triangle JLN$.  Rounded to the nearest hundredth.
Choices:
(A) 16.50
(B) 18.79
(C) 20.32
(D) 25.50"
777,MathVista_MINI,148,1,74,222,"[{'original_size': (337, 177), 'target_size': (336, 168), 'patches_h': 6, 'patches_w': 12, 'total_patches': 72, 'image_tokens': 72, 'total_image_tokens': 74, 'patch_size': 28}]","[151644, 8948, 198, 2610, 525, 264, 10950, 17847, 13, 151645, 198, 151644, 872, 198, 151652, 151655, 151653, 26987, 25, 5209, 4226, 279, 3405, 323, 3410, 279, 4396, 2999, 6524, 11, 384, 1302, 2572, 362, 11, 425, 11, 356, 11, 422, 11, 518, 279, 835, 624, 14582, 25, 758, 21669, 2855]","Hint: Please answer the question and provide the correct option letter, e.g., A, B, C, D, at the end.
Question: In rhombus LMPQ, $m \angle Q L M=2 x^{2}-10$, $m \angle Q P M=8 x$,  and $M P=10$ . 
Find the perimeter of $LMPQ$
Choices:
(A) 10
(B) 40
(C) 70
(D) 140"
778,MathVista_MINI,95,1,422,517,"[{'original_size': (797, 431), 'target_size': (784, 420), 'patches_h': 15, 'patches_w': 28, 'total_patches': 420, 'image_tokens': 420, 'total_image_tokens': 422, 'patch_size': 28}]","[151644, 8948, 198, 2610, 525, 264, 10950, 17847, 13, 151645, 198, 151644, 872, 198, 151652, 151655, 151653, 26987, 25, 5209, 4226, 279, 3405, 323, 3410, 279, 4396, 2999, 6524, 11, 384, 1302, 2572, 362, 11, 425, 11, 356, 11, 422, 11, 518, 279, 835, 624, 14582, 25, 2980, 498, 1477]","Hint: Please answer the question and provide the correct option letter, e.g., A, B, C, D, at the end.
Question: Can you find the missing shape in this picture puzzle?
Choices:
(A) A
(B) B
(C) C
(D) D"
779,MathVista_MINI,91,1,1112,1203,"[{'original_size': (1023, 841), 'target_size': (1036, 840), 'patches_h': 30, 'patches_w': 37, 'total_patches': 1110, 'image_tokens': 1110, 'total_image_tokens': 1112, 'patch_size': 28}]","[151644, 8948, 198, 2610, 525, 264, 10950, 17847, 13, 151645, 198, 151644, 872, 198, 151652, 151655, 151653, 26987, 25, 5209, 4226, 279, 3405, 323, 3410, 279, 4396, 2999, 6524, 11, 384, 1302, 2572, 362, 11, 425, 11, 356, 11, 422, 11, 518, 279, 835, 624, 14582, 25, 2160, 279, 46245]","Hint: Please answer the question and provide the correct option letter, e.g., A, B, C, D, at the end.
Question: Is the cardiac silhouette less than half the diameter of the diaphragm?
Choices:
(A) Yes
(B) No"
780,MathVista_MINI,75,1,212,287,"[{'original_size': (848, 209), 'target_size': (840, 196), 'patches_h': 7, 'patches_w': 30, 'total_patches': 210, 'image_tokens': 210, 'total_image_tokens': 212, 'patch_size': 28}]","[151644, 8948, 198, 2610, 525, 264, 10950, 17847, 13, 151645, 198, 151644, 872, 198, 151652, 151655, 151653, 26987, 25, 5209, 4226, 279, 3405, 22703, 458, 7546, 4226, 323, 3410, 279, 1590, 897, 11, 384, 1302, 2572, 220, 16, 11, 220, 17, 11, 220, 18, 11, 518, 279, 835, 624, 14582]","Hint: Please answer the question requiring an integer answer and provide the final value, e.g., 1, 2, 3, at the end.
Question: Which number is missing?"
781,MathVista_MINI,115,1,306,421,"[{'original_size': (461, 540), 'target_size': (448, 532), 'patches_h': 19, 'patches_w': 16, 'total_patches': 304, 'image_tokens': 304, 'total_image_tokens': 306, 'patch_size': 28}]","[151644, 8948, 198, 2610, 525, 264, 10950, 17847, 13, 151645, 198, 151644, 872, 198, 151652, 151655, 151653, 26987, 25, 5209, 4226, 279, 3405, 323, 3410, 279, 4396, 2999, 6524, 11, 384, 1302, 2572, 362, 11, 425, 11, 356, 11, 422, 11, 518, 279, 835, 624, 14582, 25, 758, 57960, 55114]","Hint: Please answer the question and provide the correct option letter, e.g., A, B, C, D, at the end.
Question: In $\triangle CDF$, $K$ is the centroid and $DK=16$. Find $CD$.
Choices:
(A) 9
(B) 12
(C) 18
(D) 18"
782,MathVista_MINI,75,1,184,259,"[{'original_size': (384, 376), 'target_size': (392, 364), 'patches_h': 13, 'patches_w': 14, 'total_patches': 182, 'image_tokens': 182, 'total_image_tokens': 184, 'patch_size': 28}]","[151644, 8948, 198, 2610, 525, 264, 10950, 17847, 13, 151645, 198, 151644, 872, 198, 151652, 151655, 151653, 26987, 25, 5209, 4226, 279, 3405, 22703, 458, 7546, 4226, 323, 3410, 279, 1590, 897, 11, 384, 1302, 2572, 220, 16, 11, 220, 17, 11, 220, 18, 11, 518, 279, 835, 624, 14582]","Hint: Please answer the question requiring an integer answer and provide the final value, e.g., 1, 2, 3, at the end.
Question: Which number is missing?"
783,MathVista_MINI,162,1,17,179,"[{'original_size': (130, 87), 'target_size': (140, 84), 'patches_h': 3, 'patches_w': 5, 'total_patches': 15, 'image_tokens': 15, 'total_image_tokens': 17, 'patch_size': 28}]","[151644, 8948, 198, 2610, 525, 264, 10950, 17847, 13, 151645, 198, 151644, 872, 198, 151652, 151655, 151653, 26987, 25, 5209, 4226, 279, 3405, 323, 3410, 279, 4396, 2999, 6524, 11, 384, 1302, 2572, 362, 11, 425, 11, 356, 11, 422, 11, 518, 279, 835, 624, 14582, 25, 758, 1973, 311]","Hint: Please answer the question and provide the correct option letter, e.g., A, B, C, D, at the end.
Question: In order to measure the width of parallel river AB, ∠ACB = 30.0, ∠ADB = 60.0, CD = 60.0, then the width of the river AB is ()
Choices:
(A) 30m
(B) 30√{3}m
(C) (30√{3}+30)m
(D) (30√{3}-30)m"
784,MathVista_MINI,86,1,852,938,"[{'original_size': (938, 700), 'target_size': (952, 700), 'patches_h': 25, 'patches_w': 34, 'total_patches': 850, 'image_tokens': 850, 'total_image_tokens': 852, 'patch_size': 28}]","[151644, 8948, 198, 2610, 525, 264, 10950, 17847, 13, 151645, 198, 151644, 872, 198, 151652, 151655, 151653, 26987, 25, 5209, 4226, 279, 3405, 22703, 458, 7546, 4226, 323, 3410, 279, 1590, 897, 11, 384, 1302, 2572, 220, 16, 11, 220, 17, 11, 220, 18, 11, 518, 279, 835, 624, 14582]","Hint: Please answer the question requiring an integer answer and provide the final value, e.g., 1, 2, 3, at the end.
Question: Across all years, what is the maximum rating of statistical capacity in Maldives ?"
785,MathVista_MINI,141,1,146,287,"[{'original_size': (456, 258), 'target_size': (448, 252), 'patches_h': 9, 'patches_w': 16, 'total_patches': 144, 'image_tokens': 144, 'total_image_tokens': 146, 'patch_size': 28}]","[151644, 8948, 198, 2610, 525, 264, 10950, 17847, 13, 151645, 198, 151644, 872, 198, 151652, 151655, 151653, 26987, 25, 5209, 4226, 279, 3405, 323, 3410, 279, 4396, 2999, 6524, 11, 384, 1302, 2572, 362, 11, 425, 11, 356, 11, 422, 11, 518, 279, 835, 624, 14582, 25, 3660, 315, 458]","Hint: Please answer the question and provide the correct option letter, e.g., A, B, C, D, at the end.
Question: Part of an ecosystem is shown in this diagram. Imagine the algae and floating plants are prevented from growing. How will that most likely affect this ecosystem?
Choices:
(A) The number of ducks will increase
(B) The number of minnows will increase
(C) There will be no effect on this ecosystem
(D) The number of aquatic crustaceans will decrease"
786,MathVista_MINI,100,1,90,190,"[{'original_size': (317, 237), 'target_size': (308, 224), 'patches_h': 8, 'patches_w': 11, 'total_patches': 88, 'image_tokens': 88, 'total_image_tokens': 90, 'patch_size': 28}]","[151644, 8948, 198, 2610, 525, 264, 10950, 17847, 13, 151645, 198, 151644, 872, 198, 151652, 151655, 151653, 26987, 25, 5209, 4226, 279, 3405, 323, 3410, 279, 4396, 2999, 6524, 11, 384, 1302, 2572, 362, 11, 425, 11, 356, 11, 422, 11, 518, 279, 835, 624, 14582, 25, 7379, 400, 76]","Hint: Please answer the question and provide the correct option letter, e.g., A, B, C, D, at the end.
Question: Find $m \angle K$
Choices:
(A) 6
(B) 60
(C) 100
(D) 180"
787,MathVista_MINI,81,1,347,428,"[{'original_size': (640, 427), 'target_size': (644, 420), 'patches_h': 15, 'patches_w': 23, 'total_patches': 345, 'image_tokens': 345, 'total_image_tokens': 347, 'patch_size': 28}]","[151644, 8948, 198, 2610, 525, 264, 10950, 17847, 13, 151645, 198, 151644, 872, 198, 151652, 151655, 151653, 26987, 25, 5209, 4226, 279, 3405, 22703, 458, 7546, 4226, 323, 3410, 279, 1590, 897, 11, 384, 1302, 2572, 220, 16, 11, 220, 17, 11, 220, 18, 11, 518, 279, 835, 624, 14582]","Hint: Please answer the question requiring an integer answer and provide the final value, e.g., 1, 2, 3, at the end.
Question: What percentage of the zebra's stripes are horizontal?"
788,MathVista_MINI,87,1,218,305,"[{'original_size': (515, 332), 'target_size': (504, 336), 'patches_h': 12, 'patches_w': 18, 'total_patches': 216, 'image_tokens': 216, 'total_image_tokens': 218, 'patch_size': 28}]","[151644, 8948, 198, 2610, 525, 264, 10950, 17847, 13, 151645, 198, 151644, 872, 198, 151652, 151655, 151653, 26987, 25, 5209, 4226, 279, 3405, 22703, 458, 7546, 4226, 323, 3410, 279, 1590, 897, 11, 384, 1302, 2572, 220, 16, 11, 220, 17, 11, 220, 18, 11, 518, 279, 835, 624, 14582]","Hint: Please answer the question requiring an integer answer and provide the final value, e.g., 1, 2, 3, at the end.
Question: What is the age gap between these two people in image? (Unit: years)"
789,MathVista_MINI,83,1,258,341,"[{'original_size': (448, 448), 'target_size': (448, 448), 'patches_h': 16, 'patches_w': 16, 'total_patches': 256, 'image_tokens': 256, 'total_image_tokens': 258, 'patch_size': 28}]","[151644, 8948, 198, 2610, 525, 264, 10950, 17847, 13, 151645, 198, 151644, 872, 198, 151652, 151655, 151653, 26987, 25, 5209, 4226, 279, 3405, 22703, 458, 7546, 4226, 323, 3410, 279, 1590, 897, 11, 384, 1302, 2572, 220, 16, 11, 220, 17, 11, 220, 18, 11, 518, 279, 835, 624, 14582]","Hint: Please answer the question requiring an integer answer and provide the final value, e.g., 1, 2, 3, at the end.
Question: What is the sum of the values of posse and mortar?"
790,MathVista_MINI,137,1,22,159,"[{'original_size': (145, 105), 'target_size': (140, 112), 'patches_h': 4, 'patches_w': 5, 'total_patches': 20, 'image_tokens': 20, 'total_image_tokens': 22, 'patch_size': 28}]","[151644, 8948, 198, 2610, 525, 264, 10950, 17847, 13, 151645, 198, 151644, 872, 198, 151652, 151655, 151653, 26987, 25, 5209, 4226, 279, 3405, 323, 3410, 279, 4396, 2999, 6524, 11, 384, 1302, 2572, 362, 11, 425, 11, 356, 11, 422, 11, 518, 279, 835, 624, 14582, 25, 69372, 28029, 3837]","Hint: Please answer the question and provide the correct option letter, e.g., A, B, C, D, at the end.
Question: 如图，△ABC中，N是BC边上的中点，AM平分∠BAC，BM⊥AM于点M，若AB＝8，MN＝2．则AC的长为（）
Choices:
(A) 10
(B) 11
(C) 12
(D) 13"
791,MathVista_MINI,178,1,226,404,"[{'original_size': (444, 400), 'target_size': (448, 392), 'patches_h': 14, 'patches_w': 16, 'total_patches': 224, 'image_tokens': 224, 'total_image_tokens': 226, 'patch_size': 28}]","[151644, 8948, 198, 2610, 525, 264, 10950, 17847, 13, 151645, 198, 151644, 872, 198, 151652, 151655, 151653, 26987, 25, 5209, 4226, 279, 3405, 22703, 264, 19057, 16574, 1372, 448, 1378, 12122, 7482, 323, 3410, 279, 1590, 897, 11, 384, 1302, 2572, 220, 16, 13, 17, 18, 11, 220, 16, 13]","Hint: Please answer the question requiring a floating-point number with two decimal places and provide the final value, e.g., 1.23, 1.34, 1.45, at the end.
Question: Given $V_s$ = 5V, $R_1$ = 1kΩ, $R_2$ = 2.2kΩ, $R_3$ = 2.2kΩ, $R_4$ = 1.5kΩ, and $R_L$ = 4.7kΩ. Determine the voltage and current across $R_L$. Answer in unit of V (3 sig.fig.)."
792,MathVista_MINI,87,1,1249,1336,"[{'original_size': (3936, 2624), 'target_size': (1204, 812), 'patches_h': 29, 'patches_w': 43, 'total_patches': 1247, 'image_tokens': 1247, 'total_image_tokens': 1249, 'patch_size': 28}]","[151644, 8948, 198, 2610, 525, 264, 10950, 17847, 13, 151645, 198, 151644, 872, 198, 151652, 151655, 151653, 26987, 25, 5209, 4226, 279, 3405, 22703, 458, 7546, 4226, 323, 3410, 279, 1590, 897, 11, 384, 1302, 2572, 220, 16, 11, 220, 17, 11, 220, 18, 11, 518, 279, 835, 624, 14582]","Hint: Please answer the question requiring an integer answer and provide the final value, e.g., 1, 2, 3, at the end.
Question: What is the age gap between these two people in image? (Unit: years)"
793,MathVista_MINI,85,1,1250,1335,"[{'original_size': (1922, 1056), 'target_size': (1344, 728), 'patches_h': 26, 'patches_w': 48, 'total_patches': 1248, 'image_tokens': 1248, 'total_image_tokens': 1250, 'patch_size': 28}]","[151644, 8948, 198, 2610, 525, 264, 10950, 17847, 13, 151645, 198, 151644, 872, 198, 151652, 151655, 151653, 26987, 25, 5209, 4226, 279, 3405, 22703, 458, 7546, 4226, 323, 3410, 279, 1590, 897, 11, 384, 1302, 2572, 220, 16, 11, 220, 17, 11, 220, 18, 11, 518, 279, 835, 624, 14582]","Hint: Please answer the question requiring an integer answer and provide the final value, e.g., 1, 2, 3, at the end.
Question: What is the highest Elo score for the agent using an offline RL algorithm?"
794,MathVista_MINI,80,1,258,338,"[{'original_size': (448, 448), 'target_size': (448, 448), 'patches_h': 16, 'patches_w': 16, 'total_patches': 256, 'image_tokens': 256, 'total_image_tokens': 258, 'patch_size': 28}]","[151644, 8948, 198, 2610, 525, 264, 10950, 17847, 13, 151645, 198, 151644, 872, 198, 151652, 151655, 151653, 26987, 25, 5209, 4226, 279, 3405, 22703, 458, 7546, 4226, 323, 3410, 279, 1590, 897, 11, 384, 1302, 2572, 220, 16, 11, 220, 17, 11, 220, 18, 11, 518, 279, 835, 624, 14582]","Hint: Please answer the question requiring an integer answer and provide the final value, e.g., 1, 2, 3, at the end.
Question: How many bars have values larger than 4?"
795,MathVista_MINI,87,1,359,446,"[{'original_size': (475, 601), 'target_size': (476, 588), 'patches_h': 21, 'patches_w': 17, 'total_patches': 357, 'image_tokens': 357, 'total_image_tokens': 359, 'patch_size': 28}]","[151644, 8948, 198, 2610, 525, 264, 10950, 17847, 13, 151645, 198, 151644, 872, 198, 151652, 151655, 151653, 26987, 25, 5209, 4226, 279, 3405, 22703, 458, 7546, 4226, 323, 3410, 279, 1590, 897, 11, 384, 1302, 2572, 220, 16, 11, 220, 17, 11, 220, 18, 11, 518, 279, 835, 624, 14582]","Hint: Please answer the question requiring an integer answer and provide the final value, e.g., 1, 2, 3, at the end.
Question: What is the age gap between these two people in image? (Unit: years)"
796,MathVista_MINI,86,1,1242,1328,"[{'original_size': (2516, 1938), 'target_size': (1120, 868), 'patches_h': 31, 'patches_w': 40, 'total_patches': 1240, 'image_tokens': 1240, 'total_image_tokens': 1242, 'patch_size': 28}]","[151644, 8948, 198, 2610, 525, 264, 10950, 17847, 13, 151645, 198, 151644, 872, 198, 151652, 151655, 151653, 26987, 25, 5209, 4226, 279, 3405, 22703, 458, 7546, 4226, 323, 3410, 279, 1590, 897, 11, 384, 1302, 2572, 220, 16, 11, 220, 17, 11, 220, 18, 11, 518, 279, 835, 624, 14582]","Hint: Please answer the question requiring an integer answer and provide the final value, e.g., 1, 2, 3, at the end.
Question: How many people in the image were born after the end of World War II?"
797,MathVista_MINI,107,1,142,249,"[{'original_size': (386, 291), 'target_size': (392, 280), 'patches_h': 10, 'patches_w': 14, 'total_patches': 140, 'image_tokens': 140, 'total_image_tokens': 142, 'patch_size': 28}]","[151644, 8948, 198, 2610, 525, 264, 10950, 17847, 13, 151645, 198, 151644, 872, 198, 151652, 151655, 151653, 26987, 25, 5209, 4226, 279, 3405, 323, 3410, 279, 4396, 2999, 6524, 11, 384, 1302, 2572, 362, 11, 425, 11, 356, 11, 422, 11, 518, 279, 835, 624, 14582, 25, 3555, 374, 279]","Hint: Please answer the question and provide the correct option letter, e.g., A, B, C, D, at the end.
Question: What is the missing pattern in the picture?
Choices:
(A) 1
(B) 2
(C) 3
(D) 4
(E) 5
(F) 6"
798,MathVista_MINI,128,1,171,299,"[{'original_size': (371, 372), 'target_size': (364, 364), 'patches_h': 13, 'patches_w': 13, 'total_patches': 169, 'image_tokens': 169, 'total_image_tokens': 171, 'patch_size': 28}]","[151644, 8948, 198, 2610, 525, 264, 10950, 17847, 13, 151645, 198, 151644, 872, 198, 151652, 151655, 151653, 26987, 25, 5209, 4226, 279, 3405, 323, 3410, 279, 4396, 2999, 6524, 11, 384, 1302, 2572, 362, 11, 425, 11, 356, 11, 422, 11, 518, 279, 835, 624, 14582, 25, 758, 279, 7071]","Hint: Please answer the question and provide the correct option letter, e.g., A, B, C, D, at the end.
Question: In the figure above, l || m. Which of the following must equal 180?
Choices:
(A) k + n + r
(B) k + p + s
(C) n + p + s
(D) n + p + t
(E) r + s + t"
799,MathVista_MINI,99,1,42,141,"[{'original_size': (229, 128), 'target_size': (224, 140), 'patches_h': 5, 'patches_w': 8, 'total_patches': 40, 'image_tokens': 40, 'total_image_tokens': 42, 'patch_size': 28}]","[151644, 8948, 198, 2610, 525, 264, 10950, 17847, 13, 151645, 198, 151644, 872, 198, 151652, 151655, 151653, 26987, 25, 5209, 4226, 279, 3405, 22703, 458, 7546, 4226, 323, 3410, 279, 1590, 897, 11, 384, 1302, 2572, 220, 16, 11, 220, 17, 11, 220, 18, 11, 518, 279, 835, 624, 14582]","Hint: Please answer the question requiring an integer answer and provide the final value, e.g., 1, 2, 3, at the end.
Question: How much money does Ruth need to buy a baking dish, a casserole dish, and an ice cream scoop? (Unit: $)"
800,MathVista_MINI,84,1,296,380,"[{'original_size': (596, 400), 'target_size': (588, 392), 'patches_h': 14, 'patches_w': 21, 'total_patches': 294, 'image_tokens': 294, 'total_image_tokens': 296, 'patch_size': 28}]","[151644, 8948, 198, 2610, 525, 264, 10950, 17847, 13, 151645, 198, 151644, 872, 198, 151652, 151655, 151653, 26987, 25, 5209, 4226, 279, 3405, 323, 3410, 279, 4396, 2999, 6524, 11, 384, 1302, 2572, 362, 11, 425, 11, 356, 11, 422, 11, 518, 279, 835, 624, 14582, 25, 12553, 24355, 54305]","Hint: Please answer the question and provide the correct option letter, e.g., A, B, C, D, at the end.
Question: Does Medium Orchid intersect Forest Green?
Choices:
(A) yes
(B) no"
801,MathVista_MINI,96,1,102,198,"[{'original_size': (272, 280), 'target_size': (280, 280), 'patches_h': 10, 'patches_w': 10, 'total_patches': 100, 'image_tokens': 100, 'total_image_tokens': 102, 'patch_size': 28}]","[151644, 8948, 198, 2610, 525, 264, 10950, 17847, 13, 151645, 198, 151644, 872, 198, 151652, 151655, 151653, 26987, 25, 5209, 4226, 279, 3405, 22703, 458, 7546, 4226, 323, 3410, 279, 1590, 897, 11, 384, 1302, 2572, 220, 16, 11, 220, 17, 11, 220, 18, 11, 518, 279, 835, 624, 14582]","Hint: Please answer the question requiring an integer answer and provide the final value, e.g., 1, 2, 3, at the end.
Question: A gymnast jotted down the number of cartwheels she did each day. What is the mode of the numbers?'"
802,MathVista_MINI,97,1,65,162,"[{'original_size': (243, 194), 'target_size': (252, 196), 'patches_h': 7, 'patches_w': 9, 'total_patches': 63, 'image_tokens': 63, 'total_image_tokens': 65, 'patch_size': 28}]","[151644, 8948, 198, 2610, 525, 264, 10950, 17847, 13, 151645, 198, 151644, 872, 198, 151652, 151655, 151653, 26987, 25, 5209, 4226, 279, 3405, 22703, 458, 7546, 4226, 323, 3410, 279, 1590, 897, 11, 384, 1302, 2572, 220, 16, 11, 220, 17, 11, 220, 18, 11, 518, 279, 835, 624, 14582]","Hint: Please answer the question requiring an integer answer and provide the final value, e.g., 1, 2, 3, at the end.
Question: Karen bought 4 pounds of silk scraps and 4 pounds of canvas scraps. How much did she spend? (Unit: $)"
803,MathVista_MINI,84,1,258,342,"[{'original_size': (448, 448), 'target_size': (448, 448), 'patches_h': 16, 'patches_w': 16, 'total_patches': 256, 'image_tokens': 256, 'total_image_tokens': 258, 'patch_size': 28}]","[151644, 8948, 198, 2610, 525, 264, 10950, 17847, 13, 151645, 198, 151644, 872, 198, 151652, 151655, 151653, 26987, 25, 5209, 4226, 279, 3405, 22703, 458, 7546, 4226, 323, 3410, 279, 1590, 897, 11, 384, 1302, 2572, 220, 16, 11, 220, 17, 11, 220, 18, 11, 518, 279, 835, 624, 14582]","Hint: Please answer the question requiring an integer answer and provide the final value, e.g., 1, 2, 3, at the end.
Question: What is the value of the smallest individual bar in the whole chart?"
804,MathVista_MINI,125,1,344,469,"[{'original_size': (493, 524), 'target_size': (504, 532), 'patches_h': 19, 'patches_w': 18, 'total_patches': 342, 'image_tokens': 342, 'total_image_tokens': 344, 'patch_size': 28}]","[151644, 8948, 198, 2610, 525, 264, 10950, 17847, 13, 151645, 198, 151644, 872, 198, 151652, 151655, 151653, 26987, 25, 5209, 4226, 279, 3405, 323, 3410, 279, 4396, 2999, 6524, 11, 384, 1302, 2572, 362, 11, 425, 11, 356, 11, 422, 11, 518, 279, 835, 624, 14582, 25, 758, 57960, 347]","Hint: Please answer the question and provide the correct option letter, e.g., A, B, C, D, at the end.
Question: In $\odot B$, $CE=13.5$. Find $BD$. Round to the nearest hundredth.
Choices:
(A) 3.71
(B) 4.29
(C) 4.53
(D) 6.75"
805,MathVista_MINI,85,1,370,455,"[{'original_size': (640, 434), 'target_size': (644, 448), 'patches_h': 16, 'patches_w': 23, 'total_patches': 368, 'image_tokens': 368, 'total_image_tokens': 370, 'patch_size': 28}]","[151644, 8948, 198, 2610, 525, 264, 10950, 17847, 13, 151645, 198, 151644, 872, 198, 151652, 151655, 151653, 26987, 25, 5209, 4226, 279, 3405, 323, 3410, 279, 4396, 2999, 6524, 11, 384, 1302, 2572, 362, 11, 425, 11, 356, 11, 422, 11, 518, 279, 835, 624, 14582, 25, 2160, 279, 1513]","Hint: Please answer the question and provide the correct option letter, e.g., A, B, C, D, at the end.
Question: Is the donut more than half eaten?
Choices:
(A) Yes
(B) No"
806,MathVista_MINI,140,1,22,162,"[{'original_size': (127, 107), 'target_size': (140, 112), 'patches_h': 4, 'patches_w': 5, 'total_patches': 20, 'image_tokens': 20, 'total_image_tokens': 22, 'patch_size': 28}]","[151644, 8948, 198, 2610, 525, 264, 10950, 17847, 13, 151645, 198, 151644, 872, 198, 151652, 151655, 151653, 26987, 25, 5209, 4226, 279, 3405, 323, 3410, 279, 4396, 2999, 6524, 11, 384, 1302, 2572, 362, 11, 425, 11, 356, 11, 422, 11, 518, 279, 835, 624, 14582, 25, 1634, 6839, 304]","Hint: Please answer the question and provide the correct option letter, e.g., A, B, C, D, at the end.
Question: As shown in the figure, AB is the diameter of ⊙O, and point C is on ⊙O. If ∠A = 40.0, then the degree of ∠B is ()
Choices:
(A) 80°
(B) 60°
(C) 50°
(D) 40°"
807,MathVista_MINI,107,1,200,307,"[{'original_size': (508, 300), 'target_size': (504, 308), 'patches_h': 11, 'patches_w': 18, 'total_patches': 198, 'image_tokens': 198, 'total_image_tokens': 200, 'patch_size': 28}]","[151644, 8948, 198, 2610, 525, 264, 10950, 17847, 13, 151645, 198, 151644, 872, 198, 151652, 151655, 151653, 26987, 25, 5209, 4226, 279, 3405, 323, 3410, 279, 4396, 2999, 6524, 11, 384, 1302, 2572, 362, 11, 425, 11, 356, 11, 422, 11, 518, 279, 835, 624, 14582, 25, 15920, 315, 279]","Hint: Please answer the question and provide the correct option letter, e.g., A, B, C, D, at the end.
Question: Which of the following leaf shapes would have the least amount of wind resistance and water loss?
Choices:
(A) Truncate
(B) Acuminate
(C) Rounded
(D) Sagittate"
808,MathVista_MINI,88,1,101,189,"[{'original_size': (320, 240), 'target_size': (308, 252), 'patches_h': 9, 'patches_w': 11, 'total_patches': 99, 'image_tokens': 99, 'total_image_tokens': 101, 'patch_size': 28}]","[151644, 8948, 198, 2610, 525, 264, 10950, 17847, 13, 151645, 198, 151644, 872, 198, 151652, 151655, 151653, 26987, 25, 5209, 4226, 279, 3405, 22703, 458, 7546, 4226, 323, 3410, 279, 1590, 897, 11, 384, 1302, 2572, 220, 16, 11, 220, 17, 11, 220, 18, 11, 518, 279, 835, 624, 14582]","Hint: Please answer the question requiring an integer answer and provide the final value, e.g., 1, 2, 3, at the end.
Question: Subtract all large purple spheres. Subtract all small gray things. How many objects are left?"
809,MathVista_MINI,202,1,74,276,"[{'original_size': (233, 241), 'target_size': (224, 252), 'patches_h': 9, 'patches_w': 8, 'total_patches': 72, 'image_tokens': 72, 'total_image_tokens': 74, 'patch_size': 28}]","[151644, 8948, 198, 2610, 525, 264, 10950, 17847, 13, 151645, 198, 151644, 872, 198, 151652, 151655, 151653, 26987, 25, 5209, 4226, 279, 3405, 323, 3410, 279, 4396, 2999, 6524, 11, 384, 1302, 2572, 362, 11, 425, 11, 356, 11, 422, 11, 518, 279, 835, 624, 14582, 25, 758, 264, 1874]","Hint: Please answer the question and provide the correct option letter, e.g., A, B, C, D, at the end.
Question: In a group of horses, some individuals have a black coat and others have a reddish-brown coat. In this group, the gene for the coat color trait has two alleles. The allele for a black coat (L) is dominant over the allele for a reddish-brown coat (l).
This Punnett square shows a cross between two horses. What is the expected ratio of offspring with a reddish-brown coat to offspring with a black coat? Choose the most likely ratio.
Choices:
(A) 1:3
(B) 4:0
(C) 3:1
(D) 0:4
(E) 2:2"
810,MathVista_MINI,89,1,101,190,"[{'original_size': (320, 240), 'target_size': (308, 252), 'patches_h': 9, 'patches_w': 11, 'total_patches': 99, 'image_tokens': 99, 'total_image_tokens': 101, 'patch_size': 28}]","[151644, 8948, 198, 2610, 525, 264, 10950, 17847, 13, 151645, 198, 151644, 872, 198, 151652, 151655, 151653, 26987, 25, 5209, 4226, 279, 3405, 22703, 458, 7546, 4226, 323, 3410, 279, 1590, 897, 11, 384, 1302, 2572, 220, 16, 11, 220, 17, 11, 220, 18, 11, 518, 279, 835, 624, 14582]","Hint: Please answer the question requiring an integer answer and provide the final value, e.g., 1, 2, 3, at the end.
Question: Subtract all yellow metallic balls. Subtract all small yellow shiny things. How many objects are left?"
811,MathVista_MINI,108,1,47,155,"[{'original_size': (247, 136), 'target_size': (252, 140), 'patches_h': 5, 'patches_w': 9, 'total_patches': 45, 'image_tokens': 45, 'total_image_tokens': 47, 'patch_size': 28}]","[151644, 8948, 198, 2610, 525, 264, 10950, 17847, 13, 151645, 198, 151644, 872, 198, 151652, 151655, 151653, 26987, 25, 5209, 4226, 279, 3405, 22703, 458, 7546, 4226, 323, 3410, 279, 1590, 897, 11, 384, 1302, 2572, 220, 16, 11, 220, 17, 11, 220, 18, 11, 518, 279, 835, 624, 14582]","Hint: Please answer the question requiring an integer answer and provide the final value, e.g., 1, 2, 3, at the end.
Question: A machine at the candy factory dispensed different numbers of lemon-flavored candies into various bags. What is the smallest number of lemon-flavored candies? (Unit: lemon-flavored candies)"
812,MathVista_MINI,85,1,1234,1319,"[{'original_size': (840, 1286), 'target_size': (784, 1232), 'patches_h': 44, 'patches_w': 28, 'total_patches': 1232, 'image_tokens': 1232, 'total_image_tokens': 1234, 'patch_size': 28}]","[151644, 8948, 198, 2610, 525, 264, 10950, 17847, 13, 151645, 198, 151644, 872, 198, 151652, 151655, 151653, 26987, 25, 5209, 4226, 279, 3405, 323, 3410, 279, 4396, 2999, 6524, 11, 384, 1302, 2572, 362, 11, 425, 11, 356, 11, 422, 11, 518, 279, 835, 624, 14582, 25, 12553, 279, 17545]","Hint: Please answer the question and provide the correct option letter, e.g., A, B, C, D, at the end.
Question: Does the gray bar always have smaller value?
Choices:
(A) Yes
(B) No"
813,MathVista_MINI,80,1,1242,1322,"[{'original_size': (1768, 2264), 'target_size': (868, 1120), 'patches_h': 40, 'patches_w': 31, 'total_patches': 1240, 'image_tokens': 1240, 'total_image_tokens': 1242, 'patch_size': 28}]","[151644, 8948, 198, 2610, 525, 264, 10950, 17847, 13, 151645, 198, 151644, 872, 198, 151652, 151655, 151653, 26987, 25, 5209, 4226, 279, 3405, 22703, 458, 7546, 4226, 323, 3410, 279, 1590, 897, 11, 384, 1302, 2572, 220, 16, 11, 220, 17, 11, 220, 18, 11, 518, 279, 835, 624, 14582]","Hint: Please answer the question requiring an integer answer and provide the final value, e.g., 1, 2, 3, at the end.
Question: What is the highest value on the X axis?"
814,MathVista_MINI,84,1,258,342,"[{'original_size': (448, 448), 'target_size': (448, 448), 'patches_h': 16, 'patches_w': 16, 'total_patches': 256, 'image_tokens': 256, 'total_image_tokens': 258, 'patch_size': 28}]","[151644, 8948, 198, 2610, 525, 264, 10950, 17847, 13, 151645, 198, 151644, 872, 198, 151652, 151655, 151653, 26987, 25, 5209, 4226, 279, 3405, 22703, 458, 7546, 4226, 323, 3410, 279, 1590, 897, 11, 384, 1302, 2572, 220, 16, 11, 220, 17, 11, 220, 18, 11, 518, 279, 835, 624, 14582]","Hint: Please answer the question requiring an integer answer and provide the final value, e.g., 1, 2, 3, at the end.
Question: What is the value of the largest individual bar in the whole chart?"
815,MathVista_MINI,104,1,132,236,"[{'original_size': (367, 279), 'target_size': (364, 280), 'patches_h': 10, 'patches_w': 13, 'total_patches': 130, 'image_tokens': 130, 'total_image_tokens': 132, 'patch_size': 28}]","[151644, 8948, 198, 2610, 525, 264, 10950, 17847, 13, 151645, 198, 151644, 872, 198, 151652, 151655, 151653, 26987, 25, 5209, 4226, 279, 3405, 323, 3410, 279, 4396, 2999, 6524, 11, 384, 1302, 2572, 362, 11, 425, 11, 356, 11, 422, 11, 518, 279, 835, 624, 14582, 25, 7379, 400, 76]","Hint: Please answer the question and provide the correct option letter, e.g., A, B, C, D, at the end.
Question: Find $m \angle N C L$
Choices:
(A) 60
(B) 120
(C) 240
(D) 360"
816,MathVista_MINI,105,1,142,247,"[{'original_size': (379, 272), 'target_size': (392, 280), 'patches_h': 10, 'patches_w': 14, 'total_patches': 140, 'image_tokens': 140, 'total_image_tokens': 142, 'patch_size': 28}]","[151644, 8948, 198, 2610, 525, 264, 10950, 17847, 13, 151645, 198, 151644, 872, 198, 151652, 151655, 151653, 26987, 25, 5209, 4226, 279, 3405, 323, 3410, 279, 4396, 2999, 6524, 11, 384, 1302, 2572, 362, 11, 425, 11, 356, 11, 422, 11, 518, 279, 835, 624, 14582, 25, 7379, 856, 13]","Hint: Please answer the question and provide the correct option letter, e.g., A, B, C, D, at the end.
Question: Find x. Round to the nearest tenth, if necessary.
Choices:
(A) 3
(B) 9
(C) 12.25
(D) 24"
817,MathVista_MINI,145,1,20,165,"[{'original_size': (171, 94), 'target_size': (168, 84), 'patches_h': 3, 'patches_w': 6, 'total_patches': 18, 'image_tokens': 18, 'total_image_tokens': 20, 'patch_size': 28}]","[151644, 8948, 198, 2610, 525, 264, 10950, 17847, 13, 151645, 198, 151644, 872, 198, 151652, 151655, 151653, 26987, 25, 5209, 4226, 279, 3405, 323, 3410, 279, 4396, 2999, 6524, 11, 384, 1302, 2572, 362, 11, 425, 11, 356, 11, 422, 11, 518, 279, 835, 624, 14582, 25, 1634, 6839, 304]","Hint: Please answer the question and provide the correct option letter, e.g., A, B, C, D, at the end.
Question: As shown in the figure, the straight line a ∥ b, the point B is on the straight line b, and AB ⊥ BC, ∠2 = 65.0, then the degree of ∠1 is ()
Choices:
(A) 65°
(B) 25°
(C) 35°
(D) 45°"
818,MathVista_MINI,104,1,178,282,"[{'original_size': (310, 434), 'target_size': (308, 448), 'patches_h': 16, 'patches_w': 11, 'total_patches': 176, 'image_tokens': 176, 'total_image_tokens': 178, 'patch_size': 28}]","[151644, 8948, 198, 2610, 525, 264, 10950, 17847, 13, 151645, 198, 151644, 872, 198, 151652, 151655, 151653, 26987, 25, 5209, 4226, 279, 3405, 22703, 264, 19057, 16574, 1372, 448, 1378, 12122, 7482, 323, 3410, 279, 1590, 897, 11, 384, 1302, 2572, 220, 16, 13, 17, 18, 11, 220, 16, 13]","Hint: Please answer the question requiring a floating-point number with two decimal places and provide the final value, e.g., 1.23, 1.34, 1.45, at the end.
Question: What's the ratio of least value of light brown graph and leftmost value of dark brown graph?"
819,MathVista_MINI,102,1,212,314,"[{'original_size': (428, 400), 'target_size': (420, 392), 'patches_h': 14, 'patches_w': 15, 'total_patches': 210, 'image_tokens': 210, 'total_image_tokens': 212, 'patch_size': 28}]","[151644, 8948, 198, 2610, 525, 264, 10950, 17847, 13, 151645, 198, 151644, 872, 198, 151652, 151655, 151653, 26987, 25, 5209, 4226, 279, 3405, 323, 3410, 279, 4396, 2999, 6524, 11, 384, 1302, 2572, 362, 11, 425, 11, 356, 11, 422, 11, 518, 279, 835, 624, 14582, 25, 7379, 279, 897]","Hint: Please answer the question and provide the correct option letter, e.g., A, B, C, D, at the end.
Question: Find the value of $t$ in the parallelogram.
Choices:
(A) 6
(B) 7
(C) 8
(D) 13"
820,MathVista_MINI,123,1,50,173,"[{'original_size': (238, 160), 'target_size': (224, 168), 'patches_h': 6, 'patches_w': 8, 'total_patches': 48, 'image_tokens': 48, 'total_image_tokens': 50, 'patch_size': 28}]","[151644, 8948, 198, 2610, 525, 264, 10950, 17847, 13, 151645, 198, 151644, 872, 198, 151652, 151655, 151653, 26987, 25, 5209, 4226, 279, 3405, 323, 3410, 279, 4396, 2999, 6524, 11, 384, 1302, 2572, 362, 11, 425, 11, 356, 11, 422, 11, 518, 279, 835, 624, 14582, 25, 400, 64, 28]","Hint: Please answer the question and provide the correct option letter, e.g., A, B, C, D, at the end.
Question: $a=14, b=48,$ and $c=50$ find $cosA$
Choices:
(A) 0.14
(B) 0.48
(C) 0.50
(D) 0.96"
821,MathVista_MINI,84,1,236,320,"[{'original_size': (360, 500), 'target_size': (364, 504), 'patches_h': 18, 'patches_w': 13, 'total_patches': 234, 'image_tokens': 234, 'total_image_tokens': 236, 'patch_size': 28}]","[151644, 8948, 198, 2610, 525, 264, 10950, 17847, 13, 151645, 198, 151644, 872, 198, 151652, 151655, 151653, 26987, 25, 5209, 4226, 279, 3405, 323, 3410, 279, 4396, 2999, 6524, 11, 384, 1302, 2572, 362, 11, 425, 11, 356, 11, 422, 11, 518, 279, 835, 624, 14582, 25, 8713, 1429, 315]","Hint: Please answer the question and provide the correct option letter, e.g., A, B, C, D, at the end.
Question: Are most of the people young men?
Choices:
(A) Yes
(B) No"
822,MathVista_MINI,109,1,106,215,"[{'original_size': (356, 227), 'target_size': (364, 224), 'patches_h': 8, 'patches_w': 13, 'total_patches': 104, 'image_tokens': 104, 'total_image_tokens': 106, 'patch_size': 28}]","[151644, 8948, 198, 2610, 525, 264, 10950, 17847, 13, 151645, 198, 151644, 872, 198, 151652, 151655, 151653, 26987, 25, 5209, 4226, 279, 3405, 323, 3410, 279, 4396, 2999, 6524, 11, 384, 1302, 2572, 362, 11, 425, 11, 356, 11, 422, 11, 518, 279, 835, 624, 14582, 25, 7379, 279, 46342]","Hint: Please answer the question and provide the correct option letter, e.g., A, B, C, D, at the end.
Question: Find the perimeter of the parallelogram. Round to the nearest tenth if necessary.
Choices:
(A) 22
(B) 40
(C) 44
(D) 48"
823,MathVista_MINI,129,1,1226,1355,"[{'original_size': (1152, 1080), 'target_size': (1008, 952), 'patches_h': 34, 'patches_w': 36, 'total_patches': 1224, 'image_tokens': 1224, 'total_image_tokens': 1226, 'patch_size': 28}]","[151644, 8948, 198, 2610, 525, 264, 10950, 17847, 13, 151645, 198, 151644, 872, 198, 151652, 151655, 151653, 26987, 25, 5209, 4226, 279, 3405, 323, 3410, 279, 4396, 2999, 6524, 11, 384, 1302, 2572, 362, 11, 425, 11, 356, 11, 422, 11, 518, 279, 835, 624, 14582, 25, 1446, 646, 1490]","Hint: Please answer the question and provide the correct option letter, e.g., A, B, C, D, at the end.
Question: You can see how organisms are interconnected from the diagram given. What will be the effect if all the Killer whales are removed?
Choices:
(A) The population of tuna will increase
(B) Mouse will decrease in number
(C) The phytoplankton will decrease
(D) The grasshopper will die"
824,MathVista_MINI,109,1,65,174,"[{'original_size': (247, 192), 'target_size': (252, 196), 'patches_h': 7, 'patches_w': 9, 'total_patches': 63, 'image_tokens': 63, 'total_image_tokens': 65, 'patch_size': 28}]","[151644, 8948, 198, 2610, 525, 264, 10950, 17847, 13, 151645, 198, 151644, 872, 198, 151652, 151655, 151653, 26987, 25, 5209, 4226, 279, 3405, 22703, 264, 19057, 16574, 1372, 448, 1378, 12122, 7482, 323, 3410, 279, 1590, 897, 11, 384, 1302, 2572, 220, 16, 13, 17, 18, 11, 220, 16, 13]","Hint: Please answer the question requiring a floating-point number with two decimal places and provide the final value, e.g., 1.23, 1.34, 1.45, at the end.
Question: How much money does Luca need to buy a sour apple candy and a butterscotch candy? (Unit: $)"
825,MathVista_MINI,100,1,393,493,"[{'original_size': (640, 480), 'target_size': (644, 476), 'patches_h': 17, 'patches_w': 23, 'total_patches': 391, 'image_tokens': 391, 'total_image_tokens': 393, 'patch_size': 28}]","[151644, 8948, 198, 2610, 525, 264, 10950, 17847, 13, 151645, 198, 151644, 872, 198, 151652, 151655, 151653, 26987, 25, 5209, 4226, 279, 3405, 323, 3410, 279, 4396, 2999, 6524, 11, 384, 1302, 2572, 362, 11, 425, 11, 356, 11, 422, 11, 518, 279, 835, 624, 14582, 25, 2160, 279, 1372]","Hint: Please answer the question and provide the correct option letter, e.g., A, B, C, D, at the end.
Question: Is the number of metallic road bikes that are behind the large bus less than the number of small matte double buss?
Choices:
(A) Yes
(B) No"
826,MathVista_MINI,102,1,393,495,"[{'original_size': (638, 479), 'target_size': (644, 476), 'patches_h': 17, 'patches_w': 23, 'total_patches': 391, 'image_tokens': 391, 'total_image_tokens': 393, 'patch_size': 28}]","[151644, 8948, 198, 2610, 525, 264, 10950, 17847, 13, 151645, 198, 151644, 872, 198, 151652, 151655, 151653, 26987, 25, 5209, 4226, 279, 3405, 323, 3410, 279, 4396, 2999, 6524, 11, 384, 1302, 2572, 362, 11, 425, 11, 356, 11, 422, 11, 518, 279, 835, 624, 14582, 25, 15920, 374, 279]","Hint: Please answer the question and provide the correct option letter, e.g., A, B, C, D, at the end.
Question: Which is the largest part of the lung?
Choices:
(A) Inferior lobes
(B) Cardiac notch
(C) Superior lobes
(D) Middle lobe"
827,MathVista_MINI,100,1,1232,1332,"[{'original_size': (828, 1138), 'target_size': (840, 1148), 'patches_h': 41, 'patches_w': 30, 'total_patches': 1230, 'image_tokens': 1230, 'total_image_tokens': 1232, 'patch_size': 28}]","[151644, 8948, 198, 2610, 525, 264, 10950, 17847, 13, 151645, 198, 151644, 872, 198, 151652, 151655, 151653, 26987, 25, 5209, 4226, 279, 3405, 323, 3410, 279, 4396, 2999, 6524, 11, 384, 1302, 2572, 362, 11, 425, 11, 356, 11, 422, 11, 518, 279, 835, 624, 14582, 25, 22201, 279, 4226]","Hint: Please answer the question and provide the correct option letter, e.g., A, B, C, D, at the end.
Question: Choose the answer for the missing picture.
Choices:
(A) A
(B) B
(C) C
(D) D
(E) E
(F) F"
828,MathVista_MINI,107,1,93,200,"[{'original_size': (357, 194), 'target_size': (364, 196), 'patches_h': 7, 'patches_w': 13, 'total_patches': 91, 'image_tokens': 91, 'total_image_tokens': 93, 'patch_size': 28}]","[151644, 8948, 198, 2610, 525, 264, 10950, 17847, 13, 151645, 198, 151644, 872, 198, 151652, 151655, 151653, 26987, 25, 5209, 4226, 279, 3405, 22703, 264, 19057, 16574, 1372, 448, 825, 12122, 1992, 323, 3410, 279, 1590, 897, 11, 384, 1302, 2572, 220, 16, 13, 17, 11, 220, 16, 13, 18]","Hint: Please answer the question requiring a floating-point number with one decimal place and provide the final value, e.g., 1.2, 1.3, 1.4, at the end.
Question: Linda wants to buy 0.9 pounds of double chocolate cookie dough. How much will she spend? (Unit: $)"
829,MathVista_MINI,103,1,198,301,"[{'original_size': (378, 396), 'target_size': (392, 392), 'patches_h': 14, 'patches_w': 14, 'total_patches': 196, 'image_tokens': 196, 'total_image_tokens': 198, 'patch_size': 28}]","[151644, 8948, 198, 2610, 525, 264, 10950, 17847, 13, 151645, 198, 151644, 872, 198, 151652, 151655, 151653, 26987, 25, 5209, 4226, 279, 3405, 323, 3410, 279, 4396, 2999, 6524, 11, 384, 1302, 2572, 362, 11, 425, 11, 356, 11, 422, 11, 518, 279, 835, 624, 14582, 25, 15920, 2432, 29033]","Hint: Please answer the question and provide the correct option letter, e.g., A, B, C, D, at the end.
Question: Which matchstick needs to be moved in order to create a square?
Choices:
(A) Top
(B) Bottom
(C) Left
(D) Right
(E) Not possible"
830,MathVista_MINI,87,1,1149,1236,"[{'original_size': (1024, 870), 'target_size': (1036, 868), 'patches_h': 31, 'patches_w': 37, 'total_patches': 1147, 'image_tokens': 1147, 'total_image_tokens': 1149, 'patch_size': 28}]","[151644, 8948, 198, 2610, 525, 264, 10950, 17847, 13, 151645, 198, 151644, 872, 198, 151652, 151655, 151653, 26987, 25, 5209, 4226, 279, 3405, 22703, 458, 7546, 4226, 323, 3410, 279, 1590, 897, 11, 384, 1302, 2572, 220, 16, 11, 220, 17, 11, 220, 18, 11, 518, 279, 835, 624, 14582]","Hint: Please answer the question requiring an integer answer and provide the final value, e.g., 1, 2, 3, at the end.
Question: What is the age gap between these two people in image? (Unit: years)"
831,MathVista_MINI,104,1,50,154,"[{'original_size': (236, 156), 'target_size': (224, 168), 'patches_h': 6, 'patches_w': 8, 'total_patches': 48, 'image_tokens': 48, 'total_image_tokens': 50, 'patch_size': 28}]","[151644, 8948, 198, 2610, 525, 264, 10950, 17847, 13, 151645, 198, 151644, 872, 198, 151652, 151655, 151653, 26987, 25, 5209, 4226, 279, 3405, 22703, 458, 7546, 4226, 323, 3410, 279, 1590, 897, 11, 384, 1302, 2572, 220, 16, 11, 220, 17, 11, 220, 18, 11, 518, 279, 835, 624, 14582]","Hint: Please answer the question requiring an integer answer and provide the final value, e.g., 1, 2, 3, at the end.
Question: An author recorded how many words she wrote in the past 3 days. How many words in total did the author write on Thursday and Friday? (Unit: words)"
832,MathVista_MINI,79,1,1227,1306,"[{'original_size': (1920, 1920), 'target_size': (980, 980), 'patches_h': 35, 'patches_w': 35, 'total_patches': 1225, 'image_tokens': 1225, 'total_image_tokens': 1227, 'patch_size': 28}]","[151644, 8948, 198, 2610, 525, 264, 10950, 17847, 13, 151645, 198, 151644, 872, 198, 151652, 151655, 151653, 26987, 25, 5209, 4226, 279, 3405, 22703, 458, 7546, 4226, 323, 3410, 279, 1590, 897, 11, 384, 1302, 2572, 220, 16, 11, 220, 17, 11, 220, 18, 11, 518, 279, 835, 624, 14582]","Hint: Please answer the question requiring an integer answer and provide the final value, e.g., 1, 2, 3, at the end.
Question: What is the value of f(0)?"
833,MathVista_MINI,213,1,223,436,"[{'original_size': (474, 372), 'target_size': (476, 364), 'patches_h': 13, 'patches_w': 17, 'total_patches': 221, 'image_tokens': 221, 'total_image_tokens': 223, 'patch_size': 28}]","[151644, 8948, 198, 2610, 525, 264, 10950, 17847, 13, 151645, 198, 151644, 872, 198, 151652, 151655, 151653, 26987, 25, 5209, 4226, 279, 3405, 22703, 264, 19057, 16574, 1372, 448, 825, 12122, 1992, 323, 3410, 279, 1590, 897, 11, 384, 1302, 2572, 220, 16, 13, 17, 11, 220, 16, 13, 18]","Hint: Please answer the question requiring a floating-point number with one decimal place and provide the final value, e.g., 1.2, 1.3, 1.4, at the end.
Question: Phenylalanine (Phe, 5) is a naturally occurring amino acid. What is the energy of interaction between its phenyl group and the electric dipole moment of a neighbouring peptide group? Take the distance between the groups as $4.0 \mathrm{~nm}$ and treat the phenyl group as a benzene molecule. The magnitude of the dipole moment of the peptide group is $\mu=1.3 \mathrm{D}$ and the polarizability volume of benzene is $\alpha^{\prime}=1.04 \times 10^{-29} \mathrm{~m}^3$."
834,MathVista_MINI,90,1,618,708,"[{'original_size': (785, 610), 'target_size': (784, 616), 'patches_h': 22, 'patches_w': 28, 'total_patches': 616, 'image_tokens': 616, 'total_image_tokens': 618, 'patch_size': 28}]","[151644, 8948, 198, 2610, 525, 264, 10950, 17847, 13, 151645, 198, 151644, 872, 198, 151652, 151655, 151653, 26987, 25, 5209, 4226, 279, 3405, 323, 3410, 279, 4396, 2999, 6524, 11, 384, 1302, 2572, 362, 11, 425, 11, 356, 11, 422, 11, 518, 279, 835, 624, 14582, 25, 21658, 279, 5302]","Hint: Please answer the question and provide the correct option letter, e.g., A, B, C, D, at the end.
Question: Among the states that border Georgia , does Florida have the lowest value ?
Choices:
(A) Yes
(B) No"
835,MathVista_MINI,78,1,393,471,"[{'original_size': (640, 480), 'target_size': (644, 476), 'patches_h': 17, 'patches_w': 23, 'total_patches': 391, 'image_tokens': 391, 'total_image_tokens': 393, 'patch_size': 28}]","[151644, 8948, 198, 2610, 525, 264, 10950, 17847, 13, 151645, 198, 151644, 872, 198, 151652, 151655, 151653, 26987, 25, 5209, 4226, 279, 3405, 22703, 458, 7546, 4226, 323, 3410, 279, 1590, 897, 11, 384, 1302, 2572, 220, 16, 11, 220, 17, 11, 220, 18, 11, 518, 279, 835, 624, 14582]","Hint: Please answer the question requiring an integer answer and provide the final value, e.g., 1, 2, 3, at the end.
Question: What percent of people are wearing blue?"
836,MathVista_MINI,100,1,1262,1362,"[{'original_size': (1500, 1076), 'target_size': (1176, 840), 'patches_h': 30, 'patches_w': 42, 'total_patches': 1260, 'image_tokens': 1260, 'total_image_tokens': 1262, 'patch_size': 28}]","[151644, 8948, 198, 2610, 525, 264, 10950, 17847, 13, 151645, 198, 151644, 872, 198, 151652, 151655, 151653, 26987, 25, 5209, 4226, 279, 3405, 323, 3410, 279, 4396, 2999, 6524, 11, 384, 1302, 2572, 362, 11, 425, 11, 356, 11, 422, 11, 518, 279, 835, 624, 14582, 25, 3555, 374, 279]","Hint: Please answer the question and provide the correct option letter, e.g., A, B, C, D, at the end.
Question: What is the smallest species shown?
Choices:
(A) chinlea
(B) arganodus
(C) semionotus
(D) xenacanthus"
837,MathVista_MINI,90,1,393,483,"[{'original_size': (640, 480), 'target_size': (644, 476), 'patches_h': 17, 'patches_w': 23, 'total_patches': 391, 'image_tokens': 391, 'total_image_tokens': 393, 'patch_size': 28}]","[151644, 8948, 198, 2610, 525, 264, 10950, 17847, 13, 151645, 198, 151644, 872, 198, 151652, 151655, 151653, 26987, 25, 5209, 4226, 279, 3405, 323, 3410, 279, 4396, 2999, 6524, 11, 384, 1302, 2572, 362, 11, 425, 11, 356, 11, 422, 11, 518, 279, 835, 624, 14582, 25, 8713, 1052, 16745]","Hint: Please answer the question and provide the correct option letter, e.g., A, B, C, D, at the end.
Question: Are there fewer tiny red motorbikes than big red choppers?
Choices:
(A) Yes
(B) No"
838,MathVista_MINI,87,1,1232,1319,"[{'original_size': (1600, 1200), 'target_size': (1148, 840), 'patches_h': 30, 'patches_w': 41, 'total_patches': 1230, 'image_tokens': 1230, 'total_image_tokens': 1232, 'patch_size': 28}]","[151644, 8948, 198, 2610, 525, 264, 10950, 17847, 13, 151645, 198, 151644, 872, 198, 151652, 151655, 151653, 26987, 25, 5209, 4226, 279, 3405, 22703, 458, 7546, 4226, 323, 3410, 279, 1590, 897, 11, 384, 1302, 2572, 220, 16, 11, 220, 17, 11, 220, 18, 11, 518, 279, 835, 624, 14582]","Hint: Please answer the question requiring an integer answer and provide the final value, e.g., 1, 2, 3, at the end.
Question: What is the age gap between these two people in image? (Unit: years)"
839,MathVista_MINI,82,1,582,664,"[{'original_size': (800, 557), 'target_size': (812, 560), 'patches_h': 20, 'patches_w': 29, 'total_patches': 580, 'image_tokens': 580, 'total_image_tokens': 582, 'patch_size': 28}]","[151644, 8948, 198, 2610, 525, 264, 10950, 17847, 13, 151645, 198, 151644, 872, 198, 151652, 151655, 151653, 26987, 25, 5209, 4226, 279, 3405, 22703, 458, 7546, 4226, 323, 3410, 279, 1590, 897, 11, 384, 1302, 2572, 220, 16, 11, 220, 17, 11, 220, 18, 11, 518, 279, 835, 624, 14582]","Hint: Please answer the question requiring an integer answer and provide the final value, e.g., 1, 2, 3, at the end.
Question: How many years have value less than 10%?"
840,MathVista_MINI,95,1,236,331,"[{'original_size': (375, 500), 'target_size': (364, 504), 'patches_h': 18, 'patches_w': 13, 'total_patches': 234, 'image_tokens': 234, 'total_image_tokens': 236, 'patch_size': 28}]","[151644, 8948, 198, 2610, 525, 264, 10950, 17847, 13, 151645, 198, 151644, 872, 198, 151652, 151655, 151653, 26987, 25, 5209, 4226, 279, 3405, 323, 3410, 279, 4396, 2999, 6524, 11, 384, 1302, 2572, 362, 11, 425, 11, 356, 11, 422, 11, 518, 279, 835, 624, 14582, 25, 5542, 892, 1509]","Hint: Please answer the question and provide the correct option letter, e.g., A, B, C, D, at the end.
Question: From which item can you get the most protein?
Choices:
(A) salami
(B) wine
(C) cheese
(D) bread"
841,MathVista_MINI,90,1,74,164,"[{'original_size': (265, 218), 'target_size': (252, 224), 'patches_h': 8, 'patches_w': 9, 'total_patches': 72, 'image_tokens': 72, 'total_image_tokens': 74, 'patch_size': 28}]","[151644, 8948, 198, 2610, 525, 264, 10950, 17847, 13, 151645, 198, 151644, 872, 198, 151652, 151655, 151653, 26987, 25, 5209, 4226, 279, 3405, 22703, 458, 7546, 4226, 323, 3410, 279, 1590, 897, 11, 384, 1302, 2572, 220, 16, 11, 220, 17, 11, 220, 18, 11, 518, 279, 835, 624, 14582]","Hint: Please answer the question requiring an integer answer and provide the final value, e.g., 1, 2, 3, at the end.
Question: Some friends compared the sizes of their stuffed animal collections. What is the median of the numbers?'"
842,MathVista_MINI,214,1,26,240,"[{'original_size': (154, 115), 'target_size': (168, 112), 'patches_h': 4, 'patches_w': 6, 'total_patches': 24, 'image_tokens': 24, 'total_image_tokens': 26, 'patch_size': 28}]","[151644, 8948, 198, 2610, 525, 264, 10950, 17847, 13, 151645, 198, 151644, 872, 198, 151652, 151655, 151653, 26987, 25, 5209, 4226, 279, 3405, 323, 3410, 279, 4396, 2999, 6524, 11, 384, 1302, 2572, 362, 11, 425, 11, 356, 11, 422, 11, 518, 279, 835, 624, 14582, 25, 2411, 264, 3654]","Hint: Please answer the question and provide the correct option letter, e.g., A, B, C, D, at the end.
Question: At a certain moment, there is a passenger ship at sea point P, and lighthouse A is measured in the direction 30.0 north by east of P, and is 50.0 nautical miles away. The passenger ship sails at the speed of 60.0 nautical mile/hour in the direction of 60.0 from north by west for $\frac{2.0}{3.0}$hours to reach point B, then tan∠BAP = ()
Choices:
(A) \frac{4}{5}
(B) \frac{6}{5}
(C) \frac{√{5}}{5}
(D) \frac{2√{5}}{5}"
843,MathVista_MINI,82,1,380,462,"[{'original_size': (752, 400), 'target_size': (756, 392), 'patches_h': 14, 'patches_w': 27, 'total_patches': 378, 'image_tokens': 378, 'total_image_tokens': 380, 'patch_size': 28}]","[151644, 8948, 198, 2610, 525, 264, 10950, 17847, 13, 151645, 198, 151644, 872, 198, 151652, 151655, 151653, 26987, 25, 5209, 4226, 279, 3405, 323, 3410, 279, 4396, 2999, 6524, 11, 384, 1302, 2572, 362, 11, 425, 11, 356, 11, 422, 11, 518, 279, 835, 624, 14582, 25, 2160, 71407, 7046]","Hint: Please answer the question and provide the correct option letter, e.g., A, B, C, D, at the end.
Question: Is Aqua greater than Red?
Choices:
(A) yes
(B) no"
844,MathVista_MINI,86,1,352,438,"[{'original_size': (700, 400), 'target_size': (700, 392), 'patches_h': 14, 'patches_w': 25, 'total_patches': 350, 'image_tokens': 350, 'total_image_tokens': 352, 'patch_size': 28}]","[151644, 8948, 198, 2610, 525, 264, 10950, 17847, 13, 151645, 198, 151644, 872, 198, 151652, 151655, 151653, 26987, 25, 5209, 4226, 279, 3405, 323, 3410, 279, 4396, 2999, 6524, 11, 384, 1302, 2572, 362, 11, 425, 11, 356, 11, 422, 11, 518, 279, 835, 624, 14582, 25, 2160, 279, 8131]","Hint: Please answer the question and provide the correct option letter, e.g., A, B, C, D, at the end.
Question: Is the larger window shaped like the smaller window?
Choices:
(A) Yes
(B) No"
845,MathVista_MINI,87,1,282,369,"[{'original_size': (550, 390), 'target_size': (560, 392), 'patches_h': 14, 'patches_w': 20, 'total_patches': 280, 'image_tokens': 280, 'total_image_tokens': 282, 'patch_size': 28}]","[151644, 8948, 198, 2610, 525, 264, 10950, 17847, 13, 151645, 198, 151644, 872, 198, 151652, 151655, 151653, 26987, 25, 5209, 4226, 279, 3405, 22703, 458, 7546, 4226, 323, 3410, 279, 1590, 897, 11, 384, 1302, 2572, 220, 16, 11, 220, 17, 11, 220, 18, 11, 518, 279, 835, 624, 14582]","Hint: Please answer the question requiring an integer answer and provide the final value, e.g., 1, 2, 3, at the end.
Question: What is the age gap between these two people in image? (Unit: years)"
846,MathVista_MINI,82,1,380,462,"[{'original_size': (758, 400), 'target_size': (756, 392), 'patches_h': 14, 'patches_w': 27, 'total_patches': 378, 'image_tokens': 378, 'total_image_tokens': 380, 'patch_size': 28}]","[151644, 8948, 198, 2610, 525, 264, 10950, 17847, 13, 151645, 198, 151644, 872, 198, 151652, 151655, 151653, 26987, 25, 5209, 4226, 279, 3405, 323, 3410, 279, 4396, 2999, 6524, 11, 384, 1302, 2572, 362, 11, 425, 11, 356, 11, 422, 11, 518, 279, 835, 624, 14582, 25, 2160, 10471, 279]","Hint: Please answer the question and provide the correct option letter, e.g., A, B, C, D, at the end.
Question: Is Brown the high median?
Choices:
(A) yes
(B) no"
847,MathVista_MINI,89,1,1273,1362,"[{'original_size': (1706, 1294), 'target_size': (1148, 868), 'patches_h': 31, 'patches_w': 41, 'total_patches': 1271, 'image_tokens': 1271, 'total_image_tokens': 1273, 'patch_size': 28}]","[151644, 8948, 198, 2610, 525, 264, 10950, 17847, 13, 151645, 198, 151644, 872, 198, 151652, 151655, 151653, 26987, 25, 5209, 4226, 279, 3405, 323, 3410, 279, 4396, 2999, 6524, 11, 384, 1302, 2572, 362, 11, 425, 11, 356, 11, 422, 11, 518, 279, 835, 624, 14582, 25, 15920, 729, 27715]","Hint: Please answer the question and provide the correct option letter, e.g., A, B, C, D, at the end.
Question: Which function grows the fastest as x increases?
Choices:
(A) red
(B) purple
(C) blue"
848,MathVista_MINI,98,1,977,1075,"[{'original_size': (1091, 700), 'target_size': (1092, 700), 'patches_h': 25, 'patches_w': 39, 'total_patches': 975, 'image_tokens': 975, 'total_image_tokens': 977, 'patch_size': 28}]","[151644, 8948, 198, 2610, 525, 264, 10950, 17847, 13, 151645, 198, 151644, 872, 198, 151652, 151655, 151653, 26987, 25, 5209, 4226, 279, 3405, 22703, 458, 7546, 4226, 323, 3410, 279, 1590, 897, 11, 384, 1302, 2572, 220, 16, 11, 220, 17, 11, 220, 18, 11, 518, 279, 835, 624, 14582]","Hint: Please answer the question requiring an integer answer and provide the final value, e.g., 1, 2, 3, at the end.
Question: In how many years, is the tuberculosis treatment success rate in Bulgaria greater than the average tuberculosis treatment success rate in Bulgaria taken over all years ?"
849,MathVista_MINI,158,1,342,500,"[{'original_size': (940, 282), 'target_size': (952, 280), 'patches_h': 10, 'patches_w': 34, 'total_patches': 340, 'image_tokens': 340, 'total_image_tokens': 342, 'patch_size': 28}]","[151644, 8948, 198, 2610, 525, 264, 10950, 17847, 13, 151645, 198, 151644, 872, 198, 151652, 151655, 151653, 26987, 25, 5209, 4226, 279, 3405, 323, 3410, 279, 4396, 2999, 6524, 11, 384, 1302, 2572, 362, 11, 425, 11, 356, 11, 422, 11, 518, 279, 835, 624, 14582, 25, 576, 220, 19]","Hint: Please answer the question and provide the correct option letter, e.g., A, B, C, D, at the end.
Question: The 4 8x8 images shown below are encoded with JPEG coding. Based on their expected DCT (Discrete Cosine Transform) coefficients, Which image has the most non-zero AC coefficients? (a): Image A, (b): Image B, (c): Image C, (d): Image D.
Choices:
(A) (c)
(B) (d)
(C) (a)
(D) (b)
(E) (e)"
850,MathVista_MINI,105,1,393,498,"[{'original_size': (640, 480), 'target_size': (644, 476), 'patches_h': 17, 'patches_w': 23, 'total_patches': 391, 'image_tokens': 391, 'total_image_tokens': 393, 'patch_size': 28}]","[151644, 8948, 198, 2610, 525, 264, 10950, 17847, 13, 151645, 198, 151644, 872, 198, 151652, 151655, 151653, 26987, 25, 5209, 4226, 279, 3405, 323, 3410, 279, 4396, 2999, 6524, 11, 384, 1302, 2572, 362, 11, 425, 11, 356, 11, 422, 11, 518, 279, 835, 624, 14582, 25, 2160, 279, 1372]","Hint: Please answer the question and provide the correct option letter, e.g., A, B, C, D, at the end.
Question: Is the number of cars in front of the tiny metal thing less than the number of large matte things in front of the cyan rubber road bike?
Choices:
(A) Yes
(B) No"
851,MathVista_MINI,100,1,945,1045,"[{'original_size': (1139, 650), 'target_size': (1148, 644), 'patches_h': 23, 'patches_w': 41, 'total_patches': 943, 'image_tokens': 943, 'total_image_tokens': 945, 'patch_size': 28}]","[151644, 8948, 198, 2610, 525, 264, 10950, 17847, 13, 151645, 198, 151644, 872, 198, 151652, 151655, 151653, 26987, 25, 5209, 4226, 279, 3405, 22703, 458, 7546, 4226, 323, 3410, 279, 1590, 897, 11, 384, 1302, 2572, 220, 16, 11, 220, 17, 11, 220, 18, 11, 518, 279, 835, 624, 14582]","Hint: Please answer the question requiring an integer answer and provide the final value, e.g., 1, 2, 3, at the end.
Question: In how many years, is the net concessional disbursements from imf greater than 32000000 US$?"
852,MathVista_MINI,75,1,464,539,"[{'original_size': (612, 598), 'target_size': (616, 588), 'patches_h': 21, 'patches_w': 22, 'total_patches': 462, 'image_tokens': 462, 'total_image_tokens': 464, 'patch_size': 28}]","[151644, 8948, 198, 2610, 525, 264, 10950, 17847, 13, 151645, 198, 151644, 872, 198, 151652, 151655, 151653, 26987, 25, 5209, 4226, 279, 3405, 22703, 458, 7546, 4226, 323, 3410, 279, 1590, 897, 11, 384, 1302, 2572, 220, 16, 11, 220, 17, 11, 220, 18, 11, 518, 279, 835, 624, 14582]","Hint: Please answer the question requiring an integer answer and provide the final value, e.g., 1, 2, 3, at the end.
Question: Which number is missing?"
853,MathVista_MINI,134,1,26,160,"[{'original_size': (169, 98), 'target_size': (168, 112), 'patches_h': 4, 'patches_w': 6, 'total_patches': 24, 'image_tokens': 24, 'total_image_tokens': 26, 'patch_size': 28}]","[151644, 8948, 198, 2610, 525, 264, 10950, 17847, 13, 151645, 198, 151644, 872, 198, 151652, 151655, 151653, 26987, 25, 5209, 4226, 279, 3405, 323, 3410, 279, 4396, 2999, 6524, 11, 384, 1302, 2572, 362, 11, 425, 11, 356, 11, 422, 11, 518, 279, 835, 624, 14582, 25, 1634, 6839, 304]","Hint: Please answer the question and provide the correct option letter, e.g., A, B, C, D, at the end.
Question: As shown in the figure, in the diamond ABCD, ∠BAD = 120.0, the length of the diagonal AC is 3.0, then the perimeter of the diamond ABCD is ()
Choices:
(A) 3
(B) 6
(C) 9
(D) 12"
854,MathVista_MINI,108,1,1022,1130,"[{'original_size': (850, 947), 'target_size': (840, 952), 'patches_h': 34, 'patches_w': 30, 'total_patches': 1020, 'image_tokens': 1020, 'total_image_tokens': 1022, 'patch_size': 28}]","[151644, 8948, 198, 2610, 525, 264, 10950, 17847, 13, 151645, 198, 151644, 872, 198, 151652, 151655, 151653, 26987, 25, 5209, 4226, 279, 3405, 323, 3410, 279, 4396, 2999, 6524, 11, 384, 1302, 2572, 362, 11, 425, 11, 356, 11, 422, 11, 518, 279, 835, 624, 14582, 25, 1416, 279, 11814]","Hint: Please answer the question and provide the correct option letter, e.g., A, B, C, D, at the end.
Question: If the pelicans in the community were eradicated, which population feel the most direct effect?
Choices:
(A) Plant
(B) Phyto-plankton
(C) Fish
(D) Lizard"
855,MathVista_MINI,106,1,173,279,"[{'original_size': (536, 250), 'target_size': (532, 252), 'patches_h': 9, 'patches_w': 19, 'total_patches': 171, 'image_tokens': 171, 'total_image_tokens': 173, 'patch_size': 28}]","[151644, 8948, 198, 2610, 525, 264, 10950, 17847, 13, 151645, 198, 151644, 872, 198, 151652, 151655, 151653, 26987, 25, 5209, 4226, 279, 3405, 323, 3410, 279, 4396, 2999, 6524, 11, 384, 1302, 2572, 362, 11, 425, 11, 356, 11, 422, 11, 518, 279, 835, 624, 14582, 25, 7379, 400, 87]","Hint: Please answer the question and provide the correct option letter, e.g., A, B, C, D, at the end.
Question: Find $x$ so that $a ∥ b$.
Choices:
(A) 2.5
(B) 14
(C) 15
(D) 16"
856,MathVista_MINI,91,1,156,247,"[{'original_size': (400, 300), 'target_size': (392, 308), 'patches_h': 11, 'patches_w': 14, 'total_patches': 154, 'image_tokens': 154, 'total_image_tokens': 156, 'patch_size': 28}]","[151644, 8948, 198, 2610, 525, 264, 10950, 17847, 13, 151645, 198, 151644, 872, 198, 151652, 151655, 151653, 26987, 25, 5209, 4226, 279, 3405, 323, 3410, 279, 4396, 2999, 6524, 11, 384, 1302, 2572, 362, 11, 425, 11, 356, 11, 422, 11, 518, 279, 835, 624, 14582, 25, 15920, 6802, 702]","Hint: Please answer the question and provide the correct option letter, e.g., A, B, C, D, at the end.
Question: Which picture has the least leaves?
Choices:
(A) Both
(B) Compound
(C) Simple
(D) Neither"
857,MathVista_MINI,79,1,258,337,"[{'original_size': (448, 448), 'target_size': (448, 448), 'patches_h': 16, 'patches_w': 16, 'total_patches': 256, 'image_tokens': 256, 'total_image_tokens': 258, 'patch_size': 28}]","[151644, 8948, 198, 2610, 525, 264, 10950, 17847, 13, 151645, 198, 151644, 872, 198, 151652, 151655, 151653, 26987, 25, 5209, 4226, 279, 3405, 22703, 458, 7546, 4226, 323, 3410, 279, 1590, 897, 11, 384, 1302, 2572, 220, 16, 11, 220, 17, 11, 220, 18, 11, 518, 279, 835, 624, 14582]","Hint: Please answer the question requiring an integer answer and provide the final value, e.g., 1, 2, 3, at the end.
Question: What is the value of the largest bar?"
858,MathVista_MINI,112,1,1136,1248,"[{'original_size': (1162, 764), 'target_size': (1176, 756), 'patches_h': 27, 'patches_w': 42, 'total_patches': 1134, 'image_tokens': 1134, 'total_image_tokens': 1136, 'patch_size': 28}]","[151644, 8948, 198, 2610, 525, 264, 10950, 17847, 13, 151645, 198, 151644, 872, 198, 151652, 151655, 151653, 26987, 25, 5209, 4226, 279, 3405, 323, 3410, 279, 4396, 2999, 6524, 11, 384, 1302, 2572, 362, 11, 425, 11, 356, 11, 422, 11, 518, 279, 835, 624, 14582, 25, 1913, 279, 8037]","Hint: Please answer the question and provide the correct option letter, e.g., A, B, C, D, at the end.
Question: On the basis of the given food web, which organism will increase in number if there were no seals?
Choices:
(A) Shark
(B) Small Shrimp
(C) Octopus
(D) Mysid Shrimp"
859,MathVista_MINI,87,1,596,683,"[{'original_size': (750, 603), 'target_size': (756, 616), 'patches_h': 22, 'patches_w': 27, 'total_patches': 594, 'image_tokens': 594, 'total_image_tokens': 596, 'patch_size': 28}]","[151644, 8948, 198, 2610, 525, 264, 10950, 17847, 13, 151645, 198, 151644, 872, 198, 151652, 151655, 151653, 26987, 25, 5209, 4226, 279, 3405, 22703, 458, 7546, 4226, 323, 3410, 279, 1590, 897, 11, 384, 1302, 2572, 220, 16, 11, 220, 17, 11, 220, 18, 11, 518, 279, 835, 624, 14582]","Hint: Please answer the question requiring an integer answer and provide the final value, e.g., 1, 2, 3, at the end.
Question: What is the age gap between these two people in image? (Unit: years)"
860,MathVista_MINI,110,1,92,202,"[{'original_size': (291, 246), 'target_size': (280, 252), 'patches_h': 9, 'patches_w': 10, 'total_patches': 90, 'image_tokens': 90, 'total_image_tokens': 92, 'patch_size': 28}]","[151644, 8948, 198, 2610, 525, 264, 10950, 17847, 13, 151645, 198, 151644, 872, 198, 151652, 151655, 151653, 26987, 25, 5209, 4226, 279, 3405, 22703, 458, 7546, 4226, 323, 3410, 279, 1590, 897, 11, 384, 1302, 2572, 220, 16, 11, 220, 17, 11, 220, 18, 11, 518, 279, 835, 624, 14582]","Hint: Please answer the question requiring an integer answer and provide the final value, e.g., 1, 2, 3, at the end.
Question: Miss Foley ran a sit-up competition among her P.E. students and monitored how many sit-ups each students could do. What is the largest number of sit-ups done? (Unit: sit-ups)"
861,MathVista_MINI,82,1,338,420,"[{'original_size': (680, 400), 'target_size': (672, 392), 'patches_h': 14, 'patches_w': 24, 'total_patches': 336, 'image_tokens': 336, 'total_image_tokens': 338, 'patch_size': 28}]","[151644, 8948, 198, 2610, 525, 264, 10950, 17847, 13, 151645, 198, 151644, 872, 198, 151652, 151655, 151653, 26987, 25, 5209, 4226, 279, 3405, 323, 3410, 279, 4396, 2999, 6524, 11, 384, 1302, 2572, 362, 11, 425, 11, 356, 11, 422, 11, 518, 279, 835, 624, 14582, 25, 2160, 66077, 2686]","Hint: Please answer the question and provide the correct option letter, e.g., A, B, C, D, at the end.
Question: Is Crimson less than Gray?
Choices:
(A) yes
(B) no"
862,MathVista_MINI,245,1,968,1213,"[{'original_size': (1302, 600), 'target_size': (1288, 588), 'patches_h': 21, 'patches_w': 46, 'total_patches': 966, 'image_tokens': 966, 'total_image_tokens': 968, 'patch_size': 28}]","[151644, 8948, 198, 2610, 525, 264, 10950, 17847, 13, 151645, 198, 151644, 872, 198, 151652, 151655, 151653, 26987, 25, 5209, 4226, 279, 3405, 22703, 264, 19057, 16574, 1372, 448, 1378, 12122, 7482, 323, 3410, 279, 1590, 897, 11, 384, 1302, 2572, 220, 16, 13, 17, 18, 11, 220, 16, 13]","Hint: Please answer the question requiring a floating-point number with two decimal places and provide the final value, e.g., 1.23, 1.34, 1.45, at the end.
Question: One of the most dramatic videos on the web (but entirely fictitious) supposedly shows a man sliding along a long water slide and then being launched into the air to land in a water pool. Let's attach some reasonable numbers to such a flight to calculate the velocity with which the man would have hit the water. Figure indicates the launch and landing sites and includes a superimposed coordinate system with its origin conveniently located at the launch site. From the video we take the horizontal flight distance as $D=20.0 \mathrm{~m}$, the flight time as $t=2.50 \mathrm{~s}$, and the launch angle as $\theta_0=40.0^{\circ}$. Find the magnitude of the velocity at launch and at landing."
863,MathVista_MINI,87,1,452,539,"[{'original_size': (700, 500), 'target_size': (700, 504), 'patches_h': 18, 'patches_w': 25, 'total_patches': 450, 'image_tokens': 450, 'total_image_tokens': 452, 'patch_size': 28}]","[151644, 8948, 198, 2610, 525, 264, 10950, 17847, 13, 151645, 198, 151644, 872, 198, 151652, 151655, 151653, 26987, 25, 5209, 4226, 279, 3405, 323, 3410, 279, 4396, 2999, 6524, 11, 384, 1302, 2572, 362, 11, 425, 11, 356, 11, 422, 11, 518, 279, 835, 624, 14582, 25, 12553, 49881, 10720]","Hint: Please answer the question and provide the correct option letter, e.g., A, B, C, D, at the end.
Question: Does Rhode Island have the lowest value in the USA ?
Choices:
(A) Yes
(B) No"
864,MathVista_MINI,87,1,1220,1307,"[{'original_size': (2480, 1738), 'target_size': (1176, 812), 'patches_h': 29, 'patches_w': 42, 'total_patches': 1218, 'image_tokens': 1218, 'total_image_tokens': 1220, 'patch_size': 28}]","[151644, 8948, 198, 2610, 525, 264, 10950, 17847, 13, 151645, 198, 151644, 872, 198, 151652, 151655, 151653, 26987, 25, 5209, 4226, 279, 3405, 22703, 458, 7546, 4226, 323, 3410, 279, 1590, 897, 11, 384, 1302, 2572, 220, 16, 11, 220, 17, 11, 220, 18, 11, 518, 279, 835, 624, 14582]","Hint: Please answer the question requiring an integer answer and provide the final value, e.g., 1, 2, 3, at the end.
Question: What is the age gap between these two people in image? (Unit: years)"
865,MathVista_MINI,84,1,254,338,"[{'original_size': (512, 400), 'target_size': (504, 392), 'patches_h': 14, 'patches_w': 18, 'total_patches': 252, 'image_tokens': 252, 'total_image_tokens': 254, 'patch_size': 28}]","[151644, 8948, 198, 2610, 525, 264, 10950, 17847, 13, 151645, 198, 151644, 872, 198, 151652, 151655, 151653, 26987, 25, 5209, 4226, 279, 3405, 323, 3410, 279, 4396, 2999, 6524, 11, 384, 1302, 2572, 362, 11, 425, 11, 356, 11, 422, 11, 518, 279, 835, 624, 14582, 25, 12553, 8007, 26119]","Hint: Please answer the question and provide the correct option letter, e.g., A, B, C, D, at the end.
Question: Does Hot Pink have the lowest value?
Choices:
(A) yes
(B) no"
866,MathVista_MINI,125,1,80,205,"[{'original_size': (359, 169), 'target_size': (364, 168), 'patches_h': 6, 'patches_w': 13, 'total_patches': 78, 'image_tokens': 78, 'total_image_tokens': 80, 'patch_size': 28}]","[151644, 8948, 198, 2610, 525, 264, 10950, 17847, 13, 151645, 198, 151644, 872, 198, 151652, 151655, 151653, 26987, 25, 5209, 4226, 279, 3405, 323, 3410, 279, 4396, 2999, 6524, 11, 384, 1302, 2572, 362, 11, 425, 11, 356, 11, 422, 11, 518, 279, 835, 624, 14582, 25, 1752, 489, 2027]","Hint: Please answer the question and provide the correct option letter, e.g., A, B, C, D, at the end.
Question: For trapezoid $Q R S T, A$ and $B$ are midpoints of the legs. Find $m \angle S$
Choices:
(A) 45
(B) 60
(C) 120
(D) 135"
867,MathVista_MINI,100,1,121,221,"[{'original_size': (465, 187), 'target_size': (476, 196), 'patches_h': 7, 'patches_w': 17, 'total_patches': 119, 'image_tokens': 119, 'total_image_tokens': 121, 'patch_size': 28}]","[151644, 8948, 198, 2610, 525, 264, 10950, 17847, 13, 151645, 198, 151644, 872, 198, 151652, 151655, 151653, 26987, 25, 5209, 4226, 279, 3405, 22703, 458, 7546, 4226, 323, 3410, 279, 1590, 897, 11, 384, 1302, 2572, 220, 16, 11, 220, 17, 11, 220, 18, 11, 518, 279, 835, 624, 14582]","Hint: Please answer the question requiring an integer answer and provide the final value, e.g., 1, 2, 3, at the end.
Question: A food industry researcher compiled the revenues of several pizzerias. How much did Dan's Deep Dish make from pizza sales? (Unit: $)"
868,MathVista_MINI,87,1,101,188,"[{'original_size': (320, 240), 'target_size': (308, 252), 'patches_h': 9, 'patches_w': 11, 'total_patches': 99, 'image_tokens': 99, 'total_image_tokens': 101, 'patch_size': 28}]","[151644, 8948, 198, 2610, 525, 264, 10950, 17847, 13, 151645, 198, 151644, 872, 198, 151652, 151655, 151653, 26987, 25, 5209, 4226, 279, 3405, 22703, 458, 7546, 4226, 323, 3410, 279, 1590, 897, 11, 384, 1302, 2572, 220, 16, 11, 220, 17, 11, 220, 18, 11, 518, 279, 835, 624, 14582]","Hint: Please answer the question requiring an integer answer and provide the final value, e.g., 1, 2, 3, at the end.
Question: Subtract all big green cylinders. Subtract all rubber cylinders. How many objects are left?"
869,MathVista_MINI,88,1,101,189,"[{'original_size': (320, 240), 'target_size': (308, 252), 'patches_h': 9, 'patches_w': 11, 'total_patches': 99, 'image_tokens': 99, 'total_image_tokens': 101, 'patch_size': 28}]","[151644, 8948, 198, 2610, 525, 264, 10950, 17847, 13, 151645, 198, 151644, 872, 198, 151652, 151655, 151653, 26987, 25, 5209, 4226, 279, 3405, 22703, 458, 7546, 4226, 323, 3410, 279, 1590, 897, 11, 384, 1302, 2572, 220, 16, 11, 220, 17, 11, 220, 18, 11, 518, 279, 835, 624, 14582]","Hint: Please answer the question requiring an integer answer and provide the final value, e.g., 1, 2, 3, at the end.
Question: Subtract all large yellow matte cubes. Subtract all metal things. How many objects are left?"
870,MathVista_MINI,99,1,393,492,"[{'original_size': (640, 480), 'target_size': (644, 476), 'patches_h': 17, 'patches_w': 23, 'total_patches': 391, 'image_tokens': 391, 'total_image_tokens': 393, 'patch_size': 28}]","[151644, 8948, 198, 2610, 525, 264, 10950, 17847, 13, 151645, 198, 151644, 872, 198, 151652, 151655, 151653, 26987, 25, 5209, 4226, 279, 3405, 323, 3410, 279, 4396, 2999, 6524, 11, 384, 1302, 2572, 362, 11, 425, 11, 356, 11, 422, 11, 518, 279, 835, 624, 14582, 25, 8713, 1052, 803]","Hint: Please answer the question and provide the correct option letter, e.g., A, B, C, D, at the end.
Question: Are there more tiny motorbikes in front of the small cyan tandem bike than big cyan metal double buss?
Choices:
(A) Yes
(B) No"
871,MathVista_MINI,93,1,114,207,"[{'original_size': (438, 200), 'target_size': (448, 196), 'patches_h': 7, 'patches_w': 16, 'total_patches': 112, 'image_tokens': 112, 'total_image_tokens': 114, 'patch_size': 28}]","[151644, 8948, 198, 2610, 525, 264, 10950, 17847, 13, 151645, 198, 151644, 872, 198, 151652, 151655, 151653, 26987, 25, 5209, 4226, 279, 3405, 22703, 458, 7546, 4226, 323, 3410, 279, 1590, 897, 11, 384, 1302, 2572, 220, 16, 11, 220, 17, 11, 220, 18, 11, 518, 279, 835, 624, 14582]","Hint: Please answer the question requiring an integer answer and provide the final value, e.g., 1, 2, 3, at the end.
Question: Move the ruler to measure the length of the nail to the nearest inch. The nail is about (_) inches long."
872,MathVista_MINI,89,1,956,1045,"[{'original_size': (1472, 496), 'target_size': (1484, 504), 'patches_h': 18, 'patches_w': 53, 'total_patches': 954, 'image_tokens': 954, 'total_image_tokens': 956, 'patch_size': 28}]","[151644, 8948, 198, 2610, 525, 264, 10950, 17847, 13, 151645, 198, 151644, 872, 198, 151652, 151655, 151653, 26987, 25, 5209, 4226, 279, 3405, 323, 3410, 279, 4396, 2999, 6524, 11, 384, 1302, 2572, 362, 11, 425, 11, 356, 11, 422, 11, 518, 279, 835, 624, 14582, 25, 29901, 279, 1790]","Hint: Please answer the question and provide the correct option letter, e.g., A, B, C, D, at the end.
Question: Determine the next shape.
Choices:
(A) A
(B) B
(C) C
(D) D"
873,MathVista_MINI,88,1,258,346,"[{'original_size': (448, 448), 'target_size': (448, 448), 'patches_h': 16, 'patches_w': 16, 'total_patches': 256, 'image_tokens': 256, 'total_image_tokens': 258, 'patch_size': 28}]","[151644, 8948, 198, 2610, 525, 264, 10950, 17847, 13, 151645, 198, 151644, 872, 198, 151652, 151655, 151653, 26987, 25, 5209, 4226, 279, 3405, 22703, 458, 7546, 4226, 323, 3410, 279, 1590, 897, 11, 384, 1302, 2572, 220, 16, 11, 220, 17, 11, 220, 18, 11, 518, 279, 835, 624, 14582]","Hint: Please answer the question requiring an integer answer and provide the final value, e.g., 1, 2, 3, at the end.
Question: How many groups of bars contain at least one bar with value smaller than 40?"
874,MathVista_MINI,83,1,291,374,"[{'original_size': (479, 479), 'target_size': (476, 476), 'patches_h': 17, 'patches_w': 17, 'total_patches': 289, 'image_tokens': 289, 'total_image_tokens': 291, 'patch_size': 28}]","[151644, 8948, 198, 2610, 525, 264, 10950, 17847, 13, 151645, 198, 151644, 872, 198, 151652, 151655, 151653, 26987, 25, 5209, 4226, 279, 3405, 22703, 458, 7546, 4226, 323, 3410, 279, 1590, 897, 11, 384, 1302, 2572, 220, 16, 11, 220, 17, 11, 220, 18, 11, 518, 279, 835, 624, 14582]","Hint: Please answer the question requiring an integer answer and provide the final value, e.g., 1, 2, 3, at the end.
Question: What is the value of y at x=-2.5?"
875,MathVista_MINI,86,1,101,187,"[{'original_size': (320, 240), 'target_size': (308, 252), 'patches_h': 9, 'patches_w': 11, 'total_patches': 99, 'image_tokens': 99, 'total_image_tokens': 101, 'patch_size': 28}]","[151644, 8948, 198, 2610, 525, 264, 10950, 17847, 13, 151645, 198, 151644, 872, 198, 151652, 151655, 151653, 26987, 25, 5209, 4226, 279, 3405, 22703, 458, 7546, 4226, 323, 3410, 279, 1590, 897, 11, 384, 1302, 2572, 220, 16, 11, 220, 17, 11, 220, 18, 11, 518, 279, 835, 624, 14582]","Hint: Please answer the question requiring an integer answer and provide the final value, e.g., 1, 2, 3, at the end.
Question: Subtract all yellow things. Subtract all blue cylinders. How many objects are left?"
876,MathVista_MINI,119,1,102,221,"[{'original_size': (273, 275), 'target_size': (280, 280), 'patches_h': 10, 'patches_w': 10, 'total_patches': 100, 'image_tokens': 100, 'total_image_tokens': 102, 'patch_size': 28}]","[151644, 8948, 198, 2610, 525, 264, 10950, 17847, 13, 151645, 198, 151644, 872, 198, 151652, 151655, 151653, 26987, 25, 5209, 4226, 279, 3405, 323, 3410, 279, 4396, 2999, 6524, 11, 384, 1302, 2572, 362, 11, 425, 11, 356, 11, 422, 11, 518, 279, 835, 624, 14582, 25, 758, 279, 7071]","Hint: Please answer the question and provide the correct option letter, e.g., A, B, C, D, at the end.
Question: In the figure, square $ABDC$ is inscribed in $\odot K$. Find the measure of a central angle.
Choices:
(A) 45
(B) 60
(C) 90
(D) 180"
877,MathVista_MINI,85,1,258,343,"[{'original_size': (448, 448), 'target_size': (448, 448), 'patches_h': 16, 'patches_w': 16, 'total_patches': 256, 'image_tokens': 256, 'total_image_tokens': 258, 'patch_size': 28}]","[151644, 8948, 198, 2610, 525, 264, 10950, 17847, 13, 151645, 198, 151644, 872, 198, 151652, 151655, 151653, 26987, 25, 5209, 4226, 279, 3405, 22703, 458, 7546, 4226, 323, 3410, 279, 1590, 897, 11, 384, 1302, 2572, 220, 16, 11, 220, 17, 11, 220, 18, 11, 518, 279, 835, 624, 14582]","Hint: Please answer the question requiring an integer answer and provide the final value, e.g., 1, 2, 3, at the end.
Question: What is the sum of the accuracies of the algorithms squad and warm?"
878,MathVista_MINI,154,1,11,165,"[{'original_size': (94, 82), 'target_size': (84, 84), 'patches_h': 3, 'patches_w': 3, 'total_patches': 9, 'image_tokens': 9, 'total_image_tokens': 11, 'patch_size': 28}]","[151644, 8948, 198, 2610, 525, 264, 10950, 17847, 13, 151645, 198, 151644, 872, 198, 151652, 151655, 151653, 26987, 25, 5209, 4226, 279, 3405, 323, 3410, 279, 4396, 2999, 6524, 11, 384, 1302, 2572, 362, 11, 425, 11, 356, 11, 422, 11, 518, 279, 835, 624, 14582, 25, 69372, 28029, 96050]","Hint: Please answer the question and provide the correct option letter, e.g., A, B, C, D, at the end.
Question: 如图，在Rt△ABC中，∠ACB＝90°，以Rt△ABC的三边为边向外作正方形，其面积分别为S1，S2，S3，且S1＝5，S3＝16，则S2＝（）
Choices:
(A) 6
(B) 2√{2}
(C) 11
(D) 24"
879,MathVista_MINI,89,1,101,190,"[{'original_size': (320, 240), 'target_size': (308, 252), 'patches_h': 9, 'patches_w': 11, 'total_patches': 99, 'image_tokens': 99, 'total_image_tokens': 101, 'patch_size': 28}]","[151644, 8948, 198, 2610, 525, 264, 10950, 17847, 13, 151645, 198, 151644, 872, 198, 151652, 151655, 151653, 26987, 25, 5209, 4226, 279, 3405, 22703, 458, 7546, 4226, 323, 3410, 279, 1590, 897, 11, 384, 1302, 2572, 220, 16, 11, 220, 17, 11, 220, 18, 11, 518, 279, 835, 624, 14582]","Hint: Please answer the question requiring an integer answer and provide the final value, e.g., 1, 2, 3, at the end.
Question: Subtract all large gray rubber things. Subtract all small blue spheres. How many objects are left?"
880,MathVista_MINI,97,1,632,729,"[{'original_size': (850, 600), 'target_size': (840, 588), 'patches_h': 21, 'patches_w': 30, 'total_patches': 630, 'image_tokens': 630, 'total_image_tokens': 632, 'patch_size': 28}]","[151644, 8948, 198, 2610, 525, 264, 10950, 17847, 13, 151645, 198, 151644, 872, 198, 151652, 151655, 151653, 26987, 25, 5209, 4226, 279, 3405, 22703, 264, 19057, 16574, 1372, 448, 1378, 12122, 7482, 323, 3410, 279, 1590, 897, 11, 384, 1302, 2572, 220, 16, 13, 17, 18, 11, 220, 16, 13]","Hint: Please answer the question requiring a floating-point number with two decimal places and provide the final value, e.g., 1.23, 1.34, 1.45, at the end.
Question: What's the total add up value of largest and smallest bar?"
881,MathVista_MINI,105,1,275,380,"[{'original_size': (600, 375), 'target_size': (588, 364), 'patches_h': 13, 'patches_w': 21, 'total_patches': 273, 'image_tokens': 273, 'total_image_tokens': 275, 'patch_size': 28}]","[151644, 8948, 198, 2610, 525, 264, 10950, 17847, 13, 151645, 198, 151644, 872, 198, 151652, 151655, 151653, 26987, 25, 5209, 4226, 279, 3405, 323, 3410, 279, 4396, 2999, 6524, 11, 384, 1302, 2572, 362, 11, 425, 11, 356, 11, 422, 11, 518, 279, 835, 624, 14582, 25, 1416, 279, 7042]","Hint: Please answer the question and provide the correct option letter, e.g., A, B, C, D, at the end.
Question: If the population of grasshopper decreases, the population of mouse will most likely do what?
Choices:
(A) decrease
(B) remain the same
(C) increase
(D) NA"
882,MathVista_MINI,83,1,338,421,"[{'original_size': (677, 400), 'target_size': (672, 392), 'patches_h': 14, 'patches_w': 24, 'total_patches': 336, 'image_tokens': 336, 'total_image_tokens': 338, 'patch_size': 28}]","[151644, 8948, 198, 2610, 525, 264, 10950, 17847, 13, 151645, 198, 151644, 872, 198, 151652, 151655, 151653, 26987, 25, 5209, 4226, 279, 3405, 323, 3410, 279, 4396, 2999, 6524, 11, 384, 1302, 2572, 362, 11, 425, 11, 356, 11, 422, 11, 518, 279, 835, 624, 14582, 25, 2160, 68392, 7840]","Hint: Please answer the question and provide the correct option letter, e.g., A, B, C, D, at the end.
Question: Is Lawn Green the low median?
Choices:
(A) yes
(B) no"
883,MathVista_MINI,75,1,219,294,"[{'original_size': (868, 207), 'target_size': (868, 196), 'patches_h': 7, 'patches_w': 31, 'total_patches': 217, 'image_tokens': 217, 'total_image_tokens': 219, 'patch_size': 28}]","[151644, 8948, 198, 2610, 525, 264, 10950, 17847, 13, 151645, 198, 151644, 872, 198, 151652, 151655, 151653, 26987, 25, 5209, 4226, 279, 3405, 22703, 458, 7546, 4226, 323, 3410, 279, 1590, 897, 11, 384, 1302, 2572, 220, 16, 11, 220, 17, 11, 220, 18, 11, 518, 279, 835, 624, 14582]","Hint: Please answer the question requiring an integer answer and provide the final value, e.g., 1, 2, 3, at the end.
Question: Which number is missing?"
884,MathVista_MINI,99,1,393,492,"[{'original_size': (640, 480), 'target_size': (644, 476), 'patches_h': 17, 'patches_w': 23, 'total_patches': 391, 'image_tokens': 391, 'total_image_tokens': 393, 'patch_size': 28}]","[151644, 8948, 198, 2610, 525, 264, 10950, 17847, 13, 151645, 198, 151644, 872, 198, 151652, 151655, 151653, 26987, 25, 5209, 4226, 279, 3405, 323, 3410, 279, 4396, 2999, 6524, 11, 384, 1302, 2572, 362, 11, 425, 11, 356, 11, 422, 11, 518, 279, 835, 624, 14582, 25, 3555, 374, 279]","Hint: Please answer the question and provide the correct option letter, e.g., A, B, C, D, at the end.
Question: What is the blue kite in the lower right corner shaped like?
Choices:
(A) ferret
(B) cat
(C) cloud
(D) octopus"
885,MathVista_MINI,105,1,42,147,"[{'original_size': (225, 136), 'target_size': (224, 140), 'patches_h': 5, 'patches_w': 8, 'total_patches': 40, 'image_tokens': 40, 'total_image_tokens': 42, 'patch_size': 28}]","[151644, 8948, 198, 2610, 525, 264, 10950, 17847, 13, 151645, 198, 151644, 872, 198, 151652, 151655, 151653, 26987, 25, 5209, 4226, 279, 3405, 22703, 458, 7546, 4226, 323, 3410, 279, 1590, 897, 11, 384, 1302, 2572, 220, 16, 11, 220, 17, 11, 220, 18, 11, 518, 279, 835, 624, 14582]","Hint: Please answer the question requiring an integer answer and provide the final value, e.g., 1, 2, 3, at the end.
Question: Grayson counted the number of pieces of pepperoni on each pizza he made. What is the smallest number of pieces of pepperoni? (Unit: pieces of pepperoni)"
886,MathVista_MINI,92,1,66,158,"[{'original_size': (235, 218), 'target_size': (224, 224), 'patches_h': 8, 'patches_w': 8, 'total_patches': 64, 'image_tokens': 64, 'total_image_tokens': 66, 'patch_size': 28}]","[151644, 8948, 198, 2610, 525, 264, 10950, 17847, 13, 151645, 198, 151644, 872, 198, 151652, 151655, 151653, 26987, 25, 5209, 4226, 279, 3405, 22703, 458, 7546, 4226, 323, 3410, 279, 1590, 897, 11, 384, 1302, 2572, 220, 16, 11, 220, 17, 11, 220, 18, 11, 518, 279, 835, 624, 14582]","Hint: Please answer the question requiring an integer answer and provide the final value, e.g., 1, 2, 3, at the end.
Question: A newspaper researched how many grocery stores there are in each town. What is the median of the numbers?'"
887,MathVista_MINI,142,1,18,160,"[{'original_size': (119, 106), 'target_size': (112, 112), 'patches_h': 4, 'patches_w': 4, 'total_patches': 16, 'image_tokens': 16, 'total_image_tokens': 18, 'patch_size': 28}]","[151644, 8948, 198, 2610, 525, 264, 10950, 17847, 13, 151645, 198, 151644, 872, 198, 151652, 151655, 151653, 26987, 25, 5209, 4226, 279, 3405, 323, 3410, 279, 4396, 2999, 6524, 11, 384, 1302, 2572, 362, 11, 425, 11, 356, 11, 422, 11, 518, 279, 835, 624, 14582, 25, 1634, 6839, 304]","Hint: Please answer the question and provide the correct option letter, e.g., A, B, C, D, at the end.
Question: As shown in the figure, △ABC is the inscribed triangle of ⊙O. If ∠ABC = 70.0, then the degree of ∠AOC is equal to ()
Choices:
(A) 140°
(B) 130°
(C) 120°
(D) 110°"
888,MathVista_MINI,89,1,101,190,"[{'original_size': (320, 240), 'target_size': (308, 252), 'patches_h': 9, 'patches_w': 11, 'total_patches': 99, 'image_tokens': 99, 'total_image_tokens': 101, 'patch_size': 28}]","[151644, 8948, 198, 2610, 525, 264, 10950, 17847, 13, 151645, 198, 151644, 872, 198, 151652, 151655, 151653, 26987, 25, 5209, 4226, 279, 3405, 22703, 458, 7546, 4226, 323, 3410, 279, 1590, 897, 11, 384, 1302, 2572, 220, 16, 11, 220, 17, 11, 220, 18, 11, 518, 279, 835, 624, 14582]","Hint: Please answer the question requiring an integer answer and provide the final value, e.g., 1, 2, 3, at the end.
Question: Subtract all small green shiny balls. Subtract all small metallic things. How many objects are left?"
889,MathVista_MINI,81,1,240,321,"[{'original_size': (472, 400), 'target_size': (476, 392), 'patches_h': 14, 'patches_w': 17, 'total_patches': 238, 'image_tokens': 238, 'total_image_tokens': 240, 'patch_size': 28}]","[151644, 8948, 198, 2610, 525, 264, 10950, 17847, 13, 151645, 198, 151644, 872, 198, 151652, 151655, 151653, 26987, 25, 5209, 4226, 279, 3405, 323, 3410, 279, 4396, 2999, 6524, 11, 384, 1302, 2572, 362, 11, 425, 11, 356, 11, 422, 11, 518, 279, 835, 624, 14582, 25, 2160, 40389, 279]","Hint: Please answer the question and provide the correct option letter, e.g., A, B, C, D, at the end.
Question: Is Purple the minimum?
Choices:
(A) yes
(B) no"
890,MathVista_MINI,98,1,1224,1322,"[{'original_size': (1500, 844), 'target_size': (1316, 728), 'patches_h': 26, 'patches_w': 47, 'total_patches': 1222, 'image_tokens': 1222, 'total_image_tokens': 1224, 'patch_size': 28}]","[151644, 8948, 198, 2610, 525, 264, 10950, 17847, 13, 151645, 198, 151644, 872, 198, 151652, 151655, 151653, 26987, 25, 5209, 4226, 279, 3405, 323, 3410, 279, 4396, 2999, 6524, 11, 384, 1302, 2572, 362, 11, 425, 11, 356, 11, 422, 11, 518, 279, 835, 624, 14582, 25, 15920, 374, 8131]","Hint: Please answer the question and provide the correct option letter, e.g., A, B, C, D, at the end.
Question: Which is larger the moon or the sun?
Choices:
(A) Sun
(B) It varies
(C) They are equal in size
(D) Moon"
891,MathVista_MINI,85,1,258,343,"[{'original_size': (448, 448), 'target_size': (448, 448), 'patches_h': 16, 'patches_w': 16, 'total_patches': 256, 'image_tokens': 256, 'total_image_tokens': 258, 'patch_size': 28}]","[151644, 8948, 198, 2610, 525, 264, 10950, 17847, 13, 151645, 198, 151644, 872, 198, 151652, 151655, 151653, 26987, 25, 5209, 4226, 279, 3405, 22703, 458, 7546, 4226, 323, 3410, 279, 1590, 897, 11, 384, 1302, 2572, 220, 16, 11, 220, 17, 11, 220, 18, 11, 518, 279, 835, 624, 14582]","Hint: Please answer the question requiring an integer answer and provide the final value, e.g., 1, 2, 3, at the end.
Question: How many algorithms have accuracy lower than 8 in at least one dataset?"
892,MathVista_MINI,86,1,452,538,"[{'original_size': (700, 500), 'target_size': (700, 504), 'patches_h': 18, 'patches_w': 25, 'total_patches': 450, 'image_tokens': 450, 'total_image_tokens': 452, 'patch_size': 28}]","[151644, 8948, 198, 2610, 525, 264, 10950, 17847, 13, 151645, 198, 151644, 872, 198, 151652, 151655, 151653, 26987, 25, 5209, 4226, 279, 3405, 323, 3410, 279, 4396, 2999, 6524, 11, 384, 1302, 2572, 362, 11, 425, 11, 356, 11, 422, 11, 518, 279, 835, 624, 14582, 25, 12553, 1532, 15849]","Hint: Please answer the question and provide the correct option letter, e.g., A, B, C, D, at the end.
Question: Does New Jersey have a higher value than Georgia ?
Choices:
(A) Yes
(B) No"
893,MathVista_MINI,84,1,146,230,"[{'original_size': (327, 331), 'target_size': (336, 336), 'patches_h': 12, 'patches_w': 12, 'total_patches': 144, 'image_tokens': 144, 'total_image_tokens': 146, 'patch_size': 28}]","[151644, 8948, 198, 2610, 525, 264, 10950, 17847, 13, 151645, 198, 151644, 872, 198, 151652, 151655, 151653, 26987, 25, 5209, 4226, 279, 3405, 22703, 458, 7546, 4226, 323, 3410, 279, 1590, 897, 11, 384, 1302, 2572, 220, 16, 11, 220, 17, 11, 220, 18, 11, 518, 279, 835, 624, 14582]","Hint: Please answer the question requiring an integer answer and provide the final value, e.g., 1, 2, 3, at the end.
Question: What is the limit of the blue function as x approaches negative infinity?"
894,MathVista_MINI,85,1,258,343,"[{'original_size': (448, 448), 'target_size': (448, 448), 'patches_h': 16, 'patches_w': 16, 'total_patches': 256, 'image_tokens': 256, 'total_image_tokens': 258, 'patch_size': 28}]","[151644, 8948, 198, 2610, 525, 264, 10950, 17847, 13, 151645, 198, 151644, 872, 198, 151652, 151655, 151653, 26987, 25, 5209, 4226, 279, 3405, 22703, 458, 7546, 4226, 323, 3410, 279, 1590, 897, 11, 384, 1302, 2572, 220, 16, 11, 220, 17, 11, 220, 18, 11, 518, 279, 835, 624, 14582]","Hint: Please answer the question requiring an integer answer and provide the final value, e.g., 1, 2, 3, at the end.
Question: What is the sum of the accuracies of the algorithms fat and acre?"
895,MathVista_MINI,127,1,1241,1368,"[{'original_size': (1882, 682), 'target_size': (1652, 588), 'patches_h': 21, 'patches_w': 59, 'total_patches': 1239, 'image_tokens': 1239, 'total_image_tokens': 1241, 'patch_size': 28}]","[151644, 8948, 198, 2610, 525, 264, 10950, 17847, 13, 151645, 198, 151644, 872, 198, 151652, 151655, 151653, 26987, 25, 5209, 4226, 279, 3405, 323, 3410, 279, 4396, 2999, 6524, 11, 384, 1302, 2572, 362, 11, 425, 11, 356, 11, 422, 11, 518, 279, 835, 624, 14582, 25, 15920, 1614, 702]","Hint: Please answer the question and provide the correct option letter, e.g., A, B, C, D, at the end.
Question: Which model has the lowest Audio-Audio Similarity and Text-Audio Similarity scores overall?
Choices:
(A) MusicLDM (mix-up)
(B) MusicLDM (original)
(C) MusicLDM (BLM)
(D) MusicLDM (BAM)
(E) MuBERT"
896,MathVista_MINI,108,1,461,569,"[{'original_size': (758, 464), 'target_size': (756, 476), 'patches_h': 17, 'patches_w': 27, 'total_patches': 459, 'image_tokens': 459, 'total_image_tokens': 461, 'patch_size': 28}]","[151644, 8948, 198, 2610, 525, 264, 10950, 17847, 13, 151645, 198, 151644, 872, 198, 151652, 151655, 151653, 26987, 25, 5209, 4226, 279, 3405, 323, 3410, 279, 4396, 2999, 6524, 11, 384, 1302, 2572, 362, 11, 425, 11, 356, 11, 422, 11, 518, 279, 835, 624, 14582, 25, 78804, 11, 1128]","Hint: Please answer the question and provide the correct option letter, e.g., A, B, C, D, at the end.
Question: Approximately, what percentage of jewelry sales in January were Rings?
Choices:
(A) Around 21%
(B) Around 27%
(C) Around 31%
(D) Around 37%"
897,MathVista_MINI,109,1,106,215,"[{'original_size': (352, 223), 'target_size': (364, 224), 'patches_h': 8, 'patches_w': 13, 'total_patches': 104, 'image_tokens': 104, 'total_image_tokens': 106, 'patch_size': 28}]","[151644, 8948, 198, 2610, 525, 264, 10950, 17847, 13, 151645, 198, 151644, 872, 198, 151652, 151655, 151653, 26987, 25, 5209, 4226, 279, 3405, 323, 3410, 279, 4396, 2999, 6524, 11, 384, 1302, 2572, 362, 11, 425, 11, 356, 11, 422, 11, 518, 279, 835, 624, 14582, 25, 5443, 264, 29952]","Hint: Please answer the question and provide the correct option letter, e.g., A, B, C, D, at the end.
Question: Use a calculator to find the measure of $∠J$ to the nearest degree.
Choices:
(A) 33
(B) 40
(C) 50
(D) 57"
898,MathVista_MINI,138,1,18,156,"[{'original_size': (112, 109), 'target_size': (112, 112), 'patches_h': 4, 'patches_w': 4, 'total_patches': 16, 'image_tokens': 16, 'total_image_tokens': 18, 'patch_size': 28}]","[151644, 8948, 198, 2610, 525, 264, 10950, 17847, 13, 151645, 198, 151644, 872, 198, 151652, 151655, 151653, 26987, 25, 5209, 4226, 279, 3405, 323, 3410, 279, 4396, 2999, 6524, 11, 384, 1302, 2572, 362, 11, 425, 11, 356, 11, 422, 11, 518, 279, 835, 624, 14582, 25, 1634, 6839, 304]","Hint: Please answer the question and provide the correct option letter, e.g., A, B, C, D, at the end.
Question: As shown in the figure, A, B, and C are the three points on ⊙O, if ∠C = 35.0, then the degree of ∠OAB is ()
Choices:
(A) 35°
(B) 55°
(C) 65°
(D) 70°"
899,MathVista_MINI,75,1,100,175,"[{'original_size': (406, 185), 'target_size': (392, 196), 'patches_h': 7, 'patches_w': 14, 'total_patches': 98, 'image_tokens': 98, 'total_image_tokens': 100, 'patch_size': 28}]","[151644, 8948, 198, 2610, 525, 264, 10950, 17847, 13, 151645, 198, 151644, 872, 198, 151652, 151655, 151653, 26987, 25, 5209, 4226, 279, 3405, 22703, 458, 7546, 4226, 323, 3410, 279, 1590, 897, 11, 384, 1302, 2572, 220, 16, 11, 220, 17, 11, 220, 18, 11, 518, 279, 835, 624, 14582]","Hint: Please answer the question requiring an integer answer and provide the final value, e.g., 1, 2, 3, at the end.
Question: Which number comes next?"
900,MathVista_MINI,90,1,393,483,"[{'original_size': (640, 480), 'target_size': (644, 476), 'patches_h': 17, 'patches_w': 23, 'total_patches': 391, 'image_tokens': 391, 'total_image_tokens': 393, 'patch_size': 28}]","[151644, 8948, 198, 2610, 525, 264, 10950, 17847, 13, 151645, 198, 151644, 872, 198, 151652, 151655, 151653, 26987, 25, 5209, 4226, 279, 3405, 323, 3410, 279, 4396, 2999, 6524, 11, 384, 1302, 2572, 362, 11, 425, 11, 356, 11, 422, 11, 518, 279, 835, 624, 14582, 25, 2160, 279, 1372]","Hint: Please answer the question and provide the correct option letter, e.g., A, B, C, D, at the end.
Question: Is the number of rubber cars less than the number of brown jets?
Choices:
(A) Yes
(B) No"
901,MathVista_MINI,88,1,101,189,"[{'original_size': (320, 240), 'target_size': (308, 252), 'patches_h': 9, 'patches_w': 11, 'total_patches': 99, 'image_tokens': 99, 'total_image_tokens': 101, 'patch_size': 28}]","[151644, 8948, 198, 2610, 525, 264, 10950, 17847, 13, 151645, 198, 151644, 872, 198, 151652, 151655, 151653, 26987, 25, 5209, 4226, 279, 3405, 22703, 458, 7546, 4226, 323, 3410, 279, 1590, 897, 11, 384, 1302, 2572, 220, 16, 11, 220, 17, 11, 220, 18, 11, 518, 279, 835, 624, 14582]","Hint: Please answer the question requiring an integer answer and provide the final value, e.g., 1, 2, 3, at the end.
Question: Subtract all shiny spheres. Subtract all big red matte spheres. How many objects are left?"
902,MathVista_MINI,107,1,1226,1333,"[{'original_size': (1500, 1429), 'target_size': (1008, 952), 'patches_h': 34, 'patches_w': 36, 'total_patches': 1224, 'image_tokens': 1224, 'total_image_tokens': 1226, 'patch_size': 28}]","[151644, 8948, 198, 2610, 525, 264, 10950, 17847, 13, 151645, 198, 151644, 872, 198, 151652, 151655, 151653, 26987, 25, 5209, 4226, 279, 3405, 323, 3410, 279, 4396, 2999, 6524, 11, 384, 1302, 2572, 362, 11, 425, 11, 356, 11, 422, 11, 518, 279, 835, 624, 14582, 25, 1416, 279, 15933]","Hint: Please answer the question and provide the correct option letter, e.g., A, B, C, D, at the end.
Question: If the leaf base has an angle greater than 90 degrees, what is it called?
Choices:
(A) obtuse
(B) decurrent
(C) cuneate
(D) acute"
903,MathVista_MINI,123,1,18,141,"[{'original_size': (110, 112), 'target_size': (112, 112), 'patches_h': 4, 'patches_w': 4, 'total_patches': 16, 'image_tokens': 16, 'total_image_tokens': 18, 'patch_size': 28}]","[151644, 8948, 198, 2610, 525, 264, 10950, 17847, 13, 151645, 198, 151644, 872, 198, 151652, 151655, 151653, 26987, 25, 5209, 4226, 279, 3405, 323, 3410, 279, 4396, 2999, 6524, 11, 384, 1302, 2572, 362, 11, 425, 11, 356, 11, 422, 11, 518, 279, 835, 624, 14582, 25, 1634, 6839, 304]","Hint: Please answer the question and provide the correct option letter, e.g., A, B, C, D, at the end.
Question: As shown in the figure, if ∠ABC = 30.0, then the degree of ∠AOC is ()
Choices:
(A) 30°
(B) 45°
(C) 60°
(D) 70°"
904,MathVista_MINI,100,1,163,263,"[{'original_size': (633, 204), 'target_size': (644, 196), 'patches_h': 7, 'patches_w': 23, 'total_patches': 161, 'image_tokens': 161, 'total_image_tokens': 163, 'patch_size': 28}]","[151644, 8948, 198, 2610, 525, 264, 10950, 17847, 13, 151645, 198, 151644, 872, 198, 151652, 151655, 151653, 26987, 25, 5209, 4226, 279, 3405, 22703, 458, 7546, 4226, 323, 3410, 279, 1590, 897, 11, 384, 1302, 2572, 220, 16, 11, 220, 17, 11, 220, 18, 11, 518, 279, 835, 624, 14582]","Hint: Please answer the question requiring an integer answer and provide the final value, e.g., 1, 2, 3, at the end.
Question: Fill in the blank to describe the model. The model has 9 dots divided into 3 equal groups. There are (_) dots in each group."
905,MathVista_MINI,106,1,393,499,"[{'original_size': (640, 480), 'target_size': (644, 476), 'patches_h': 17, 'patches_w': 23, 'total_patches': 391, 'image_tokens': 391, 'total_image_tokens': 393, 'patch_size': 28}]","[151644, 8948, 198, 2610, 525, 264, 10950, 17847, 13, 151645, 198, 151644, 872, 198, 151652, 151655, 151653, 26987, 25, 5209, 4226, 279, 3405, 323, 3410, 279, 4396, 2999, 6524, 11, 384, 1302, 2572, 362, 11, 425, 11, 356, 11, 422, 11, 518, 279, 835, 624, 14582, 25, 2160, 279, 1372]","Hint: Please answer the question and provide the correct option letter, e.g., A, B, C, D, at the end.
Question: Is the number of large red cars behind the metal car less than the number of blue matte tandem bikes that are behind the big blue rubber utility bike?
Choices:
(A) Yes
(B) No"
906,MathVista_MINI,90,1,632,722,"[{'original_size': (850, 600), 'target_size': (840, 588), 'patches_h': 21, 'patches_w': 30, 'total_patches': 630, 'image_tokens': 630, 'total_image_tokens': 632, 'patch_size': 28}]","[151644, 8948, 198, 2610, 525, 264, 10950, 17847, 13, 151645, 198, 151644, 872, 198, 151652, 151655, 151653, 26987, 25, 5209, 4226, 279, 3405, 323, 3410, 279, 4396, 2999, 6524, 11, 384, 1302, 2572, 362, 11, 425, 11, 356, 11, 422, 11, 518, 279, 835, 624, 14582, 25, 2160, 279, 2629]","Hint: Please answer the question and provide the correct option letter, e.g., A, B, C, D, at the end.
Question: Is the sum of smallest two value is greater then then largest value?
Choices:
(A) Yes
(B) No"
907,MathVista_MINI,84,1,632,716,"[{'original_size': (850, 600), 'target_size': (840, 588), 'patches_h': 21, 'patches_w': 30, 'total_patches': 630, 'image_tokens': 630, 'total_image_tokens': 632, 'patch_size': 28}]","[151644, 8948, 198, 2610, 525, 264, 10950, 17847, 13, 151645, 198, 151644, 872, 198, 151652, 151655, 151653, 26987, 25, 5209, 4226, 279, 3405, 22703, 458, 7546, 4226, 323, 3410, 279, 1590, 897, 11, 384, 1302, 2572, 220, 16, 11, 220, 17, 11, 220, 18, 11, 518, 279, 835, 624, 14582]","Hint: Please answer the question requiring an integer answer and provide the final value, e.g., 1, 2, 3, at the end.
Question: When the military expenditure value was lower than 0.2%?"
908,MathVista_MINI,106,1,200,306,"[{'original_size': (312, 497), 'target_size': (308, 504), 'patches_h': 18, 'patches_w': 11, 'total_patches': 198, 'image_tokens': 198, 'total_image_tokens': 200, 'patch_size': 28}]","[151644, 8948, 198, 2610, 525, 264, 10950, 17847, 13, 151645, 198, 151644, 872, 198, 151652, 151655, 151653, 26987, 25, 5209, 4226, 279, 3405, 323, 3410, 279, 4396, 2999, 6524, 11, 384, 1302, 2572, 362, 11, 425, 11, 356, 11, 422, 11, 518, 279, 835, 624, 14582, 25, 892, 46020, 1035]","Hint: Please answer the question and provide the correct option letter, e.g., A, B, C, D, at the end.
Question: which organism would most likely have a decrease in its population if decrease the population of ant base of above diagram?
Choices:
(A) plant
(B) human
(C) lizard
(D) snake"
909,MathVista_MINI,145,1,22,167,"[{'original_size': (132, 118), 'target_size': (140, 112), 'patches_h': 4, 'patches_w': 5, 'total_patches': 20, 'image_tokens': 20, 'total_image_tokens': 22, 'patch_size': 28}]","[151644, 8948, 198, 2610, 525, 264, 10950, 17847, 13, 151645, 198, 151644, 872, 198, 151652, 151655, 151653, 26987, 25, 5209, 4226, 279, 3405, 323, 3410, 279, 4396, 2999, 6524, 11, 384, 1302, 2572, 362, 11, 425, 11, 356, 11, 422, 11, 518, 279, 835, 624, 14582, 25, 1634, 6839, 304]","Hint: Please answer the question and provide the correct option letter, e.g., A, B, C, D, at the end.
Question: As shown in the figure, in △ABC, DE ∥ BC, if AD = 1.0, DB = 2.0, then the value of \frac ADAB is ()
Choices:
(A) \frac{2}{3}
(B) \frac{1}{4}
(C) \frac{1}{3}
(D) \frac{1}{2}"
910,MathVista_MINI,88,1,101,189,"[{'original_size': (320, 240), 'target_size': (308, 252), 'patches_h': 9, 'patches_w': 11, 'total_patches': 99, 'image_tokens': 99, 'total_image_tokens': 101, 'patch_size': 28}]","[151644, 8948, 198, 2610, 525, 264, 10950, 17847, 13, 151645, 198, 151644, 872, 198, 151652, 151655, 151653, 26987, 25, 5209, 4226, 279, 3405, 22703, 458, 7546, 4226, 323, 3410, 279, 1590, 897, 11, 384, 1302, 2572, 220, 16, 11, 220, 17, 11, 220, 18, 11, 518, 279, 835, 624, 14582]","Hint: Please answer the question requiring an integer answer and provide the final value, e.g., 1, 2, 3, at the end.
Question: Subtract all blue metal balls. Subtract all large matte things. How many objects are left?"
911,MathVista_MINI,85,1,352,437,"[{'original_size': (700, 400), 'target_size': (700, 392), 'patches_h': 14, 'patches_w': 25, 'total_patches': 350, 'image_tokens': 350, 'total_image_tokens': 352, 'patch_size': 28}]","[151644, 8948, 198, 2610, 525, 264, 10950, 17847, 13, 151645, 198, 151644, 872, 198, 151652, 151655, 151653, 26987, 25, 5209, 4226, 279, 3405, 323, 3410, 279, 4396, 2999, 6524, 11, 384, 1302, 2572, 362, 11, 425, 11, 356, 11, 422, 11, 518, 279, 835, 624, 14582, 25, 2160, 279, 9155]","Hint: Please answer the question and provide the correct option letter, e.g., A, B, C, D, at the end.
Question: Is the smaller picture below the larger picture?
Choices:
(A) Yes
(B) No"
912,MathVista_MINI,86,1,332,418,"[{'original_size': (629, 413), 'target_size': (616, 420), 'patches_h': 15, 'patches_w': 22, 'total_patches': 330, 'image_tokens': 330, 'total_image_tokens': 332, 'patch_size': 28}]","[151644, 8948, 198, 2610, 525, 264, 10950, 17847, 13, 151645, 198, 151644, 872, 198, 151652, 151655, 151653, 26987, 25, 5209, 4226, 279, 3405, 22703, 458, 7546, 4226, 323, 3410, 279, 1590, 897, 11, 384, 1302, 2572, 220, 16, 11, 220, 17, 11, 220, 18, 11, 518, 279, 835, 624, 14582]","Hint: Please answer the question requiring an integer answer and provide the final value, e.g., 1, 2, 3, at the end.
Question: How many people in the image were born after the end of World War II?"
913,MathVista_MINI,87,1,380,467,"[{'original_size': (763, 400), 'target_size': (756, 392), 'patches_h': 14, 'patches_w': 27, 'total_patches': 378, 'image_tokens': 378, 'total_image_tokens': 380, 'patch_size': 28}]","[151644, 8948, 198, 2610, 525, 264, 10950, 17847, 13, 151645, 198, 151644, 872, 198, 151652, 151655, 151653, 26987, 25, 5209, 4226, 279, 3405, 323, 3410, 279, 4396, 2999, 6524, 11, 384, 1302, 2572, 362, 11, 425, 11, 356, 11, 422, 11, 518, 279, 835, 624, 14582, 25, 12553, 12258, 92143]","Hint: Please answer the question and provide the correct option letter, e.g., A, B, C, D, at the end.
Question: Does Dark Cyan have the maximum area under the curve?
Choices:
(A) yes
(B) no"
914,MathVista_MINI,89,1,101,190,"[{'original_size': (320, 240), 'target_size': (308, 252), 'patches_h': 9, 'patches_w': 11, 'total_patches': 99, 'image_tokens': 99, 'total_image_tokens': 101, 'patch_size': 28}]","[151644, 8948, 198, 2610, 525, 264, 10950, 17847, 13, 151645, 198, 151644, 872, 198, 151652, 151655, 151653, 26987, 25, 5209, 4226, 279, 3405, 22703, 458, 7546, 4226, 323, 3410, 279, 1590, 897, 11, 384, 1302, 2572, 220, 16, 11, 220, 17, 11, 220, 18, 11, 518, 279, 835, 624, 14582]","Hint: Please answer the question requiring an integer answer and provide the final value, e.g., 1, 2, 3, at the end.
Question: Subtract all tiny purple shiny cubes. Subtract all large purple balls. How many objects are left?"
915,MathVista_MINI,107,1,496,603,"[{'original_size': (528, 740), 'target_size': (532, 728), 'patches_h': 26, 'patches_w': 19, 'total_patches': 494, 'image_tokens': 494, 'total_image_tokens': 496, 'patch_size': 28}]","[151644, 8948, 198, 2610, 525, 264, 10950, 17847, 13, 151645, 198, 151644, 872, 198, 151652, 151655, 151653, 26987, 25, 5209, 4226, 279, 3405, 323, 3410, 279, 4396, 2999, 6524, 11, 384, 1302, 2572, 362, 11, 425, 11, 356, 11, 422, 11, 518, 279, 835, 624, 14582, 25, 3555, 1035, 3537]","Hint: Please answer the question and provide the correct option letter, e.g., A, B, C, D, at the end.
Question: What would happen to the Lion population if the Gum Tree population decreased?
Choices:
(A) Unable to determine.
(B) Nothing would happen.
(C) It would also decrease.
(D) It would increase."
916,MathVista_MINI,193,1,22,215,"[{'original_size': (112, 145), 'target_size': (112, 140), 'patches_h': 5, 'patches_w': 4, 'total_patches': 20, 'image_tokens': 20, 'total_image_tokens': 22, 'patch_size': 28}]","[151644, 8948, 198, 2610, 525, 264, 10950, 17847, 13, 151645, 198, 151644, 872, 198, 151652, 151655, 151653, 26987, 25, 5209, 4226, 279, 3405, 323, 3410, 279, 4396, 2999, 6524, 11, 384, 1302, 2572, 362, 11, 425, 11, 356, 11, 422, 11, 518, 279, 835, 624, 14582, 25, 1634, 6839, 304]","Hint: Please answer the question and provide the correct option letter, e.g., A, B, C, D, at the end.
Question: As shown in the figure, in Rt△ABC, ∠C = 90.0, ∠A = 30.0, BC = 2.0, the radius of ⊙C is 1.0, point P is the point on the hypotenuse AB, passing point P is a tangent PQ of ⊙C (Point Q is the tangent point), then the minimum value of the line segment PQ is ()
Choices:
(A) 2
(B) √{3}
(C) √{2}
(D) 2-\frac{√{3}}{3}"
917,MathVista_MINI,98,1,784,882,"[{'original_size': (939, 650), 'target_size': (952, 644), 'patches_h': 23, 'patches_w': 34, 'total_patches': 782, 'image_tokens': 782, 'total_image_tokens': 784, 'patch_size': 28}]","[151644, 8948, 198, 2610, 525, 264, 10950, 17847, 13, 151645, 198, 151644, 872, 198, 151652, 151655, 151653, 26987, 25, 5209, 4226, 279, 3405, 22703, 458, 7546, 4226, 323, 3410, 279, 1590, 897, 11, 384, 1302, 2572, 220, 16, 11, 220, 17, 11, 220, 18, 11, 518, 279, 835, 624, 14582]","Hint: Please answer the question requiring an integer answer and provide the final value, e.g., 1, 2, 3, at the end.
Question: What is the ratio of the number of procedures to register a business in 2004 to that in 2007?"
918,MathVista_MINI,75,1,344,419,"[{'original_size': (538, 492), 'target_size': (532, 504), 'patches_h': 18, 'patches_w': 19, 'total_patches': 342, 'image_tokens': 342, 'total_image_tokens': 344, 'patch_size': 28}]","[151644, 8948, 198, 2610, 525, 264, 10950, 17847, 13, 151645, 198, 151644, 872, 198, 151652, 151655, 151653, 26987, 25, 5209, 4226, 279, 3405, 22703, 458, 7546, 4226, 323, 3410, 279, 1590, 897, 11, 384, 1302, 2572, 220, 16, 11, 220, 17, 11, 220, 18, 11, 518, 279, 835, 624, 14582]","Hint: Please answer the question requiring an integer answer and provide the final value, e.g., 1, 2, 3, at the end.
Question: Calculate the missing item."
919,MathVista_MINI,85,1,258,343,"[{'original_size': (448, 448), 'target_size': (448, 448), 'patches_h': 16, 'patches_w': 16, 'total_patches': 256, 'image_tokens': 256, 'total_image_tokens': 258, 'patch_size': 28}]","[151644, 8948, 198, 2610, 525, 264, 10950, 17847, 13, 151645, 198, 151644, 872, 198, 151652, 151655, 151653, 26987, 25, 5209, 4226, 279, 3405, 22703, 458, 7546, 4226, 323, 3410, 279, 1590, 897, 11, 384, 1302, 2572, 220, 16, 11, 220, 17, 11, 220, 18, 11, 518, 279, 835, 624, 14582]","Hint: Please answer the question requiring an integer answer and provide the final value, e.g., 1, 2, 3, at the end.
Question: How many items sold more than 3 units in at least one store?"
920,MathVista_MINI,88,1,156,244,"[{'original_size': (388, 310), 'target_size': (392, 308), 'patches_h': 11, 'patches_w': 14, 'total_patches': 154, 'image_tokens': 154, 'total_image_tokens': 156, 'patch_size': 28}]","[151644, 8948, 198, 2610, 525, 264, 10950, 17847, 13, 151645, 198, 151644, 872, 198, 151652, 151655, 151653, 26987, 25, 5209, 4226, 279, 3405, 22703, 458, 7546, 4226, 323, 3410, 279, 1590, 897, 11, 384, 1302, 2572, 220, 16, 11, 220, 17, 11, 220, 18, 11, 518, 279, 835, 624, 14582]","Hint: Please answer the question requiring an integer answer and provide the final value, e.g., 1, 2, 3, at the end.
Question: The measure of angle BAC equals x*\degree. What is the value of x?"
921,MathVista_MINI,114,1,50,164,"[{'original_size': (226, 170), 'target_size': (224, 168), 'patches_h': 6, 'patches_w': 8, 'total_patches': 48, 'image_tokens': 48, 'total_image_tokens': 50, 'patch_size': 28}]","[151644, 8948, 198, 2610, 525, 264, 10950, 17847, 13, 151645, 198, 151644, 872, 198, 151652, 151655, 151653, 26987, 25, 5209, 4226, 279, 3405, 323, 3410, 279, 4396, 2999, 6524, 11, 384, 1302, 2572, 362, 11, 425, 11, 356, 11, 422, 11, 518, 279, 835, 624, 14582, 25, 7379, 856, 311]","Hint: Please answer the question and provide the correct option letter, e.g., A, B, C, D, at the end.
Question: Find x to the nearest tenth. Assume that segments that appear to be tangent are tangent.
Choices:
(A) 5
(B) 8.1
(C) 10.3
(D) 21.6"
922,MathVista_MINI,84,1,258,342,"[{'original_size': (448, 448), 'target_size': (448, 448), 'patches_h': 16, 'patches_w': 16, 'total_patches': 256, 'image_tokens': 256, 'total_image_tokens': 258, 'patch_size': 28}]","[151644, 8948, 198, 2610, 525, 264, 10950, 17847, 13, 151645, 198, 151644, 872, 198, 151652, 151655, 151653, 26987, 25, 5209, 4226, 279, 3405, 22703, 458, 7546, 4226, 323, 3410, 279, 1590, 897, 11, 384, 1302, 2572, 220, 16, 11, 220, 17, 11, 220, 18, 11, 518, 279, 835, 624, 14582]","Hint: Please answer the question requiring an integer answer and provide the final value, e.g., 1, 2, 3, at the end.
Question: What is the value of the smallest individual element in the whole chart?"
923,MathVista_MINI,157,1,1250,1407,"[{'original_size': (1910, 1056), 'target_size': (1344, 728), 'patches_h': 26, 'patches_w': 48, 'total_patches': 1248, 'image_tokens': 1248, 'total_image_tokens': 1250, 'patch_size': 28}]","[151644, 8948, 198, 2610, 525, 264, 10950, 17847, 13, 151645, 198, 151644, 872, 198, 151652, 151655, 151653, 26987, 25, 5209, 4226, 279, 3405, 323, 3410, 279, 4396, 2999, 6524, 11, 384, 1302, 2572, 362, 11, 425, 11, 356, 11, 422, 11, 518, 279, 835, 624, 14582, 25, 15920, 1614, 82591]","Hint: Please answer the question and provide the correct option letter, e.g., A, B, C, D, at the end.
Question: Which model achieves the highest score in terms of Rec?
Choices:
(A) Transformers Agent (GPT-4)
(B) LLaMA-Adapter v2-7B
(C) LLaVA-7B
(D) Otter-9B 
(E) MM-ReAct-GPT-3.5
(F) LLaVA-13B (LLaMA-2)
(G) MM-ReAct-GPT-4"
924,MathVista_MINI,88,1,296,384,"[{'original_size': (587, 400), 'target_size': (588, 392), 'patches_h': 14, 'patches_w': 21, 'total_patches': 294, 'image_tokens': 294, 'total_image_tokens': 296, 'patch_size': 28}]","[151644, 8948, 198, 2610, 525, 264, 10950, 17847, 13, 151645, 198, 151644, 872, 198, 151652, 151655, 151653, 26987, 25, 5209, 4226, 279, 3405, 323, 3410, 279, 4396, 2999, 6524, 11, 384, 1302, 2572, 362, 11, 425, 11, 356, 11, 422, 11, 518, 279, 835, 624, 14582, 25, 12553, 3616, 37081]","Hint: Please answer the question and provide the correct option letter, e.g., A, B, C, D, at the end.
Question: Does Periwinkle have the maximum area under the curve?
Choices:
(A) yes
(B) no"
925,MathVista_MINI,116,1,62,178,"[{'original_size': (334, 130), 'target_size': (336, 140), 'patches_h': 5, 'patches_w': 12, 'total_patches': 60, 'image_tokens': 60, 'total_image_tokens': 62, 'patch_size': 28}]","[151644, 8948, 198, 2610, 525, 264, 10950, 17847, 13, 151645, 198, 151644, 872, 198, 151652, 151655, 151653, 26987, 25, 5209, 4226, 279, 3405, 22703, 264, 19057, 16574, 1372, 448, 825, 12122, 1992, 323, 3410, 279, 1590, 897, 11, 384, 1302, 2572, 220, 16, 13, 17, 11, 220, 16, 13, 18]","Hint: Please answer the question requiring a floating-point number with one decimal place and provide the final value, e.g., 1.2, 1.3, 1.4, at the end.
Question: Haley went to the store. She bought 3+9/10 pounds of pumpernickel bread crumbs. How much did she spend? (Unit: $)"
926,MathVista_MINI,105,1,167,272,"[{'original_size': (433, 312), 'target_size': (420, 308), 'patches_h': 11, 'patches_w': 15, 'total_patches': 165, 'image_tokens': 165, 'total_image_tokens': 167, 'patch_size': 28}]","[151644, 8948, 198, 2610, 525, 264, 10950, 17847, 13, 151645, 198, 151644, 872, 198, 151652, 151655, 151653, 26987, 25, 5209, 4226, 279, 3405, 22703, 264, 19057, 16574, 1372, 448, 1378, 12122, 7482, 323, 3410, 279, 1590, 897, 11, 384, 1302, 2572, 220, 16, 13, 17, 18, 11, 220, 16, 13]","Hint: Please answer the question requiring a floating-point number with two decimal places and provide the final value, e.g., 1.23, 1.34, 1.45, at the end.
Question: What is the size of the shaded area under the curve? Round the answer to 2 decimal places"
927,MathVista_MINI,142,1,37,179,"[{'original_size': (199, 152), 'target_size': (196, 140), 'patches_h': 5, 'patches_w': 7, 'total_patches': 35, 'image_tokens': 35, 'total_image_tokens': 37, 'patch_size': 28}]","[151644, 8948, 198, 2610, 525, 264, 10950, 17847, 13, 151645, 198, 151644, 872, 198, 151652, 151655, 151653, 26987, 25, 5209, 4226, 279, 3405, 323, 3410, 279, 4396, 2999, 6524, 11, 384, 1302, 2572, 362, 11, 425, 11, 356, 11, 422, 11, 518, 279, 835, 624, 14582, 25, 69372, 28029, 96050]","Hint: Please answer the question and provide the correct option letter, e.g., A, B, C, D, at the end.
Question: 如图，在△ABC中，AB的垂直平分线交AB于点D，交BC于点E，连接AE．若AB＝6，△ACE的周长为13，则△ABC的周长为（）
Choices:
(A) 19
(B) 16
(C) 29
(D) 18"
928,MathVista_MINI,91,1,50,141,"[{'original_size': (234, 160), 'target_size': (224, 168), 'patches_h': 6, 'patches_w': 8, 'total_patches': 48, 'image_tokens': 48, 'total_image_tokens': 50, 'patch_size': 28}]","[151644, 8948, 198, 2610, 525, 264, 10950, 17847, 13, 151645, 198, 151644, 872, 198, 151652, 151655, 151653, 26987, 25, 5209, 4226, 279, 3405, 22703, 458, 7546, 4226, 323, 3410, 279, 1590, 897, 11, 384, 1302, 2572, 220, 16, 11, 220, 17, 11, 220, 18, 11, 518, 279, 835, 624, 14582]","Hint: Please answer the question requiring an integer answer and provide the final value, e.g., 1, 2, 3, at the end.
Question: How much more does a navy blue bath mat cost than a yellow bath towel? (Unit: $)"
929,MathVista_MINI,91,1,58,149,"[{'original_size': (226, 192), 'target_size': (224, 196), 'patches_h': 7, 'patches_w': 8, 'total_patches': 56, 'image_tokens': 56, 'total_image_tokens': 58, 'patch_size': 28}]","[151644, 8948, 198, 2610, 525, 264, 10950, 17847, 13, 151645, 198, 151644, 872, 198, 151652, 151655, 151653, 26987, 25, 5209, 4226, 279, 3405, 22703, 458, 7546, 4226, 323, 3410, 279, 1590, 897, 11, 384, 1302, 2572, 220, 16, 11, 220, 17, 11, 220, 18, 11, 518, 279, 835, 624, 14582]","Hint: Please answer the question requiring an integer answer and provide the final value, e.g., 1, 2, 3, at the end.
Question: How much money does Tim need to buy a mystery game and a toy rocket? (Unit: $)"
930,MathVista_MINI,145,1,14,159,"[{'original_size': (113, 79), 'target_size': (112, 84), 'patches_h': 3, 'patches_w': 4, 'total_patches': 12, 'image_tokens': 12, 'total_image_tokens': 14, 'patch_size': 28}]","[151644, 8948, 198, 2610, 525, 264, 10950, 17847, 13, 151645, 198, 151644, 872, 198, 151652, 151655, 151653, 26987, 25, 5209, 4226, 279, 3405, 323, 3410, 279, 4396, 2999, 6524, 11, 384, 1302, 2572, 362, 11, 425, 11, 356, 11, 422, 11, 518, 279, 835, 624, 14582, 25, 69372, 28029, 3837]","Hint: Please answer the question and provide the correct option letter, e.g., A, B, C, D, at the end.
Question: 如图，F是△ABC的角平分线CD和BE的交点，CG⊥AB于点G．若∠ACG＝32°，则∠BFC的度数是（）
Choices:
(A) 119°
(B) 122°
(C) 148°
(D) 150°"
931,MathVista_MINI,155,1,18,173,"[{'original_size': (124, 123), 'target_size': (112, 112), 'patches_h': 4, 'patches_w': 4, 'total_patches': 16, 'image_tokens': 16, 'total_image_tokens': 18, 'patch_size': 28}]","[151644, 8948, 198, 2610, 525, 264, 10950, 17847, 13, 151645, 198, 151644, 872, 198, 151652, 151655, 151653, 26987, 25, 5209, 4226, 279, 3405, 323, 3410, 279, 4396, 2999, 6524, 11, 384, 1302, 2572, 362, 11, 425, 11, 356, 11, 422, 11, 518, 279, 835, 624, 14582, 25, 1634, 6839, 304]","Hint: Please answer the question and provide the correct option letter, e.g., A, B, C, D, at the end.
Question: As shown in the figure, △ABC is the inscribed triangle of ⊙O, AB is the diameter of ⊙O, point D is a point on ⊙O, if ∠ACD = 40.0, then the size of ∠BAD is ()
Choices:
(A) 35°
(B) 50°
(C) 40°
(D) 60°"
932,MathVista_MINI,103,1,326,429,"[{'original_size': (750, 350), 'target_size': (756, 336), 'patches_h': 12, 'patches_w': 27, 'total_patches': 324, 'image_tokens': 324, 'total_image_tokens': 326, 'patch_size': 28}]","[151644, 8948, 198, 2610, 525, 264, 10950, 17847, 13, 151645, 198, 151644, 872, 198, 151652, 151655, 151653, 26987, 25, 5209, 4226, 279, 3405, 323, 3410, 279, 4396, 2999, 6524, 11, 384, 1302, 2572, 362, 11, 425, 11, 356, 11, 422, 11, 518, 279, 835, 624, 14582, 25, 3555, 1035, 3537]","Hint: Please answer the question and provide the correct option letter, e.g., A, B, C, D, at the end.
Question: What would happen to the phytoplankton if krill increased?
Choices:
(A) decrease
(B) increase
(C) can't be predicted
(D) stay the same"
933,MathVista_MINI,93,1,74,167,"[{'original_size': (344, 160), 'target_size': (336, 168), 'patches_h': 6, 'patches_w': 12, 'total_patches': 72, 'image_tokens': 72, 'total_image_tokens': 74, 'patch_size': 28}]","[151644, 8948, 198, 2610, 525, 264, 10950, 17847, 13, 151645, 198, 151644, 872, 198, 151652, 151655, 151653, 26987, 25, 5209, 4226, 279, 3405, 22703, 458, 7546, 4226, 323, 3410, 279, 1590, 897, 11, 384, 1302, 2572, 220, 16, 11, 220, 17, 11, 220, 18, 11, 518, 279, 835, 624, 14582]","Hint: Please answer the question requiring an integer answer and provide the final value, e.g., 1, 2, 3, at the end.
Question: How much money does Hector need to buy a European vacation package and an Australian vacation package? (Unit: $)"
934,MathVista_MINI,79,1,258,337,"[{'original_size': (448, 448), 'target_size': (448, 448), 'patches_h': 16, 'patches_w': 16, 'total_patches': 256, 'image_tokens': 256, 'total_image_tokens': 258, 'patch_size': 28}]","[151644, 8948, 198, 2610, 525, 264, 10950, 17847, 13, 151645, 198, 151644, 872, 198, 151652, 151655, 151653, 26987, 25, 5209, 4226, 279, 3405, 22703, 458, 7546, 4226, 323, 3410, 279, 1590, 897, 11, 384, 1302, 2572, 220, 16, 11, 220, 17, 11, 220, 18, 11, 518, 279, 835, 624, 14582]","Hint: Please answer the question requiring an integer answer and provide the final value, e.g., 1, 2, 3, at the end.
Question: What is the value of the largest bar?"
935,MathVista_MINI,120,1,17,137,"[{'original_size': (140, 81), 'target_size': (140, 84), 'patches_h': 3, 'patches_w': 5, 'total_patches': 15, 'image_tokens': 15, 'total_image_tokens': 17, 'patch_size': 28}]","[151644, 8948, 198, 2610, 525, 264, 10950, 17847, 13, 151645, 198, 151644, 872, 198, 151652, 151655, 151653, 26987, 25, 5209, 4226, 279, 3405, 323, 3410, 279, 4396, 2999, 6524, 11, 384, 1302, 2572, 362, 11, 425, 11, 356, 11, 422, 11, 518, 279, 835, 624, 14582, 25, 69372, 28029, 96050]","Hint: Please answer the question and provide the correct option letter, e.g., A, B, C, D, at the end.
Question: 如图，在ABCD中，AD＝6，AB＝4，DE平分∠ADC交BC于点E，则BE的长是（）
Choices:
(A) 2
(B) 3
(C) 4
(D) 5"
936,MathVista_MINI,86,1,802,888,"[{'original_size': (710, 892), 'target_size': (700, 896), 'patches_h': 32, 'patches_w': 25, 'total_patches': 800, 'image_tokens': 800, 'total_image_tokens': 802, 'patch_size': 28}]","[151644, 8948, 198, 2610, 525, 264, 10950, 17847, 13, 151645, 198, 151644, 872, 198, 151652, 151655, 151653, 26987, 25, 5209, 4226, 279, 3405, 22703, 458, 7546, 4226, 323, 3410, 279, 1590, 897, 11, 384, 1302, 2572, 220, 16, 11, 220, 17, 11, 220, 18, 11, 518, 279, 835, 624, 14582]","Hint: Please answer the question requiring an integer answer and provide the final value, e.g., 1, 2, 3, at the end.
Question: How many people in the image were born after the end of World War II?"
937,MathVista_MINI,85,1,394,479,"[{'original_size': (785, 400), 'target_size': (784, 392), 'patches_h': 14, 'patches_w': 28, 'total_patches': 392, 'image_tokens': 392, 'total_image_tokens': 394, 'patch_size': 28}]","[151644, 8948, 198, 2610, 525, 264, 10950, 17847, 13, 151645, 198, 151644, 872, 198, 151652, 151655, 151653, 26987, 25, 5209, 4226, 279, 3405, 323, 3410, 279, 4396, 2999, 6524, 11, 384, 1302, 2572, 362, 11, 425, 11, 356, 11, 422, 11, 518, 279, 835, 624, 14582, 25, 2160, 12258, 3616]","Hint: Please answer the question and provide the correct option letter, e.g., A, B, C, D, at the end.
Question: Is Dark Periwinkle the roughest?
Choices:
(A) yes
(B) no"
938,MathVista_MINI,117,1,152,269,"[{'original_size': (417, 278), 'target_size': (420, 280), 'patches_h': 10, 'patches_w': 15, 'total_patches': 150, 'image_tokens': 150, 'total_image_tokens': 152, 'patch_size': 28}]","[151644, 8948, 198, 2610, 525, 264, 10950, 17847, 13, 151645, 198, 151644, 872, 198, 151652, 151655, 151653, 26987, 25, 5209, 4226, 279, 3405, 323, 3410, 279, 4396, 2999, 6524, 11, 384, 1302, 2572, 362, 11, 425, 11, 356, 11, 422, 11, 518, 279, 835, 624, 14582, 25, 758, 279, 7071]","Hint: Please answer the question and provide the correct option letter, e.g., A, B, C, D, at the end.
Question: In the figure, $m ∠9 = 75$. Find the measure of $\angle 6$.
Choices:
(A) 75
(B) 85
(C) 95
(D) 105"
939,MathVista_MINI,99,1,1136,1235,"[{'original_size': (1162, 764), 'target_size': (1176, 756), 'patches_h': 27, 'patches_w': 42, 'total_patches': 1134, 'image_tokens': 1134, 'total_image_tokens': 1136, 'patch_size': 28}]","[151644, 8948, 198, 2610, 525, 264, 10950, 17847, 13, 151645, 198, 151644, 872, 198, 151652, 151655, 151653, 26987, 25, 5209, 4226, 279, 3405, 323, 3410, 279, 4396, 2999, 6524, 11, 384, 1302, 2572, 362, 11, 425, 11, 356, 11, 422, 11, 518, 279, 835, 624, 14582, 25, 3555, 1035, 387]","Hint: Please answer the question and provide the correct option letter, e.g., A, B, C, D, at the end.
Question: What would be most affected if the clams all died?
Choices:
(A) squid
(B) lantern fish
(C) octopus
(D) sea horse"
940,MathVista_MINI,87,1,101,188,"[{'original_size': (320, 240), 'target_size': (308, 252), 'patches_h': 9, 'patches_w': 11, 'total_patches': 99, 'image_tokens': 99, 'total_image_tokens': 101, 'patch_size': 28}]","[151644, 8948, 198, 2610, 525, 264, 10950, 17847, 13, 151645, 198, 151644, 872, 198, 151652, 151655, 151653, 26987, 25, 5209, 4226, 279, 3405, 22703, 458, 7546, 4226, 323, 3410, 279, 1590, 897, 11, 384, 1302, 2572, 220, 16, 11, 220, 17, 11, 220, 18, 11, 518, 279, 835, 624, 14582]","Hint: Please answer the question requiring an integer answer and provide the final value, e.g., 1, 2, 3, at the end.
Question: Subtract all big red things. Subtract all metallic things. How many objects are left?"
941,MathVista_MINI,79,1,122,201,"[{'original_size': (271, 327), 'target_size': (280, 336), 'patches_h': 12, 'patches_w': 10, 'total_patches': 120, 'image_tokens': 120, 'total_image_tokens': 122, 'patch_size': 28}]","[151644, 8948, 198, 2610, 525, 264, 10950, 17847, 13, 151645, 198, 151644, 872, 198, 151652, 151655, 151653, 26987, 25, 5209, 4226, 279, 3405, 22703, 458, 7546, 4226, 323, 3410, 279, 1590, 897, 11, 384, 1302, 2572, 220, 16, 11, 220, 17, 11, 220, 18, 11, 518, 279, 835, 624, 14582]","Hint: Please answer the question requiring an integer answer and provide the final value, e.g., 1, 2, 3, at the end.
Question: Which is the next number in the series?"
942,MathVista_MINI,79,1,254,333,"[{'original_size': (500, 395), 'target_size': (504, 392), 'patches_h': 14, 'patches_w': 18, 'total_patches': 252, 'image_tokens': 252, 'total_image_tokens': 254, 'patch_size': 28}]","[151644, 8948, 198, 2610, 525, 264, 10950, 17847, 13, 151645, 198, 151644, 872, 198, 151652, 151655, 151653, 26987, 25, 5209, 4226, 279, 3405, 22703, 458, 7546, 4226, 323, 3410, 279, 1590, 897, 11, 384, 1302, 2572, 220, 16, 11, 220, 17, 11, 220, 18, 11, 518, 279, 835, 624, 14582]","Hint: Please answer the question requiring an integer answer and provide the final value, e.g., 1, 2, 3, at the end.
Question: What is the value of f(0)?"
943,MathVista_MINI,84,1,1037,1121,"[{'original_size': (1258, 650), 'target_size': (1260, 644), 'patches_h': 23, 'patches_w': 45, 'total_patches': 1035, 'image_tokens': 1035, 'total_image_tokens': 1037, 'patch_size': 28}]","[151644, 8948, 198, 2610, 525, 264, 10950, 17847, 13, 151645, 198, 151644, 872, 198, 151652, 151655, 151653, 26987, 25, 5209, 4226, 279, 3405, 22703, 458, 7546, 4226, 323, 3410, 279, 1590, 897, 11, 384, 1302, 2572, 220, 16, 11, 220, 17, 11, 220, 18, 11, 518, 279, 835, 624, 14582]","Hint: Please answer the question requiring an integer answer and provide the final value, e.g., 1, 2, 3, at the end.
Question: What is the difference between two consecutive major ticks on the Y-axis ?"
944,MathVista_MINI,78,1,83,161,"[{'original_size': (258, 241), 'target_size': (252, 252), 'patches_h': 9, 'patches_w': 9, 'total_patches': 81, 'image_tokens': 81, 'total_image_tokens': 83, 'patch_size': 28}]","[151644, 8948, 198, 2610, 525, 264, 10950, 17847, 13, 151645, 198, 151644, 872, 198, 151652, 151655, 151653, 26987, 25, 5209, 4226, 279, 3405, 22703, 458, 7546, 4226, 323, 3410, 279, 1590, 897, 11, 384, 1302, 2572, 220, 16, 11, 220, 17, 11, 220, 18, 11, 518, 279, 835, 624, 14582]","Hint: Please answer the question requiring an integer answer and provide the final value, e.g., 1, 2, 3, at the end.
Question: What is the perimeter of the shape?"
945,MathVista_MINI,87,1,354,441,"[{'original_size': (610, 451), 'target_size': (616, 448), 'patches_h': 16, 'patches_w': 22, 'total_patches': 352, 'image_tokens': 352, 'total_image_tokens': 354, 'patch_size': 28}]","[151644, 8948, 198, 2610, 525, 264, 10950, 17847, 13, 151645, 198, 151644, 872, 198, 151652, 151655, 151653, 26987, 25, 5209, 4226, 279, 3405, 22703, 458, 7546, 4226, 323, 3410, 279, 1590, 897, 11, 384, 1302, 2572, 220, 16, 11, 220, 17, 11, 220, 18, 11, 518, 279, 835, 624, 14582]","Hint: Please answer the question requiring an integer answer and provide the final value, e.g., 1, 2, 3, at the end.
Question: What is the age gap between these two people in image? (Unit: years)"
946,MathVista_MINI,87,1,262,349,"[{'original_size': (560, 373), 'target_size': (560, 364), 'patches_h': 13, 'patches_w': 20, 'total_patches': 260, 'image_tokens': 260, 'total_image_tokens': 262, 'patch_size': 28}]","[151644, 8948, 198, 2610, 525, 264, 10950, 17847, 13, 151645, 198, 151644, 872, 198, 151652, 151655, 151653, 26987, 25, 5209, 4226, 279, 3405, 22703, 458, 7546, 4226, 323, 3410, 279, 1590, 897, 11, 384, 1302, 2572, 220, 16, 11, 220, 17, 11, 220, 18, 11, 518, 279, 835, 624, 14582]","Hint: Please answer the question requiring an integer answer and provide the final value, e.g., 1, 2, 3, at the end.
Question: What is the age gap between these two people in image? (Unit: years)"
947,MathVista_MINI,135,1,26,161,"[{'original_size': (170, 118), 'target_size': (168, 112), 'patches_h': 4, 'patches_w': 6, 'total_patches': 24, 'image_tokens': 24, 'total_image_tokens': 26, 'patch_size': 28}]","[151644, 8948, 198, 2610, 525, 264, 10950, 17847, 13, 151645, 198, 151644, 872, 198, 151652, 151655, 151653, 26987, 25, 5209, 4226, 279, 3405, 323, 3410, 279, 4396, 2999, 6524, 11, 384, 1302, 2572, 362, 11, 425, 11, 356, 11, 422, 11, 518, 279, 835, 624, 14582, 25, 69372, 28029, 3837]","Hint: Please answer the question and provide the correct option letter, e.g., A, B, C, D, at the end.
Question: 如图，AB∥CD，BC∥DE，∠A＝45°，∠C＝110°，则∠AED的度数为（）
Choices:
(A) 95°
(B) 105°
(C) 115°
(D) 125°"
948,MathVista_MINI,90,1,79,169,"[{'original_size': (207, 311), 'target_size': (196, 308), 'patches_h': 11, 'patches_w': 7, 'total_patches': 77, 'image_tokens': 77, 'total_image_tokens': 79, 'patch_size': 28}]","[151644, 8948, 198, 2610, 525, 264, 10950, 17847, 13, 151645, 198, 151644, 872, 198, 151652, 151655, 151653, 26987, 25, 5209, 4226, 279, 3405, 22703, 458, 7546, 4226, 323, 3410, 279, 1590, 897, 11, 384, 1302, 2572, 220, 16, 11, 220, 17, 11, 220, 18, 11, 518, 279, 835, 624, 14582]","Hint: Please answer the question requiring an integer answer and provide the final value, e.g., 1, 2, 3, at the end.
Question: Some students compared how many blocks they live from school. What is the mean of the numbers?'"
949,MathVista_MINI,85,1,582,667,"[{'original_size': (800, 557), 'target_size': (812, 560), 'patches_h': 20, 'patches_w': 29, 'total_patches': 580, 'image_tokens': 580, 'total_image_tokens': 582, 'patch_size': 28}]","[151644, 8948, 198, 2610, 525, 264, 10950, 17847, 13, 151645, 198, 151644, 872, 198, 151652, 151655, 151653, 26987, 25, 5209, 4226, 279, 3405, 22703, 458, 7546, 4226, 323, 3410, 279, 1590, 897, 11, 384, 1302, 2572, 220, 16, 11, 220, 17, 11, 220, 18, 11, 518, 279, 835, 624, 14582]","Hint: Please answer the question requiring an integer answer and provide the final value, e.g., 1, 2, 3, at the end.
Question: What is the combined percentage of  Lowest ROI and Medium ROI in SEO?"
950,MathVista_MINI,97,1,1082,1179,"[{'original_size': (1114, 744), 'target_size': (1120, 756), 'patches_h': 27, 'patches_w': 40, 'total_patches': 1080, 'image_tokens': 1080, 'total_image_tokens': 1082, 'patch_size': 28}]","[151644, 8948, 198, 2610, 525, 264, 10950, 17847, 13, 151645, 198, 151644, 872, 198, 151652, 151655, 151653, 26987, 25, 5209, 4226, 279, 3405, 323, 3410, 279, 4396, 2999, 6524, 11, 384, 1302, 2572, 362, 11, 425, 11, 356, 11, 422, 11, 518, 279, 835, 624, 14582, 25, 576, 30232, 315]","Hint: Please answer the question and provide the correct option letter, e.g., A, B, C, D, at the end.
Question: The slope of f(x) at x=0 is ____
Choices:
(A) positive
(B) negative
(C) zero
(D) undefined"
951,MathVista_MINI,108,1,257,365,"[{'original_size': (487, 427), 'target_size': (476, 420), 'patches_h': 15, 'patches_w': 17, 'total_patches': 255, 'image_tokens': 255, 'total_image_tokens': 257, 'patch_size': 28}]","[151644, 8948, 198, 2610, 525, 264, 10950, 17847, 13, 151645, 198, 151644, 872, 198, 151652, 151655, 151653, 26987, 25, 5209, 4226, 279, 3405, 323, 3410, 279, 4396, 2999, 6524, 11, 384, 1302, 2572, 362, 11, 425, 11, 356, 11, 422, 11, 518, 279, 835, 624, 14582, 25, 7379, 400, 87]","Hint: Please answer the question and provide the correct option letter, e.g., A, B, C, D, at the end.
Question: Find $x$.
Choices:
(A) 10.25
(B) 12.75
(C) 18.75
(D) 25.5"
952,MathVista_MINI,123,1,146,269,"[{'original_size': (456, 258), 'target_size': (448, 252), 'patches_h': 9, 'patches_w': 16, 'total_patches': 144, 'image_tokens': 144, 'total_image_tokens': 146, 'patch_size': 28}]","[151644, 8948, 198, 2610, 525, 264, 10950, 17847, 13, 151645, 198, 151644, 872, 198, 151652, 151655, 151653, 26987, 25, 5209, 4226, 279, 3405, 323, 3410, 279, 4396, 2999, 6524, 11, 384, 1302, 2572, 362, 11, 425, 11, 356, 11, 422, 11, 518, 279, 835, 624, 14582, 25, 5351, 697, 11253]","Hint: Please answer the question and provide the correct option letter, e.g., A, B, C, D, at the end.
Question: Base your answers on the food web below and on your knowledge of biology. A decrease in the Aquatic crustaceans population will most immediately decrease the available energy for the
Choices:
(A) Minnows
(B) Ducks
(C) Fish
(D) Raccoons"
953,MathVista_MINI,77,1,352,429,"[{'original_size': (700, 400), 'target_size': (700, 392), 'patches_h': 14, 'patches_w': 25, 'total_patches': 350, 'image_tokens': 350, 'total_image_tokens': 352, 'patch_size': 28}]","[151644, 8948, 198, 2610, 525, 264, 10950, 17847, 13, 151645, 198, 151644, 872, 198, 151652, 151655, 151653, 26987, 25, 5209, 4226, 279, 3405, 22703, 458, 7546, 4226, 323, 3410, 279, 1590, 897, 11, 384, 1302, 2572, 220, 16, 11, 220, 17, 11, 220, 18, 11, 518, 279, 835, 624, 14582]","Hint: Please answer the question requiring an integer answer and provide the final value, e.g., 1, 2, 3, at the end.
Question: What percentage of trees have leaves?"
954,MathVista_MINI,114,1,172,286,"[{'original_size': (475, 277), 'target_size': (476, 280), 'patches_h': 10, 'patches_w': 17, 'total_patches': 170, 'image_tokens': 170, 'total_image_tokens': 172, 'patch_size': 28}]","[151644, 8948, 198, 2610, 525, 264, 10950, 17847, 13, 151645, 198, 151644, 872, 198, 151652, 151655, 151653, 26987, 25, 5209, 4226, 279, 3405, 323, 3410, 279, 4396, 2999, 6524, 11, 384, 1302, 2572, 362, 11, 425, 11, 356, 11, 422, 11, 518, 279, 835, 624, 14582, 25, 362, 7130, 3607]","Hint: Please answer the question and provide the correct option letter, e.g., A, B, C, D, at the end.
Question: A partial food web is shown below. Which of the following will most likely happen if the snake population decreases?
Choices:
(A) Cricket will increase
(B) Mouse will increase
(C) Rabbit will increase
(D) All of above"
955,MathVista_MINI,130,1,27,157,"[{'original_size': (136, 136), 'target_size': (140, 140), 'patches_h': 5, 'patches_w': 5, 'total_patches': 25, 'image_tokens': 25, 'total_image_tokens': 27, 'patch_size': 28}]","[151644, 8948, 198, 2610, 525, 264, 10950, 17847, 13, 151645, 198, 151644, 872, 198, 151652, 151655, 151653, 26987, 25, 5209, 4226, 279, 3405, 323, 3410, 279, 4396, 2999, 6524, 11, 384, 1302, 2572, 362, 11, 425, 11, 356, 11, 422, 11, 518, 279, 835, 624, 14582, 25, 69372, 28029, 58883]","Hint: Please answer the question and provide the correct option letter, e.g., A, B, C, D, at the end.
Question: 如图．点O是正五边形ABCDE的中心，⊙O是正五边形的外接圆，∠ADE的度数为（）
Choices:
(A) 30°
(B) 32°
(C) 36°
(D) 40°"
956,MathVista_MINI,89,1,101,190,"[{'original_size': (320, 240), 'target_size': (308, 252), 'patches_h': 9, 'patches_w': 11, 'total_patches': 99, 'image_tokens': 99, 'total_image_tokens': 101, 'patch_size': 28}]","[151644, 8948, 198, 2610, 525, 264, 10950, 17847, 13, 151645, 198, 151644, 872, 198, 151652, 151655, 151653, 26987, 25, 5209, 4226, 279, 3405, 22703, 458, 7546, 4226, 323, 3410, 279, 1590, 897, 11, 384, 1302, 2572, 220, 16, 11, 220, 17, 11, 220, 18, 11, 518, 279, 835, 624, 14582]","Hint: Please answer the question requiring an integer answer and provide the final value, e.g., 1, 2, 3, at the end.
Question: Subtract all small blue rubber objects. Subtract all brown shiny balls. How many objects are left?"
957,MathVista_MINI,101,1,393,494,"[{'original_size': (640, 480), 'target_size': (644, 476), 'patches_h': 17, 'patches_w': 23, 'total_patches': 391, 'image_tokens': 391, 'total_image_tokens': 393, 'patch_size': 28}]","[151644, 8948, 198, 2610, 525, 264, 10950, 17847, 13, 151645, 198, 151644, 872, 198, 151652, 151655, 151653, 26987, 25, 5209, 4226, 279, 3405, 323, 3410, 279, 4396, 2999, 6524, 11, 384, 1302, 2572, 362, 11, 425, 11, 356, 11, 422, 11, 518, 279, 835, 624, 14582, 25, 2160, 279, 1372]","Hint: Please answer the question and provide the correct option letter, e.g., A, B, C, D, at the end.
Question: Is the number of big brown buss behind the gray matte aeroplane greater than the number of yellow shiny scooters?
Choices:
(A) Yes
(B) No"
958,MathVista_MINI,116,1,954,1070,"[{'original_size': (945, 773), 'target_size': (952, 784), 'patches_h': 28, 'patches_w': 34, 'total_patches': 952, 'image_tokens': 952, 'total_image_tokens': 954, 'patch_size': 28}]","[151644, 8948, 198, 2610, 525, 264, 10950, 17847, 13, 151645, 198, 151644, 872, 198, 151652, 151655, 151653, 26987, 25, 5209, 4226, 279, 3405, 323, 3410, 279, 4396, 2999, 6524, 11, 384, 1302, 2572, 362, 11, 425, 11, 356, 11, 422, 11, 518, 279, 835, 624, 14582, 25, 22201, 279, 7402]","Hint: Please answer the question and provide the correct option letter, e.g., A, B, C, D, at the end.
Question: Choose the missing letters from below to form a word, using all letters presented
Choices:
(A) A, R, N
(B) R, D, N
(C) I, A, M
(D) H, O, W"
959,MathVista_MINI,95,1,66,161,"[{'original_size': (230, 218), 'target_size': (224, 224), 'patches_h': 8, 'patches_w': 8, 'total_patches': 64, 'image_tokens': 64, 'total_image_tokens': 66, 'patch_size': 28}]","[151644, 8948, 198, 2610, 525, 264, 10950, 17847, 13, 151645, 198, 151644, 872, 198, 151652, 151655, 151653, 26987, 25, 5209, 4226, 279, 3405, 22703, 458, 7546, 4226, 323, 3410, 279, 1590, 897, 11, 384, 1302, 2572, 220, 16, 11, 220, 17, 11, 220, 18, 11, 518, 279, 835, 624, 14582]","Hint: Please answer the question requiring an integer answer and provide the final value, e.g., 1, 2, 3, at the end.
Question: The teachers at an elementary school counted how many desks they had in their classrooms. What is the median of the numbers?'"
960,MathVista_MINI,87,1,1249,1336,"[{'original_size': (2048, 1365), 'target_size': (1204, 812), 'patches_h': 29, 'patches_w': 43, 'total_patches': 1247, 'image_tokens': 1247, 'total_image_tokens': 1249, 'patch_size': 28}]","[151644, 8948, 198, 2610, 525, 264, 10950, 17847, 13, 151645, 198, 151644, 872, 198, 151652, 151655, 151653, 26987, 25, 5209, 4226, 279, 3405, 22703, 458, 7546, 4226, 323, 3410, 279, 1590, 897, 11, 384, 1302, 2572, 220, 16, 11, 220, 17, 11, 220, 18, 11, 518, 279, 835, 624, 14582]","Hint: Please answer the question requiring an integer answer and provide the final value, e.g., 1, 2, 3, at the end.
Question: What is the age gap between these two people in image? (Unit: years)"
961,MathVista_MINI,79,1,582,661,"[{'original_size': (800, 557), 'target_size': (812, 560), 'patches_h': 20, 'patches_w': 29, 'total_patches': 580, 'image_tokens': 580, 'total_image_tokens': 582, 'patch_size': 28}]","[151644, 8948, 198, 2610, 525, 264, 10950, 17847, 13, 151645, 198, 151644, 872, 198, 151652, 151655, 151653, 26987, 25, 5209, 4226, 279, 3405, 22703, 458, 7546, 4226, 323, 3410, 279, 1590, 897, 11, 384, 1302, 2572, 220, 16, 11, 220, 17, 11, 220, 18, 11, 518, 279, 835, 624, 14582]","Hint: Please answer the question requiring an integer answer and provide the final value, e.g., 1, 2, 3, at the end.
Question: What is the lowest value in blue bar?"
962,MathVista_MINI,101,1,156,257,"[{'original_size': (387, 301), 'target_size': (392, 308), 'patches_h': 11, 'patches_w': 14, 'total_patches': 154, 'image_tokens': 154, 'total_image_tokens': 156, 'patch_size': 28}]","[151644, 8948, 198, 2610, 525, 264, 10950, 17847, 13, 151645, 198, 151644, 872, 198, 151652, 151655, 151653, 26987, 25, 5209, 4226, 279, 3405, 323, 3410, 279, 4396, 2999, 6524, 11, 384, 1302, 2572, 362, 11, 425, 11, 356, 11, 422, 11, 518, 279, 835, 624, 14582, 25, 576, 897, 315]","Hint: Please answer the question and provide the correct option letter, e.g., A, B, C, D, at the end.
Question: The value of y at x=10 is ____ that at x=70.
Choices:
(A) larger than
(B) equal to
(C) smaller than"
963,MathVista_MINI,80,1,226,306,"[{'original_size': (441, 397), 'target_size': (448, 392), 'patches_h': 14, 'patches_w': 16, 'total_patches': 224, 'image_tokens': 224, 'total_image_tokens': 226, 'patch_size': 28}]","[151644, 8948, 198, 2610, 525, 264, 10950, 17847, 13, 151645, 198, 151644, 872, 198, 151652, 151655, 151653, 26987, 25, 5209, 4226, 279, 3405, 22703, 458, 7546, 4226, 323, 3410, 279, 1590, 897, 11, 384, 1302, 2572, 220, 16, 11, 220, 17, 11, 220, 18, 11, 518, 279, 835, 624, 14582]","Hint: Please answer the question requiring an integer answer and provide the final value, e.g., 1, 2, 3, at the end.
Question: For what x does f reach its local maximum?"
964,MathVista_MINI,95,1,26,121,"[{'original_size': (342, 70), 'target_size': (336, 56), 'patches_h': 2, 'patches_w': 12, 'total_patches': 24, 'image_tokens': 24, 'total_image_tokens': 26, 'patch_size': 28}]","[151644, 8948, 198, 2610, 525, 264, 10950, 17847, 13, 151645, 198, 151644, 872, 198, 151652, 151655, 151653, 26987, 25, 5209, 4226, 279, 3405, 22703, 458, 7546, 4226, 323, 3410, 279, 1590, 897, 11, 384, 1302, 2572, 220, 16, 11, 220, 17, 11, 220, 18, 11, 518, 279, 835, 624, 14582]","Hint: Please answer the question requiring an integer answer and provide the final value, e.g., 1, 2, 3, at the end.
Question: Move the ruler to measure the length of the line to the nearest centimeter. The line is about (_) centimeters long."
965,MathVista_MINI,81,1,927,1008,"[{'original_size': (1024, 690), 'target_size': (1036, 700), 'patches_h': 25, 'patches_w': 37, 'total_patches': 925, 'image_tokens': 925, 'total_image_tokens': 927, 'patch_size': 28}]","[151644, 8948, 198, 2610, 525, 264, 10950, 17847, 13, 151645, 198, 151644, 872, 198, 151652, 151655, 151653, 26987, 25, 5209, 4226, 279, 3405, 22703, 458, 7546, 4226, 323, 3410, 279, 1590, 897, 11, 384, 1302, 2572, 220, 16, 11, 220, 17, 11, 220, 18, 11, 518, 279, 835, 624, 14582]","Hint: Please answer the question requiring an integer answer and provide the final value, e.g., 1, 2, 3, at the end.
Question: whats the lowest number yard line that you can see?"
966,MathVista_MINI,93,1,98,191,"[{'original_size': (438, 166), 'target_size': (448, 168), 'patches_h': 6, 'patches_w': 16, 'total_patches': 96, 'image_tokens': 96, 'total_image_tokens': 98, 'patch_size': 28}]","[151644, 8948, 198, 2610, 525, 264, 10950, 17847, 13, 151645, 198, 151644, 872, 198, 151652, 151655, 151653, 26987, 25, 5209, 4226, 279, 3405, 22703, 458, 7546, 4226, 323, 3410, 279, 1590, 897, 11, 384, 1302, 2572, 220, 16, 11, 220, 17, 11, 220, 18, 11, 518, 279, 835, 624, 14582]","Hint: Please answer the question requiring an integer answer and provide the final value, e.g., 1, 2, 3, at the end.
Question: Move the ruler to measure the length of the pencil to the nearest inch. The pencil is about (_) inches long."
967,MathVista_MINI,96,1,945,1041,"[{'original_size': (1146, 650), 'target_size': (1148, 644), 'patches_h': 23, 'patches_w': 41, 'total_patches': 943, 'image_tokens': 943, 'total_image_tokens': 945, 'patch_size': 28}]","[151644, 8948, 198, 2610, 525, 264, 10950, 17847, 13, 151645, 198, 151644, 872, 198, 151652, 151655, 151653, 26987, 25, 5209, 4226, 279, 3405, 22703, 458, 7546, 4226, 323, 3410, 279, 1590, 897, 11, 384, 1302, 2572, 220, 16, 11, 220, 17, 11, 220, 18, 11, 518, 279, 835, 624, 14582]","Hint: Please answer the question requiring an integer answer and provide the final value, e.g., 1, 2, 3, at the end.
Question: In how many years, is the amount earned from national visitors greater than the average amount earned from national visitors taken over all years ?"
968,MathVista_MINI,88,1,101,189,"[{'original_size': (320, 240), 'target_size': (308, 252), 'patches_h': 9, 'patches_w': 11, 'total_patches': 99, 'image_tokens': 99, 'total_image_tokens': 101, 'patch_size': 28}]","[151644, 8948, 198, 2610, 525, 264, 10950, 17847, 13, 151645, 198, 151644, 872, 198, 151652, 151655, 151653, 26987, 25, 5209, 4226, 279, 3405, 22703, 458, 7546, 4226, 323, 3410, 279, 1590, 897, 11, 384, 1302, 2572, 220, 16, 11, 220, 17, 11, 220, 18, 11, 518, 279, 835, 624, 14582]","Hint: Please answer the question requiring an integer answer and provide the final value, e.g., 1, 2, 3, at the end.
Question: Subtract all blue balls. Subtract all big yellow rubber balls. How many objects are left?"
969,MathVista_MINI,87,1,296,383,"[{'original_size': (587, 400), 'target_size': (588, 392), 'patches_h': 14, 'patches_w': 21, 'total_patches': 294, 'image_tokens': 294, 'total_image_tokens': 296, 'patch_size': 28}]","[151644, 8948, 198, 2610, 525, 264, 10950, 17847, 13, 151645, 198, 151644, 872, 198, 151652, 151655, 151653, 26987, 25, 5209, 4226, 279, 3405, 323, 3410, 279, 4396, 2999, 6524, 11, 384, 1302, 2572, 362, 11, 425, 11, 356, 11, 422, 11, 518, 279, 835, 624, 14582, 25, 12553, 25462, 7840]","Hint: Please answer the question and provide the correct option letter, e.g., A, B, C, D, at the end.
Question: Does Yellow Green have the maximum area under the curve?
Choices:
(A) yes
(B) no"
970,MathVista_MINI,135,1,27,162,"[{'original_size': (135, 141), 'target_size': (140, 140), 'patches_h': 5, 'patches_w': 5, 'total_patches': 25, 'image_tokens': 25, 'total_image_tokens': 27, 'patch_size': 28}]","[151644, 8948, 198, 2610, 525, 264, 10950, 17847, 13, 151645, 198, 151644, 872, 198, 151652, 151655, 151653, 26987, 25, 5209, 4226, 279, 3405, 323, 3410, 279, 4396, 2999, 6524, 11, 384, 1302, 2572, 362, 11, 425, 11, 356, 11, 422, 11, 518, 279, 835, 624, 14582, 25, 69372, 28029, 3837]","Hint: Please answer the question and provide the correct option letter, e.g., A, B, C, D, at the end.
Question: 如图，两直线a，b被直线c所截，已知a∥b，∠1＝62°，则∠2的度数为（）
Choices:
(A) 62°
(B) 108°
(C) 118°
(D) 128°"
971,MathVista_MINI,84,1,352,436,"[{'original_size': (700, 400), 'target_size': (700, 392), 'patches_h': 14, 'patches_w': 25, 'total_patches': 350, 'image_tokens': 350, 'total_image_tokens': 352, 'patch_size': 28}]","[151644, 8948, 198, 2610, 525, 264, 10950, 17847, 13, 151645, 198, 151644, 872, 198, 151652, 151655, 151653, 26987, 25, 5209, 4226, 279, 3405, 323, 3410, 279, 4396, 2999, 6524, 11, 384, 1302, 2572, 362, 11, 425, 11, 356, 11, 422, 11, 518, 279, 835, 624, 14582, 25, 2980, 279, 8171]","Hint: Please answer the question and provide the correct option letter, e.g., A, B, C, D, at the end.
Question: Can the boy reach the highest book?
Choices:
(A) Yes
(B) No"
972,MathVista_MINI,94,1,393,487,"[{'original_size': (640, 480), 'target_size': (644, 476), 'patches_h': 17, 'patches_w': 23, 'total_patches': 391, 'image_tokens': 391, 'total_image_tokens': 393, 'patch_size': 28}]","[151644, 8948, 198, 2610, 525, 264, 10950, 17847, 13, 151645, 198, 151644, 872, 198, 151652, 151655, 151653, 26987, 25, 5209, 4226, 279, 3405, 323, 3410, 279, 4396, 2999, 6524, 11, 384, 1302, 2572, 362, 11, 425, 11, 356, 11, 422, 11, 518, 279, 835, 624, 14582, 25, 2160, 279, 1372]","Hint: Please answer the question and provide the correct option letter, e.g., A, B, C, D, at the end.
Question: Is the number of yellow shiny utility bikes greater than the number of brown metallic cruisers?
Choices:
(A) Yes
(B) No"
973,MathVista_MINI,78,1,1242,1320,"[{'original_size': (2560, 2039), 'target_size': (1120, 868), 'patches_h': 31, 'patches_w': 40, 'total_patches': 1240, 'image_tokens': 1240, 'total_image_tokens': 1242, 'patch_size': 28}]","[151644, 8948, 198, 2610, 525, 264, 10950, 17847, 13, 151645, 198, 151644, 872, 198, 151652, 151655, 151653, 26987, 25, 5209, 4226, 279, 3405, 22703, 458, 7546, 4226, 323, 3410, 279, 1590, 897, 11, 384, 1302, 2572, 220, 16, 11, 220, 17, 11, 220, 18, 11, 518, 279, 835, 624, 14582]","Hint: Please answer the question requiring an integer answer and provide the final value, e.g., 1, 2, 3, at the end.
Question: How many zeros does this function have?"
974,MathVista_MINI,93,1,393,486,"[{'original_size': (640, 480), 'target_size': (644, 476), 'patches_h': 17, 'patches_w': 23, 'total_patches': 391, 'image_tokens': 391, 'total_image_tokens': 393, 'patch_size': 28}]","[151644, 8948, 198, 2610, 525, 264, 10950, 17847, 13, 151645, 198, 151644, 872, 198, 151652, 151655, 151653, 26987, 25, 5209, 4226, 279, 3405, 323, 3410, 279, 4396, 2999, 6524, 11, 384, 1302, 2572, 362, 11, 425, 11, 356, 11, 422, 11, 518, 279, 835, 624, 14582, 25, 8713, 1052, 279]","Hint: Please answer the question and provide the correct option letter, e.g., A, B, C, D, at the end.
Question: Are there the same number of big blue trucks and large purple metal double buss?
Choices:
(A) Yes
(B) No"
975,MathVista_MINI,88,1,101,189,"[{'original_size': (320, 240), 'target_size': (308, 252), 'patches_h': 9, 'patches_w': 11, 'total_patches': 99, 'image_tokens': 99, 'total_image_tokens': 101, 'patch_size': 28}]","[151644, 8948, 198, 2610, 525, 264, 10950, 17847, 13, 151645, 198, 151644, 872, 198, 151652, 151655, 151653, 26987, 25, 5209, 4226, 279, 3405, 22703, 458, 7546, 4226, 323, 3410, 279, 1590, 897, 11, 384, 1302, 2572, 220, 16, 11, 220, 17, 11, 220, 18, 11, 518, 279, 835, 624, 14582]","Hint: Please answer the question requiring an integer answer and provide the final value, e.g., 1, 2, 3, at the end.
Question: Subtract all brown matte objects. Subtract all blue metallic objects. How many objects are left?"
976,MathVista_MINI,103,1,393,496,"[{'original_size': (640, 480), 'target_size': (644, 476), 'patches_h': 17, 'patches_w': 23, 'total_patches': 391, 'image_tokens': 391, 'total_image_tokens': 393, 'patch_size': 28}]","[151644, 8948, 198, 2610, 525, 264, 10950, 17847, 13, 151645, 198, 151644, 872, 198, 151652, 151655, 151653, 26987, 25, 5209, 4226, 279, 3405, 323, 3410, 279, 4396, 2999, 6524, 11, 384, 1302, 2572, 362, 11, 425, 11, 356, 11, 422, 11, 518, 279, 835, 624, 14582, 25, 2160, 279, 1372]","Hint: Please answer the question and provide the correct option letter, e.g., A, B, C, D, at the end.
Question: Is the number of metal biplanes behind the purple shiny object less than the number of purple school buss behind the big red object?
Choices:
(A) Yes
(B) No"
977,MathVista_MINI,132,1,47,179,"[{'original_size': (250, 129), 'target_size': (252, 140), 'patches_h': 5, 'patches_w': 9, 'total_patches': 45, 'image_tokens': 45, 'total_image_tokens': 47, 'patch_size': 28}]","[151644, 8948, 198, 2610, 525, 264, 10950, 17847, 13, 151645, 198, 151644, 872, 198, 151652, 151655, 151653, 26987, 25, 5209, 4226, 279, 3405, 323, 3410, 279, 4396, 2999, 6524, 11, 384, 1302, 2572, 362, 11, 425, 11, 356, 11, 422, 11, 518, 279, 835, 624, 14582, 25, 69372, 28029, 3837]","Hint: Please answer the question and provide the correct option letter, e.g., A, B, C, D, at the end.
Question: 如图，已知AB∥CD，AF与CD交于点E，BE⊥AF，∠B＝65°，则∠DEF的度数是（）
Choices:
(A) 65°
(B) 5°
(C) 15°
(D) 25°"
978,MathVista_MINI,99,1,82,181,"[{'original_size': (230, 280), 'target_size': (224, 280), 'patches_h': 10, 'patches_w': 8, 'total_patches': 80, 'image_tokens': 80, 'total_image_tokens': 82, 'patch_size': 28}]","[151644, 8948, 198, 2610, 525, 264, 10950, 17847, 13, 151645, 198, 151644, 872, 198, 151652, 151655, 151653, 26987, 25, 5209, 4226, 279, 3405, 22703, 458, 7546, 4226, 323, 3410, 279, 1590, 897, 11, 384, 1302, 2572, 220, 16, 11, 220, 17, 11, 220, 18, 11, 518, 279, 835, 624, 14582]","Hint: Please answer the question requiring an integer answer and provide the final value, e.g., 1, 2, 3, at the end.
Question: Allie kept a written log of how many miles she biked during the past 7 days. What is the range of the numbers?'"
979,MathVista_MINI,75,1,232,307,"[{'original_size': (634, 279), 'target_size': (644, 280), 'patches_h': 10, 'patches_w': 23, 'total_patches': 230, 'image_tokens': 230, 'total_image_tokens': 232, 'patch_size': 28}]","[151644, 8948, 198, 2610, 525, 264, 10950, 17847, 13, 151645, 198, 151644, 872, 198, 151652, 151655, 151653, 26987, 25, 5209, 4226, 279, 3405, 22703, 458, 7546, 4226, 323, 3410, 279, 1590, 897, 11, 384, 1302, 2572, 220, 16, 11, 220, 17, 11, 220, 18, 11, 518, 279, 835, 624, 14582]","Hint: Please answer the question requiring an integer answer and provide the final value, e.g., 1, 2, 3, at the end.
Question: What number is shown?"
980,MathVista_MINI,77,1,347,424,"[{'original_size': (429, 640), 'target_size': (420, 644), 'patches_h': 23, 'patches_w': 15, 'total_patches': 345, 'image_tokens': 345, 'total_image_tokens': 347, 'patch_size': 28}]","[151644, 8948, 198, 2610, 525, 264, 10950, 17847, 13, 151645, 198, 151644, 872, 198, 151652, 151655, 151653, 26987, 25, 5209, 4226, 279, 3405, 22703, 458, 7546, 4226, 323, 3410, 279, 1590, 897, 11, 384, 1302, 2572, 220, 16, 11, 220, 17, 11, 220, 18, 11, 518, 279, 835, 624, 14582]","Hint: Please answer the question requiring an integer answer and provide the final value, e.g., 1, 2, 3, at the end.
Question: What is the highest number shown?"
981,MathVista_MINI,104,1,582,686,"[{'original_size': (800, 557), 'target_size': (812, 560), 'patches_h': 20, 'patches_w': 29, 'total_patches': 580, 'image_tokens': 580, 'total_image_tokens': 582, 'patch_size': 28}]","[151644, 8948, 198, 2610, 525, 264, 10950, 17847, 13, 151645, 198, 151644, 872, 198, 151652, 151655, 151653, 26987, 25, 5209, 4226, 279, 3405, 22703, 264, 19057, 16574, 1372, 448, 825, 12122, 1992, 323, 3410, 279, 1590, 897, 11, 384, 1302, 2572, 220, 16, 13, 17, 11, 220, 16, 13, 18]","Hint: Please answer the question requiring a floating-point number with one decimal place and provide the final value, e.g., 1.2, 1.3, 1.4, at the end.
Question: What is the sum of 2002, 2003 and 2004?"
982,MathVista_MINI,91,1,452,543,"[{'original_size': (700, 500), 'target_size': (700, 504), 'patches_h': 18, 'patches_w': 25, 'total_patches': 450, 'image_tokens': 450, 'total_image_tokens': 452, 'patch_size': 28}]","[151644, 8948, 198, 2610, 525, 264, 10950, 17847, 13, 151645, 198, 151644, 872, 198, 151652, 151655, 151653, 26987, 25, 5209, 4226, 279, 3405, 323, 3410, 279, 4396, 2999, 6524, 11, 384, 1302, 2572, 362, 11, 425, 11, 356, 11, 422, 11, 518, 279, 835, 624, 14582, 25, 21658, 279, 5302]","Hint: Please answer the question and provide the correct option letter, e.g., A, B, C, D, at the end.
Question: Among the states that border Wyoming , does South Dakota have the highest value ?
Choices:
(A) Yes
(B) No"
983,MathVista_MINI,81,1,258,339,"[{'original_size': (448, 448), 'target_size': (448, 448), 'patches_h': 16, 'patches_w': 16, 'total_patches': 256, 'image_tokens': 256, 'total_image_tokens': 258, 'patch_size': 28}]","[151644, 8948, 198, 2610, 525, 264, 10950, 17847, 13, 151645, 198, 151644, 872, 198, 151652, 151655, 151653, 26987, 25, 5209, 4226, 279, 3405, 22703, 458, 7546, 4226, 323, 3410, 279, 1590, 897, 11, 384, 1302, 2572, 220, 16, 11, 220, 17, 11, 220, 18, 11, 518, 279, 835, 624, 14582]","Hint: Please answer the question requiring an integer answer and provide the final value, e.g., 1, 2, 3, at the end.
Question: What is the highest accuracy reported in the whole chart?"
984,MathVista_MINI,93,1,393,486,"[{'original_size': (640, 480), 'target_size': (644, 476), 'patches_h': 17, 'patches_w': 23, 'total_patches': 391, 'image_tokens': 391, 'total_image_tokens': 393, 'patch_size': 28}]","[151644, 8948, 198, 2610, 525, 264, 10950, 17847, 13, 151645, 198, 151644, 872, 198, 151652, 151655, 151653, 26987, 25, 5209, 4226, 279, 3405, 323, 3410, 279, 4396, 2999, 6524, 11, 384, 1302, 2572, 362, 11, 425, 11, 356, 11, 422, 11, 518, 279, 835, 624, 14582, 25, 2160, 279, 1372]","Hint: Please answer the question and provide the correct option letter, e.g., A, B, C, D, at the end.
Question: Is the number of gray cars less than the number of small metallic minivans?
Choices:
(A) Yes
(B) No"
985,MathVista_MINI,81,1,582,663,"[{'original_size': (800, 557), 'target_size': (812, 560), 'patches_h': 20, 'patches_w': 29, 'total_patches': 580, 'image_tokens': 580, 'total_image_tokens': 582, 'patch_size': 28}]","[151644, 8948, 198, 2610, 525, 264, 10950, 17847, 13, 151645, 198, 151644, 872, 198, 151652, 151655, 151653, 26987, 25, 5209, 4226, 279, 3405, 22703, 458, 7546, 4226, 323, 3410, 279, 1590, 897, 11, 384, 1302, 2572, 220, 16, 11, 220, 17, 11, 220, 18, 11, 518, 279, 835, 624, 14582]","Hint: Please answer the question requiring an integer answer and provide the final value, e.g., 1, 2, 3, at the end.
Question: What is the smallest percentage value recorded in the chart?"
986,MathVista_MINI,141,1,10,151,"[{'original_size': (101, 68), 'target_size': (112, 56), 'patches_h': 2, 'patches_w': 4, 'total_patches': 8, 'image_tokens': 8, 'total_image_tokens': 10, 'patch_size': 28}]","[151644, 8948, 198, 2610, 525, 264, 10950, 17847, 13, 151645, 198, 151644, 872, 198, 151652, 151655, 151653, 26987, 25, 5209, 4226, 279, 3405, 323, 3410, 279, 4396, 2999, 6524, 11, 384, 1302, 2572, 362, 11, 425, 11, 356, 11, 422, 11, 518, 279, 835, 624, 14582, 25, 69372, 28029, 96050]","Hint: Please answer the question and provide the correct option letter, e.g., A, B, C, D, at the end.
Question: 如图，在△ABC中，AD是角平分线，AE是高．若∠B＝40°，∠C＝70°，则∠EAD的度数为（）
Choices:
(A) 10°
(B) 15°
(C) 17.5°
(D) 20°"
987,MathVista_MINI,180,1,410,590,"[{'original_size': (946, 338), 'target_size': (952, 336), 'patches_h': 12, 'patches_w': 34, 'total_patches': 408, 'image_tokens': 408, 'total_image_tokens': 410, 'patch_size': 28}]","[151644, 8948, 198, 2610, 525, 264, 10950, 17847, 13, 151645, 198, 151644, 872, 198, 151652, 151655, 151653, 26987, 25, 5209, 4226, 279, 3405, 22703, 458, 7546, 4226, 323, 3410, 279, 1590, 897, 11, 384, 1302, 2572, 220, 16, 11, 220, 17, 11, 220, 18, 11, 518, 279, 835, 624, 14582]","Hint: Please answer the question requiring an integer answer and provide the final value, e.g., 1, 2, 3, at the end.
Question: A cross-section of an airplane wing is shown. Measurements of the thickness of the wing, in centimeters, at 20-centimeter intervals are 5.8, 20.3, 26.7, 29.0, 27.6, 27.3, 23.8, 20.5, 15.1, 8.7, and 2.8. Use the Midpoint Rule to estimate the area of the wing's cross-section."
988,MathVista_MINI,87,1,218,305,"[{'original_size': (500, 333), 'target_size': (504, 336), 'patches_h': 12, 'patches_w': 18, 'total_patches': 216, 'image_tokens': 216, 'total_image_tokens': 218, 'patch_size': 28}]","[151644, 8948, 198, 2610, 525, 264, 10950, 17847, 13, 151645, 198, 151644, 872, 198, 151652, 151655, 151653, 26987, 25, 5209, 4226, 279, 3405, 22703, 458, 7546, 4226, 323, 3410, 279, 1590, 897, 11, 384, 1302, 2572, 220, 16, 11, 220, 17, 11, 220, 18, 11, 518, 279, 835, 624, 14582]","Hint: Please answer the question requiring an integer answer and provide the final value, e.g., 1, 2, 3, at the end.
Question: What is the age gap between these two people in image? (Unit: years)"
989,MathVista_MINI,83,1,258,341,"[{'original_size': (448, 448), 'target_size': (448, 448), 'patches_h': 16, 'patches_w': 16, 'total_patches': 256, 'image_tokens': 256, 'total_image_tokens': 258, 'patch_size': 28}]","[151644, 8948, 198, 2610, 525, 264, 10950, 17847, 13, 151645, 198, 151644, 872, 198, 151652, 151655, 151653, 26987, 25, 5209, 4226, 279, 3405, 22703, 458, 7546, 4226, 323, 3410, 279, 1590, 897, 11, 384, 1302, 2572, 220, 16, 11, 220, 17, 11, 220, 18, 11, 518, 279, 835, 624, 14582]","Hint: Please answer the question requiring an integer answer and provide the final value, e.g., 1, 2, 3, at the end.
Question: How many people like the most preferred object in the whole chart?"
990,MathVista_MINI,121,1,306,427,"[{'original_size': (544, 452), 'target_size': (532, 448), 'patches_h': 16, 'patches_w': 19, 'total_patches': 304, 'image_tokens': 304, 'total_image_tokens': 306, 'patch_size': 28}]","[151644, 8948, 198, 2610, 525, 264, 10950, 17847, 13, 151645, 198, 151644, 872, 198, 151652, 151655, 151653, 26987, 25, 5209, 4226, 279, 3405, 323, 3410, 279, 4396, 2999, 6524, 11, 384, 1302, 2572, 362, 11, 425, 11, 356, 11, 422, 11, 518, 279, 835, 624, 14582, 25, 758, 57960, 347]","Hint: Please answer the question and provide the correct option letter, e.g., A, B, C, D, at the end.
Question: In $\odot S$, $m \widehat {PQR}=98$, Find $m \widehat {PQ}$.
Choices:
(A) 45
(B) 49
(C) 90
(D) 98"
991,MathVista_MINI,92,1,310,402,"[{'original_size': (616, 383), 'target_size': (616, 392), 'patches_h': 14, 'patches_w': 22, 'total_patches': 308, 'image_tokens': 308, 'total_image_tokens': 310, 'patch_size': 28}]","[151644, 8948, 198, 2610, 525, 264, 10950, 17847, 13, 151645, 198, 151644, 872, 198, 151652, 151655, 151653, 26987, 25, 5209, 4226, 279, 3405, 323, 3410, 279, 4396, 2999, 6524, 11, 384, 1302, 2572, 362, 11, 425, 11, 356, 11, 422, 11, 518, 279, 835, 624, 14582, 25, 15920, 5746, 614]","Hint: Please answer the question and provide the correct option letter, e.g., A, B, C, D, at the end.
Question: Which functions have no zeros?
Choices:
(A) green and red
(B) blue and orange
(C) purple and grey"
992,MathVista_MINI,102,1,393,495,"[{'original_size': (640, 480), 'target_size': (644, 476), 'patches_h': 17, 'patches_w': 23, 'total_patches': 391, 'image_tokens': 391, 'total_image_tokens': 393, 'patch_size': 28}]","[151644, 8948, 198, 2610, 525, 264, 10950, 17847, 13, 151645, 198, 151644, 872, 198, 151652, 151655, 151653, 26987, 25, 5209, 4226, 279, 3405, 323, 3410, 279, 4396, 2999, 6524, 11, 384, 1302, 2572, 362, 11, 425, 11, 356, 11, 422, 11, 518, 279, 835, 624, 14582, 25, 2160, 279, 1372]","Hint: Please answer the question and provide the correct option letter, e.g., A, B, C, D, at the end.
Question: Is the number of purple metallic things that are behind the small green motorbike less than the number of blue metal articulated buss?
Choices:
(A) Yes
(B) No"
993,MathVista_MINI,90,1,101,191,"[{'original_size': (320, 240), 'target_size': (308, 252), 'patches_h': 9, 'patches_w': 11, 'total_patches': 99, 'image_tokens': 99, 'total_image_tokens': 101, 'patch_size': 28}]","[151644, 8948, 198, 2610, 525, 264, 10950, 17847, 13, 151645, 198, 151644, 872, 198, 151652, 151655, 151653, 26987, 25, 5209, 4226, 279, 3405, 22703, 458, 7546, 4226, 323, 3410, 279, 1590, 897, 11, 384, 1302, 2572, 220, 16, 11, 220, 17, 11, 220, 18, 11, 518, 279, 835, 624, 14582]","Hint: Please answer the question requiring an integer answer and provide the final value, e.g., 1, 2, 3, at the end.
Question: Subtract all tiny yellow matte cylinders. Subtract all small blue rubber spheres. How many objects are left?"
994,MathVista_MINI,85,1,282,367,"[{'original_size': (548, 400), 'target_size': (560, 392), 'patches_h': 14, 'patches_w': 20, 'total_patches': 280, 'image_tokens': 280, 'total_image_tokens': 282, 'patch_size': 28}]","[151644, 8948, 198, 2610, 525, 264, 10950, 17847, 13, 151645, 198, 151644, 872, 198, 151652, 151655, 151653, 26987, 25, 5209, 4226, 279, 3405, 323, 3410, 279, 4396, 2999, 6524, 11, 384, 1302, 2572, 362, 11, 425, 11, 356, 11, 422, 11, 518, 279, 835, 624, 14582, 25, 2160, 6879, 16576]","Hint: Please answer the question and provide the correct option letter, e.g., A, B, C, D, at the end.
Question: Is Magenta greater than Web Maroon?
Choices:
(A) yes
(B) no"
995,MathVista_MINI,102,1,582,684,"[{'original_size': (800, 557), 'target_size': (812, 560), 'patches_h': 20, 'patches_w': 29, 'total_patches': 580, 'image_tokens': 580, 'total_image_tokens': 582, 'patch_size': 28}]","[151644, 8948, 198, 2610, 525, 264, 10950, 17847, 13, 151645, 198, 151644, 872, 198, 151652, 151655, 151653, 26987, 25, 5209, 4226, 279, 3405, 22703, 264, 19057, 16574, 1372, 448, 1378, 12122, 7482, 323, 3410, 279, 1590, 897, 11, 384, 1302, 2572, 220, 16, 13, 17, 18, 11, 220, 16, 13]","Hint: Please answer the question requiring a floating-point number with two decimal places and provide the final value, e.g., 1.23, 1.34, 1.45, at the end.
Question: What is the sum of the two bars in  18 to 21?"
996,MathVista_MINI,88,1,101,189,"[{'original_size': (320, 240), 'target_size': (308, 252), 'patches_h': 9, 'patches_w': 11, 'total_patches': 99, 'image_tokens': 99, 'total_image_tokens': 101, 'patch_size': 28}]","[151644, 8948, 198, 2610, 525, 264, 10950, 17847, 13, 151645, 198, 151644, 872, 198, 151652, 151655, 151653, 26987, 25, 5209, 4226, 279, 3405, 22703, 458, 7546, 4226, 323, 3410, 279, 1590, 897, 11, 384, 1302, 2572, 220, 16, 11, 220, 17, 11, 220, 18, 11, 518, 279, 835, 624, 14582]","Hint: Please answer the question requiring an integer answer and provide the final value, e.g., 1, 2, 3, at the end.
Question: Subtract all big shiny balls. Subtract all blue rubber blocks. How many objects are left?"
997,MathVista_MINI,91,1,135,226,"[{'original_size': (537, 197), 'target_size': (532, 196), 'patches_h': 7, 'patches_w': 19, 'total_patches': 133, 'image_tokens': 133, 'total_image_tokens': 135, 'patch_size': 28}]","[151644, 8948, 198, 2610, 525, 264, 10950, 17847, 13, 151645, 198, 151644, 872, 198, 151652, 151655, 151653, 26987, 25, 5209, 4226, 279, 3405, 323, 3410, 279, 4396, 2999, 6524, 11, 384, 1302, 2572, 362, 11, 425, 11, 356, 11, 422, 11, 518, 279, 835, 624, 14582, 25, 2160, 595, 87]","Hint: Please answer the question and provide the correct option letter, e.g., A, B, C, D, at the end.
Question: Is kx^2/2 larger than E at x=0?
Choices:
(A) Yes
(B) No"
998,MathVista_MINI,147,1,26,173,"[{'original_size': (181, 118), 'target_size': (168, 112), 'patches_h': 4, 'patches_w': 6, 'total_patches': 24, 'image_tokens': 24, 'total_image_tokens': 26, 'patch_size': 28}]","[151644, 8948, 198, 2610, 525, 264, 10950, 17847, 13, 151645, 198, 151644, 872, 198, 151652, 151655, 151653, 26987, 25, 5209, 4226, 279, 3405, 323, 3410, 279, 4396, 2999, 6524, 11, 384, 1302, 2572, 362, 11, 425, 11, 356, 11, 422, 11, 518, 279, 835, 624, 14582, 25, 69372, 28029, 5122]","Hint: Please answer the question and provide the correct option letter, e.g., A, B, C, D, at the end.
Question: 如图：∠AOB：∠BOC：∠COD＝2：3：4，射线OM、ON，分别平分∠AOB与∠COD，又∠MON＝84°，则∠AOB为（）
Choices:
(A) 28°
(B) 30°
(C) 32°
(D) 38°"
999,MathVista_MINI,123,1,291,414,"[{'original_size': (478, 484), 'target_size': (476, 476), 'patches_h': 17, 'patches_w': 17, 'total_patches': 289, 'image_tokens': 289, 'total_image_tokens': 291, 'patch_size': 28}]","[151644, 8948, 198, 2610, 525, 264, 10950, 17847, 13, 151645, 198, 151644, 872, 198, 151652, 151655, 151653, 26987, 25, 5209, 4226, 279, 3405, 22703, 264, 19057, 16574, 1372, 448, 825, 12122, 1992, 323, 3410, 279, 1590, 897, 11, 384, 1302, 2572, 220, 16, 13, 17, 11, 220, 16, 13, 18]","Hint: Please answer the question requiring a floating-point number with one decimal place and provide the final value, e.g., 1.2, 1.3, 1.4, at the end.
Question: The magnitude of the acceleration vector a is $10 \mathrm{~cm} / \mathrm{s}^2$. Use the figure to estimate the tangential components of $\mathbf{a}$."
1000,MathVista_MINI,89,1,101,190,"[{'original_size': (320, 240), 'target_size': (308, 252), 'patches_h': 9, 'patches_w': 11, 'total_patches': 99, 'image_tokens': 99, 'total_image_tokens': 101, 'patch_size': 28}]","[151644, 8948, 198, 2610, 525, 264, 10950, 17847, 13, 151645, 198, 151644, 872, 198, 151652, 151655, 151653, 26987, 25, 5209, 4226, 279, 3405, 22703, 458, 7546, 4226, 323, 3410, 279, 1590, 897, 11, 384, 1302, 2572, 220, 16, 11, 220, 17, 11, 220, 18, 11, 518, 279, 835, 624, 14582]","Hint: Please answer the question requiring an integer answer and provide the final value, e.g., 1, 2, 3, at the end.
Question: Subtract all brown matte cylinders. Subtract all big purple matte things. How many objects are left?"
